INSERT INTO CONTACT (Contact_id, Fname, Mname, Lname) VALUES (1, "Cindra", "Del", "Philipeaux");
INSERT INTO PHONE (Contact_id, Phone_type, Area_code, Number) VALUES (1, "Work", "575", "575-780-6421");
INSERT INTO PHONE (Contact_id, Phone_type, Area_code, Number) VALUES (1, "Cell", "732", "732-392-7165");
INSERT INTO ADDRESS (Contact_id, Address_type, Address, City, State, Zip) VALUES (1, "Work", "90103 Glacier Hill Terrace", "Plano", "Texas", "75003");
INSERT INTO CONTACT (Contact_id, Fname, Mname, Lname) VALUES (2, "Sherwood", "", "Spoerl");
INSERT INTO PHONE (Contact_id, Phone_type, Area_code, Number) VALUES (2, "Work", "526", "526-691-3663");
INSERT INTO PHONE (Contact_id, Phone_type, Area_code, Number) VALUES (2, "Cell", "907", "907-913-3698");
INSERT INTO ADDRESS (Contact_id, Address_type, Address, City, State, Zip) VALUES (2, "Work", "37 Sommers Hill", "Addison", "Texas", "75006");
INSERT INTO DATE (Contact_id, Date_type, Date) VALUES (2, "BirthDate", "1986-06-07");
INSERT INTO CONTACT (Contact_id, Fname, Mname, Lname) VALUES (3, "Crosby", "", "Seide");
INSERT INTO PHONE (Contact_id, Phone_type, Area_code, Number) VALUES (3, "Work", "470", "470-347-7202");
INSERT INTO PHONE (Contact_id, Phone_type, Area_code, Number) VALUES (3, "Cell", "637", "637-715-3867");
INSERT INTO ADDRESS (Contact_id, Address_type, Address, City, State, Zip) VALUES (2, "Work", "37 Sommers Hill", "Addison", "Texas", "75006");
INSERT INTO DATE (Contact_id, Date_type, Date) VALUES (3, "BirthDate", "1965-06-23");
INSERT INTO CONTACT (Contact_id, Fname, Mname, Lname) VALUES (4, "Hogan", "", "Spafford");
INSERT INTO PHONE (Contact_id, Phone_type, Area_code, Number) VALUES (3, "Work", "470", "470-347-7202");
INSERT INTO PHONE (Contact_id, Phone_type, Area_code, Number) VALUES (4, "Cell", "359", "359-747-1907");
INSERT INTO ADDRESS (Contact_id, Address_type, Address, City, State, Zip) VALUES (4, "Work", "3 Mccormick Parkway", "Allen", "Texas", "75008");
INSERT INTO DATE (Contact_id, Date_type, Date) VALUES (3, "BirthDate", "1965-06-23");
INSERT INTO CONTACT (Contact_id, Fname, Mname, Lname) VALUES (5, "Kenton", "Rog", "Sibbald");
INSERT INTO PHONE (Contact_id, Phone_type, Area_code, Number) VALUES (5, "Work", "672", "672-643-5210");
INSERT INTO PHONE (Contact_id, Phone_type, Area_code, Number) VALUES (5, "Cell", "543", "543-710-0843");
INSERT INTO ADDRESS (Contact_id, Address_type, Address, City, State, Zip) VALUES (5, "Work", "35836 Banding Way", "Richardson", "Texas", "75004");
INSERT INTO DATE (Contact_id, Date_type, Date) VALUES (5, "BirthDate", "1972-05-11");
INSERT INTO CONTACT (Contact_id, Fname, Mname, Lname) VALUES (6, "Brand", "Melisande", "Morkham");
INSERT INTO PHONE (Contact_id, Phone_type, Area_code, Number) VALUES (6, "Work", "935", "935-221-4565");
INSERT INTO PHONE (Contact_id, Phone_type, Area_code, Number) VALUES (6, "Cell", "227", "227-992-2900");
INSERT INTO ADDRESS (Contact_id, Address_type, Address, City, State, Zip) VALUES (6, "Work", "44 Farragut Avenue", "Addison", "Texas", "75009");
INSERT INTO DATE (Contact_id, Date_type, Date) VALUES (6, "BirthDate", "1984-08-19");
INSERT INTO CONTACT (Contact_id, Fname, Mname, Lname) VALUES (7, "Adina", "", "Richardon");
INSERT INTO PHONE (Contact_id, Phone_type, Area_code, Number) VALUES (6, "Work", "935", "935-221-4565");
INSERT INTO PHONE (Contact_id, Phone_type, Area_code, Number) VALUES (7, "Cell", "181", "181-781-9784");
INSERT INTO ADDRESS (Contact_id, Address_type, Address, City, State, Zip) VALUES (6, "Work", "44 Farragut Avenue", "Addison", "Texas", "75009");
INSERT INTO DATE (Contact_id, Date_type, Date) VALUES (6, "BirthDate", "1984-08-19");
INSERT INTO CONTACT (Contact_id, Fname, Mname, Lname) VALUES (8, "Maddalena", "Ettore", "O' Hern");
INSERT INTO PHONE (Contact_id, Phone_type, Area_code, Number) VALUES (8, "Work", "420", "420-902-8960");
INSERT INTO PHONE (Contact_id, Phone_type, Area_code, Number) VALUES (8, "Cell", "871", "871-791-7851");
INSERT INTO ADDRESS (Contact_id, Address_type, Address, City, State, Zip) VALUES (8, "Work", "363 Truax Trail", "Addison", "Texas", "75005");
INSERT INTO DATE (Contact_id, Date_type, Date) VALUES (6, "BirthDate", "1984-08-19");
INSERT INTO CONTACT (Contact_id, Fname, Mname, Lname) VALUES (9, "Claus", "", "Gensavage");
INSERT INTO PHONE (Contact_id, Phone_type, Area_code, Number) VALUES (9, "Work", "536", "536-596-8574");
INSERT INTO PHONE (Contact_id, Phone_type, Area_code, Number) VALUES (9, "Cell", "933", "933-257-7616");
INSERT INTO ADDRESS (Contact_id, Address_type, Address, City, State, Zip) VALUES (9, "Work", "17 Clyde Gallagher Alley", "Richardson", "Texas", "75007");
INSERT INTO DATE (Contact_id, Date_type, Date) VALUES (6, "BirthDate", "1984-08-19");
INSERT INTO CONTACT (Contact_id, Fname, Mname, Lname) VALUES (10, "Antonia", "", "Wolstencroft");
INSERT INTO PHONE (Contact_id, Phone_type, Area_code, Number) VALUES (10, "Work", "405", "405-746-6553");
INSERT INTO PHONE (Contact_id, Phone_type, Area_code, Number) VALUES (10, "Cell", "747", "747-303-4705");
INSERT INTO ADDRESS (Contact_id, Address_type, Address, City, State, Zip) VALUES (10, "Home", "6687 Dottie Plaza", "Richardson", "Texas", "75027");
INSERT INTO DATE (Contact_id, Date_type, Date) VALUES (6, "BirthDate", "1984-08-19");
INSERT INTO CONTACT (Contact_id, Fname, Mname, Lname) VALUES (11, "Doll", "Cristy", "Kill");
INSERT INTO PHONE (Contact_id, Phone_type, Area_code, Number) VALUES (11, "Home", "790", "790-832-4539");
INSERT INTO PHONE (Contact_id, Phone_type, Area_code, Number) VALUES (11, "Cell", "423", "423-257-0444");
INSERT INTO ADDRESS (Contact_id, Address_type, Address, City, State, Zip) VALUES (11, "Home", "8 Luster Terrace", "Dallas", "Texas", "75059");
INSERT INTO DATE (Contact_id, Date_type, Date) VALUES (11, "BirthDate", "1987-05-13");
INSERT INTO CONTACT (Contact_id, Fname, Mname, Lname) VALUES (12, "Maritsa", "Priscilla", "Tinsey");
INSERT INTO PHONE (Contact_id, Phone_type, Area_code, Number) VALUES (12, "Work", "974", "974-398-8066");
INSERT INTO PHONE (Contact_id, Phone_type, Area_code, Number) VALUES (12, "Cell", "537", "537-987-3004");
INSERT INTO ADDRESS (Contact_id, Address_type, Address, City, State, Zip) VALUES (11, "Home", "8 Luster Terrace", "Dallas", "Texas", "75059");
INSERT INTO DATE (Contact_id, Date_type, Date) VALUES (12, "BirthDate", "1994-09-15");
INSERT INTO CONTACT (Contact_id, Fname, Mname, Lname) VALUES (13, "Ward", "Nellie", "Shackell");
INSERT INTO PHONE (Contact_id, Phone_type, Area_code, Number) VALUES (12, "Work", "974", "974-398-8066");
INSERT INTO PHONE (Contact_id, Phone_type, Area_code, Number) VALUES (13, "Cell", "994", "994-189-5386");
INSERT INTO ADDRESS (Contact_id, Address_type, Address, City, State, Zip) VALUES (13, "Work", "8705 West Junction", "Addison", "Texas", "75008");
INSERT INTO DATE (Contact_id, Date_type, Date) VALUES (13, "BirthDate", "1974-11-26");
INSERT INTO CONTACT (Contact_id, Fname, Mname, Lname) VALUES (14, "Cybill", "Sissie", "Ratazzi");
INSERT INTO PHONE (Contact_id, Phone_type, Area_code, Number) VALUES (14, "Home", "454", "454-730-8259");
INSERT INTO PHONE (Contact_id, Phone_type, Area_code, Number) VALUES (14, "Cell", "223", "223-746-7737");
INSERT INTO ADDRESS (Contact_id, Address_type, Address, City, State, Zip) VALUES (14, "Home", "79254 Pond Center", "Dallas", "Texas", "75083");
INSERT INTO DATE (Contact_id, Date_type, Date) VALUES (14, "BirthDate", "1993-12-01");
INSERT INTO CONTACT (Contact_id, Fname, Mname, Lname) VALUES (15, "Harriet", "Herminia", "Swin");
INSERT INTO PHONE (Contact_id, Phone_type, Area_code, Number) VALUES (15, "Work", "944", "944-146-6149");
INSERT INTO PHONE (Contact_id, Phone_type, Area_code, Number) VALUES (15, "Cell", "769", "769-740-9664");
INSERT INTO ADDRESS (Contact_id, Address_type, Address, City, State, Zip) VALUES (15, "Home", "9 Logan Parkway", "Dallas", "Texas", "75078");
INSERT INTO DATE (Contact_id, Date_type, Date) VALUES (15, "BirthDate", "1986-12-30");
INSERT INTO CONTACT (Contact_id, Fname, Mname, Lname) VALUES (16, "Homerus", "", "Dugood");
INSERT INTO PHONE (Contact_id, Phone_type, Area_code, Number) VALUES (16, "Work", "100", "100-718-3343");
INSERT INTO PHONE (Contact_id, Phone_type, Area_code, Number) VALUES (16, "Cell", "275", "275-477-5499");
INSERT INTO ADDRESS (Contact_id, Address_type, Address, City, State, Zip) VALUES (16, "Home", "65052 Heath Point", "Plano", "Texas", "75046");
INSERT INTO DATE (Contact_id, Date_type, Date) VALUES (15, "BirthDate", "1986-12-30");
INSERT INTO CONTACT (Contact_id, Fname, Mname, Lname) VALUES (17, "Reuven", "", "Capstaff");
INSERT INTO PHONE (Contact_id, Phone_type, Area_code, Number) VALUES (17, "Home", "804", "804-209-6009");
INSERT INTO PHONE (Contact_id, Phone_type, Area_code, Number) VALUES (17, "Cell", "272", "272-367-4116");
INSERT INTO ADDRESS (Contact_id, Address_type, Address, City, State, Zip) VALUES (17, "Work", "3522 Butternut Place", "Plano", "Texas", "75001");
INSERT INTO DATE (Contact_id, Date_type, Date) VALUES (15, "BirthDate", "1986-12-30");
INSERT INTO CONTACT (Contact_id, Fname, Mname, Lname) VALUES (18, "Lilian", "", "Perrin");
INSERT INTO PHONE (Contact_id, Phone_type, Area_code, Number) VALUES (18, "Work", "725", "725-135-7813");
INSERT INTO PHONE (Contact_id, Phone_type, Area_code, Number) VALUES (18, "Cell", "770", "770-282-5502");
INSERT INTO ADDRESS (Contact_id, Address_type, Address, City, State, Zip) VALUES (18, "Home", "8 Fuller Road", "Addison", "Texas", "75088");
INSERT INTO DATE (Contact_id, Date_type, Date) VALUES (15, "BirthDate", "1986-12-30");
INSERT INTO CONTACT (Contact_id, Fname, Mname, Lname) VALUES (19, "Dorey", "Katheryn", "Seamons");
INSERT INTO PHONE (Contact_id, Phone_type, Area_code, Number) VALUES (19, "Work", "373", "373-829-6128");
INSERT INTO PHONE (Contact_id, Phone_type, Area_code, Number) VALUES (19, "Cell", "131", "131-155-6846");
INSERT INTO ADDRESS (Contact_id, Address_type, Address, City, State, Zip) VALUES (19, "Home", "1961 Division Hill", "Addison", "Texas", "");
INSERT INTO DATE (Contact_id, Date_type, Date) VALUES (15, "BirthDate", "1986-12-30");
INSERT INTO CONTACT (Contact_id, Fname, Mname, Lname) VALUES (20, "Emmie", "Bennie", "Dust");
INSERT INTO PHONE (Contact_id, Phone_type, Area_code, Number) VALUES (20, "Work", "205", "205-867-7790");
INSERT INTO PHONE (Contact_id, Phone_type, Area_code, Number) VALUES (20, "Cell", "452", "452-967-2050");
INSERT INTO ADDRESS (Contact_id, Address_type, Address, City, State, Zip) VALUES (20, "Work", "51819 Donald Trail", "Richardson", "Texas", "75002");
INSERT INTO DATE (Contact_id, Date_type, Date) VALUES (15, "BirthDate", "1986-12-30");
INSERT INTO CONTACT (Contact_id, Fname, Mname, Lname) VALUES (21, "Palm", "", "Tuhy");
INSERT INTO PHONE (Contact_id, Phone_type, Area_code, Number) VALUES (21, "Work", "136", "136-209-9292");
INSERT INTO PHONE (Contact_id, Phone_type, Area_code, Number) VALUES (21, "Cell", "310", "310-517-1998");
INSERT INTO ADDRESS (Contact_id, Address_type, Address, City, State, Zip) VALUES (20, "Work", "51819 Donald Trail", "Richardson", "Texas", "75002");
INSERT INTO DATE (Contact_id, Date_type, Date) VALUES (15, "BirthDate", "1986-12-30");
INSERT INTO CONTACT (Contact_id, Fname, Mname, Lname) VALUES (22, "Jakie", "Eddy", "Muehle");
INSERT INTO PHONE (Contact_id, Phone_type, Area_code, Number) VALUES (22, "Work", "732", "732-735-8158");
INSERT INTO PHONE (Contact_id, Phone_type, Area_code, Number) VALUES (22, "Cell", "905", "905-442-0240");
INSERT INTO ADDRESS (Contact_id, Address_type, Address, City, State, Zip) VALUES (22, "Work", "3715 Muir Park", "Dallas", "Texas", "75005");
INSERT INTO DATE (Contact_id, Date_type, Date) VALUES (15, "BirthDate", "1986-12-30");
INSERT INTO CONTACT (Contact_id, Fname, Mname, Lname) VALUES (23, "Torin", "", "McHaffy");
INSERT INTO PHONE (Contact_id, Phone_type, Area_code, Number) VALUES (23, "Home", "234", "234-782-3406");
INSERT INTO PHONE (Contact_id, Phone_type, Area_code, Number) VALUES (23, "Cell", "886", "886-702-1908");
INSERT INTO ADDRESS (Contact_id, Address_type, Address, City, State, Zip) VALUES (23, "Work", "4 Emmet Junction", "Plano", "Texas", "75004");
INSERT INTO DATE (Contact_id, Date_type, Date) VALUES (23, "BirthDate", "1986-06-11");
INSERT INTO CONTACT (Contact_id, Fname, Mname, Lname) VALUES (24, "Bjorn", "", "Crathorne");
INSERT INTO PHONE (Contact_id, Phone_type, Area_code, Number) VALUES (24, "Work", "364", "364-839-7318");
INSERT INTO PHONE (Contact_id, Phone_type, Area_code, Number) VALUES (24, "Cell", "562", "562-617-1312");
INSERT INTO ADDRESS (Contact_id, Address_type, Address, City, State, Zip) VALUES (23, "Work", "4 Emmet Junction", "Plano", "Texas", "75004");
INSERT INTO DATE (Contact_id, Date_type, Date) VALUES (24, "BirthDate", "1996-04-27");
INSERT INTO CONTACT (Contact_id, Fname, Mname, Lname) VALUES (25, "Mariana", "Ebenezer", "Titmarsh");
INSERT INTO PHONE (Contact_id, Phone_type, Area_code, Number) VALUES (25, "Work", "754", "754-815-2133");
INSERT INTO PHONE (Contact_id, Phone_type, Area_code, Number) VALUES (25, "Cell", "873", "873-511-6075");
INSERT INTO ADDRESS (Contact_id, Address_type, Address, City, State, Zip) VALUES (25, "Work", "2 Lillian Drive", "Addison", "Texas", "75001");
INSERT INTO DATE (Contact_id, Date_type, Date) VALUES (25, "BirthDate", "1979-12-31");
INSERT INTO CONTACT (Contact_id, Fname, Mname, Lname) VALUES (26, "Clemmy", "", "Widdup");
INSERT INTO PHONE (Contact_id, Phone_type, Area_code, Number) VALUES (25, "Work", "754", "754-815-2133");
INSERT INTO PHONE (Contact_id, Phone_type, Area_code, Number) VALUES (26, "Cell", "826", "826-297-4157");
INSERT INTO ADDRESS (Contact_id, Address_type, Address, City, State, Zip) VALUES (26, "Work", "6 Michigan Pass", "Dallas", "Texas", "75004");
INSERT INTO DATE (Contact_id, Date_type, Date) VALUES (26, "BirthDate", "1994-02-25");
INSERT INTO CONTACT (Contact_id, Fname, Mname, Lname) VALUES (27, "Darrell", "Egon", "Lokier");
INSERT INTO PHONE (Contact_id, Phone_type, Area_code, Number) VALUES (27, "Work", "205", "205-324-5139");
INSERT INTO PHONE (Contact_id, Phone_type, Area_code, Number) VALUES (27, "Cell", "770", "770-453-6125");
INSERT INTO ADDRESS (Contact_id, Address_type, Address, City, State, Zip) VALUES (27, "Work", "2408 Riverside Parkway", "Plano", "Texas", "75007");
INSERT INTO DATE (Contact_id, Date_type, Date) VALUES (27, "BirthDate", "1979-06-09");
INSERT INTO CONTACT (Contact_id, Fname, Mname, Lname) VALUES (28, "Thornton", "", "Kennaird");
INSERT INTO PHONE (Contact_id, Phone_type, Area_code, Number) VALUES (28, "Work", "742", "742-339-9060");
INSERT INTO PHONE (Contact_id, Phone_type, Area_code, Number) VALUES (28, "Cell", "806", "806-105-9954");
INSERT INTO ADDRESS (Contact_id, Address_type, Address, City, State, Zip) VALUES (28, "Home", "250 2nd Drive", "Richardson", "Texas", "");
INSERT INTO DATE (Contact_id, Date_type, Date) VALUES (28, "BirthDate", "1978-11-06");
INSERT INTO CONTACT (Contact_id, Fname, Mname, Lname) VALUES (29, "Philip", "Jaquith", "Edworthye");
INSERT INTO PHONE (Contact_id, Phone_type, Area_code, Number) VALUES (29, "Work", "570", "570-895-9983");
INSERT INTO PHONE (Contact_id, Phone_type, Area_code, Number) VALUES (29, "Cell", "899", "899-522-4338");
INSERT INTO ADDRESS (Contact_id, Address_type, Address, City, State, Zip) VALUES (29, "Home", "85701 Basil Road", "Allen", "Texas", "75004");
INSERT INTO DATE (Contact_id, Date_type, Date) VALUES (28, "BirthDate", "1978-11-06");
INSERT INTO CONTACT (Contact_id, Fname, Mname, Lname) VALUES (30, "Dud", "", "Harvison");
INSERT INTO PHONE (Contact_id, Phone_type, Area_code, Number) VALUES (30, "Home", "744", "744-544-2543");
INSERT INTO PHONE (Contact_id, Phone_type, Area_code, Number) VALUES (30, "Cell", "993", "993-228-0137");
INSERT INTO ADDRESS (Contact_id, Address_type, Address, City, State, Zip) VALUES (30, "Home", "23 Kings Lane", "Plano", "Texas", "75086");
INSERT INTO DATE (Contact_id, Date_type, Date) VALUES (30, "BirthDate", "1974-09-21");
INSERT INTO CONTACT (Contact_id, Fname, Mname, Lname) VALUES (31, "Marcia", "Etheline", "Godwin");
INSERT INTO PHONE (Contact_id, Phone_type, Area_code, Number) VALUES (31, "Work", "612", "612-222-9943");
INSERT INTO PHONE (Contact_id, Phone_type, Area_code, Number) VALUES (31, "Cell", "939", "939-693-0069");
INSERT INTO ADDRESS (Contact_id, Address_type, Address, City, State, Zip) VALUES (31, "Work", "81910 Towne Hill", "Plano", "Texas", "75007");
INSERT INTO DATE (Contact_id, Date_type, Date) VALUES (30, "BirthDate", "1974-09-21");
INSERT INTO CONTACT (Contact_id, Fname, Mname, Lname) VALUES (32, "Marilyn", "Andra", "McKinney");
INSERT INTO PHONE (Contact_id, Phone_type, Area_code, Number) VALUES (32, "Home", "742", "742-302-1759");
INSERT INTO PHONE (Contact_id, Phone_type, Area_code, Number) VALUES (32, "Cell", "330", "330-860-4567");
INSERT INTO ADDRESS (Contact_id, Address_type, Address, City, State, Zip) VALUES (32, "Home", "504 Bayside Pass", "Dallas", "Texas", "75060");
INSERT INTO DATE (Contact_id, Date_type, Date) VALUES (32, "BirthDate", "1971-12-02");
INSERT INTO CONTACT (Contact_id, Fname, Mname, Lname) VALUES (33, "Marget", "", "Stoller");
INSERT INTO PHONE (Contact_id, Phone_type, Area_code, Number) VALUES (33, "Work", "555", "555-996-6608");
INSERT INTO PHONE (Contact_id, Phone_type, Area_code, Number) VALUES (32, "Cell", "330", "330-860-4567");
INSERT INTO ADDRESS (Contact_id, Address_type, Address, City, State, Zip) VALUES (32, "Home", "504 Bayside Pass", "Dallas", "Texas", "75060");
INSERT INTO DATE (Contact_id, Date_type, Date) VALUES (32, "BirthDate", "1971-12-02");
INSERT INTO CONTACT (Contact_id, Fname, Mname, Lname) VALUES (34, "Lemmie", "", "Strowther");
INSERT INTO PHONE (Contact_id, Phone_type, Area_code, Number) VALUES (34, "Work", "955", "955-258-7776");
INSERT INTO PHONE (Contact_id, Phone_type, Area_code, Number) VALUES (34, "Cell", "189", "189-158-2552");
INSERT INTO ADDRESS (Contact_id, Address_type, Address, City, State, Zip) VALUES (34, "Work", "2 Farwell Park", "Allen", "Texas", "75008");
INSERT INTO DATE (Contact_id, Date_type, Date) VALUES (34, "BirthDate", "1970-03-31");
INSERT INTO CONTACT (Contact_id, Fname, Mname, Lname) VALUES (35, "Giorgi", "", "Di Biaggi");
INSERT INTO PHONE (Contact_id, Phone_type, Area_code, Number) VALUES (35, "Home", "656", "656-894-9957");
INSERT INTO PHONE (Contact_id, Phone_type, Area_code, Number) VALUES (35, "Cell", "929", "929-650-9987");
INSERT INTO ADDRESS (Contact_id, Address_type, Address, City, State, Zip) VALUES (35, "Work", "5031 Service Trail", "Dallas", "Texas", "75003");
INSERT INTO DATE (Contact_id, Date_type, Date) VALUES (34, "BirthDate", "1970-03-31");
INSERT INTO CONTACT (Contact_id, Fname, Mname, Lname) VALUES (36, "Robyn", "Gillan", "Salvati");
INSERT INTO PHONE (Contact_id, Phone_type, Area_code, Number) VALUES (36, "Work", "844", "844-442-7505");
INSERT INTO PHONE (Contact_id, Phone_type, Area_code, Number) VALUES (36, "Cell", "713", "713-373-4369");
INSERT INTO ADDRESS (Contact_id, Address_type, Address, City, State, Zip) VALUES (36, "Work", "1096 5th Drive", "Richardson", "Texas", "75008");
INSERT INTO DATE (Contact_id, Date_type, Date) VALUES (36, "BirthDate", "1981-02-06");
INSERT INTO CONTACT (Contact_id, Fname, Mname, Lname) VALUES (37, "Jarrad", "Ketti", "Cattonnet");
INSERT INTO PHONE (Contact_id, Phone_type, Area_code, Number) VALUES (37, "Work", "222", "222-834-2561");
INSERT INTO PHONE (Contact_id, Phone_type, Area_code, Number) VALUES (37, "Cell", "708", "708-580-5566");
INSERT INTO ADDRESS (Contact_id, Address_type, Address, City, State, Zip) VALUES (37, "Home", "660 Truax Way", "Dallas", "Texas", "75037");
INSERT INTO DATE (Contact_id, Date_type, Date) VALUES (37, "BirthDate", "1966-09-21");
INSERT INTO CONTACT (Contact_id, Fname, Mname, Lname) VALUES (38, "Valeria", "", "Dillingston");
INSERT INTO PHONE (Contact_id, Phone_type, Area_code, Number) VALUES (38, "Work", "277", "277-275-7948");
INSERT INTO PHONE (Contact_id, Phone_type, Area_code, Number) VALUES (38, "Cell", "544", "544-254-3783");
INSERT INTO ADDRESS (Contact_id, Address_type, Address, City, State, Zip) VALUES (38, "Home", "75903 Linden Circle", "Plano", "Texas", "75045");
INSERT INTO DATE (Contact_id, Date_type, Date) VALUES (37, "BirthDate", "1966-09-21");
INSERT INTO CONTACT (Contact_id, Fname, Mname, Lname) VALUES (39, "Regina", "Lexis", "Emlyn");
INSERT INTO PHONE (Contact_id, Phone_type, Area_code, Number) VALUES (39, "Work", "337", "337-587-0981");
INSERT INTO PHONE (Contact_id, Phone_type, Area_code, Number) VALUES (39, "Cell", "918", "918-967-1567");
INSERT INTO ADDRESS (Contact_id, Address_type, Address, City, State, Zip) VALUES (39, "Work", "868 Continental Road", "Plano", "Texas", "75005");
INSERT INTO DATE (Contact_id, Date_type, Date) VALUES (37, "BirthDate", "1966-09-21");
INSERT INTO CONTACT (Contact_id, Fname, Mname, Lname) VALUES (40, "Merrile", "", "Danielsky");
INSERT INTO PHONE (Contact_id, Phone_type, Area_code, Number) VALUES (40, "Work", "147", "147-887-5649");
INSERT INTO PHONE (Contact_id, Phone_type, Area_code, Number) VALUES (40, "Cell", "441", "441-572-3400");
INSERT INTO ADDRESS (Contact_id, Address_type, Address, City, State, Zip) VALUES (40, "Work", "66986 Vidon Trail", "Richardson", "Texas", "75003");
INSERT INTO DATE (Contact_id, Date_type, Date) VALUES (40, "BirthDate", "1989-08-18");
INSERT INTO CONTACT (Contact_id, Fname, Mname, Lname) VALUES (41, "Rozelle", "", "Patington");
INSERT INTO PHONE (Contact_id, Phone_type, Area_code, Number) VALUES (41, "Home", "955", "955-332-1578");
INSERT INTO PHONE (Contact_id, Phone_type, Area_code, Number) VALUES (41, "Cell", "798", "798-797-3341");
INSERT INTO ADDRESS (Contact_id, Address_type, Address, City, State, Zip) VALUES (41, "Work", "8 Luster Circle", "Addison", "Texas", "75004");
INSERT INTO DATE (Contact_id, Date_type, Date) VALUES (40, "BirthDate", "1989-08-18");
INSERT INTO CONTACT (Contact_id, Fname, Mname, Lname) VALUES (42, "Susi", "Salomone", "Spurritt");
INSERT INTO PHONE (Contact_id, Phone_type, Area_code, Number) VALUES (41, "Home", "955", "955-332-1578");
INSERT INTO PHONE (Contact_id, Phone_type, Area_code, Number) VALUES (42, "Cell", "519", "519-774-5168");
INSERT INTO ADDRESS (Contact_id, Address_type, Address, City, State, Zip) VALUES (42, "Work", "97544 Arizona Crossing", "Allen", "Texas", "75001");
INSERT INTO DATE (Contact_id, Date_type, Date) VALUES (42, "BirthDate", "1978-06-16");
INSERT INTO CONTACT (Contact_id, Fname, Mname, Lname) VALUES (43, "Dorena", "Allayne", "Heathcott");
INSERT INTO PHONE (Contact_id, Phone_type, Area_code, Number) VALUES (43, "Work", "346", "346-177-2480");
INSERT INTO PHONE (Contact_id, Phone_type, Area_code, Number) VALUES (43, "Cell", "808", "808-824-0672");
INSERT INTO ADDRESS (Contact_id, Address_type, Address, City, State, Zip) VALUES (43, "Work", "3 5th Junction", "Dallas", "Texas", "75008");
INSERT INTO DATE (Contact_id, Date_type, Date) VALUES (43, "BirthDate", "1979-12-24");
INSERT INTO CONTACT (Contact_id, Fname, Mname, Lname) VALUES (44, "Marita", "", "Macallam");
INSERT INTO PHONE (Contact_id, Phone_type, Area_code, Number) VALUES (44, "Work", "504", "504-702-5753");
INSERT INTO PHONE (Contact_id, Phone_type, Area_code, Number) VALUES (44, "Cell", "584", "584-539-0112");
INSERT INTO ADDRESS (Contact_id, Address_type, Address, City, State, Zip) VALUES (44, "Home", "9274 Spohn Hill", "Dallas", "Texas", "75041");
INSERT INTO DATE (Contact_id, Date_type, Date) VALUES (44, "BirthDate", "1981-06-05");
INSERT INTO CONTACT (Contact_id, Fname, Mname, Lname) VALUES (45, "Donaugh", "Sorcha", "Grimsdike");
INSERT INTO PHONE (Contact_id, Phone_type, Area_code, Number) VALUES (45, "Work", "335", "335-829-3422");
INSERT INTO PHONE (Contact_id, Phone_type, Area_code, Number) VALUES (45, "Cell", "398", "398-879-3327");
INSERT INTO ADDRESS (Contact_id, Address_type, Address, City, State, Zip) VALUES (45, "Home", "34 Northfield Plaza", "Dallas", "Texas", "75061");
INSERT INTO DATE (Contact_id, Date_type, Date) VALUES (45, "BirthDate", "1983-05-07");
INSERT INTO CONTACT (Contact_id, Fname, Mname, Lname) VALUES (46, "Concordia", "Ingamar", "Michurin");
INSERT INTO PHONE (Contact_id, Phone_type, Area_code, Number) VALUES (46, "Work", "310", "310-276-0552");
INSERT INTO PHONE (Contact_id, Phone_type, Area_code, Number) VALUES (46, "Cell", "930", "930-819-8669");
INSERT INTO ADDRESS (Contact_id, Address_type, Address, City, State, Zip) VALUES (46, "Work", "08 Everett Crossing", "Plano", "Texas", "75005");
INSERT INTO DATE (Contact_id, Date_type, Date) VALUES (46, "BirthDate", "1966-11-11");
INSERT INTO CONTACT (Contact_id, Fname, Mname, Lname) VALUES (47, "Lydia", "Elnar", "Shermore");
INSERT INTO PHONE (Contact_id, Phone_type, Area_code, Number) VALUES (47, "Work", "619", "619-706-2111");
INSERT INTO PHONE (Contact_id, Phone_type, Area_code, Number) VALUES (47, "Cell", "146", "146-300-8184");
INSERT INTO ADDRESS (Contact_id, Address_type, Address, City, State, Zip) VALUES (47, "Work", "394 Mayfield Drive", "Plano", "Texas", "75002");
INSERT INTO DATE (Contact_id, Date_type, Date) VALUES (47, "BirthDate", "1969-08-06");
INSERT INTO CONTACT (Contact_id, Fname, Mname, Lname) VALUES (48, "Jandy", "", "Kerans");
INSERT INTO PHONE (Contact_id, Phone_type, Area_code, Number) VALUES (48, "Work", "767", "767-102-8784");
INSERT INTO PHONE (Contact_id, Phone_type, Area_code, Number) VALUES (48, "Cell", "637", "637-650-0978");
INSERT INTO ADDRESS (Contact_id, Address_type, Address, City, State, Zip) VALUES (47, "Work", "394 Mayfield Drive", "Plano", "Texas", "75002");
INSERT INTO DATE (Contact_id, Date_type, Date) VALUES (48, "BirthDate", "1964-02-15");
INSERT INTO CONTACT (Contact_id, Fname, Mname, Lname) VALUES (49, "Mirella", "Truda", "Cowwell");
INSERT INTO PHONE (Contact_id, Phone_type, Area_code, Number) VALUES (49, "Home", "453", "453-222-0717");
INSERT INTO PHONE (Contact_id, Phone_type, Area_code, Number) VALUES (48, "Cell", "637", "637-650-0978");
INSERT INTO ADDRESS (Contact_id, Address_type, Address, City, State, Zip) VALUES (49, "Work", "7 Talisman Alley", "Allen", "Texas", "75004");
INSERT INTO DATE (Contact_id, Date_type, Date) VALUES (49, "BirthDate", "1965-03-09");
INSERT INTO CONTACT (Contact_id, Fname, Mname, Lname) VALUES (50, "Missie", "Daron", "Binner");
INSERT INTO PHONE (Contact_id, Phone_type, Area_code, Number) VALUES (50, "Work", "395", "395-288-3413");
INSERT INTO PHONE (Contact_id, Phone_type, Area_code, Number) VALUES (50, "Cell", "488", "488-851-7113");
INSERT INTO ADDRESS (Contact_id, Address_type, Address, City, State, Zip) VALUES (50, "Work", "3 Redwing Terrace", "Dallas", "Texas", "75006");
INSERT INTO DATE (Contact_id, Date_type, Date) VALUES (50, "BirthDate", "1991-09-13");
INSERT INTO CONTACT (Contact_id, Fname, Mname, Lname) VALUES (51, "Ryley", "Rog", "Spilsted");
INSERT INTO PHONE (Contact_id, Phone_type, Area_code, Number) VALUES (51, "Work", "411", "411-205-9343");
INSERT INTO PHONE (Contact_id, Phone_type, Area_code, Number) VALUES (51, "Cell", "771", "771-812-0449");
INSERT INTO ADDRESS (Contact_id, Address_type, Address, City, State, Zip) VALUES (51, "Work", "33 Melby Park", "Allen", "Texas", "75003");
INSERT INTO DATE (Contact_id, Date_type, Date) VALUES (50, "BirthDate", "1991-09-13");
INSERT INTO CONTACT (Contact_id, Fname, Mname, Lname) VALUES (52, "Sarina", "", "Alvarado");
INSERT INTO PHONE (Contact_id, Phone_type, Area_code, Number) VALUES (52, "Work", "709", "709-745-0219");
INSERT INTO PHONE (Contact_id, Phone_type, Area_code, Number) VALUES (52, "Cell", "258", "258-263-5860");
INSERT INTO ADDRESS (Contact_id, Address_type, Address, City, State, Zip) VALUES (52, "Home", "1330 Thackeray Junction", "Plano", "Texas", "75002");
INSERT INTO DATE (Contact_id, Date_type, Date) VALUES (52, "BirthDate", "1977-02-17");
INSERT INTO CONTACT (Contact_id, Fname, Mname, Lname) VALUES (53, "Johnnie", "Wolfgang", "Walbrun");
INSERT INTO PHONE (Contact_id, Phone_type, Area_code, Number) VALUES (53, "Work", "575", "575-701-3295");
INSERT INTO PHONE (Contact_id, Phone_type, Area_code, Number) VALUES (53, "Cell", "378", "378-873-6862");
INSERT INTO ADDRESS (Contact_id, Address_type, Address, City, State, Zip) VALUES (53, "Home", "70 Gina Point", "Richardson", "Texas", "");
INSERT INTO DATE (Contact_id, Date_type, Date) VALUES (52, "BirthDate", "1977-02-17");
INSERT INTO CONTACT (Contact_id, Fname, Mname, Lname) VALUES (54, "Geri", "", "Chaundy");
INSERT INTO PHONE (Contact_id, Phone_type, Area_code, Number) VALUES (53, "Work", "575", "575-701-3295");
INSERT INTO PHONE (Contact_id, Phone_type, Area_code, Number) VALUES (54, "Cell", "125", "125-655-6551");
INSERT INTO ADDRESS (Contact_id, Address_type, Address, City, State, Zip) VALUES (54, "Home", "0 Golf View Plaza", "Dallas", "Texas", "75095");
INSERT INTO DATE (Contact_id, Date_type, Date) VALUES (54, "BirthDate", "1969-05-11");
INSERT INTO CONTACT (Contact_id, Fname, Mname, Lname) VALUES (55, "Regan", "", "Holson");
INSERT INTO PHONE (Contact_id, Phone_type, Area_code, Number) VALUES (55, "Work", "749", "749-296-8636");
INSERT INTO PHONE (Contact_id, Phone_type, Area_code, Number) VALUES (55, "Cell", "320", "320-344-7502");
INSERT INTO ADDRESS (Contact_id, Address_type, Address, City, State, Zip) VALUES (55, "Work", "9562 Northfield Park", "Plano", "Texas", "75009");
INSERT INTO DATE (Contact_id, Date_type, Date) VALUES (54, "BirthDate", "1969-05-11");
INSERT INTO CONTACT (Contact_id, Fname, Mname, Lname) VALUES (56, "Callida", "Wells", "Knappen");
INSERT INTO PHONE (Contact_id, Phone_type, Area_code, Number) VALUES (56, "Work", "920", "920-329-4108");
INSERT INTO PHONE (Contact_id, Phone_type, Area_code, Number) VALUES (56, "Cell", "614", "614-951-1081");
INSERT INTO ADDRESS (Contact_id, Address_type, Address, City, State, Zip) VALUES (56, "Work", "853 Mayfield Place", "Allen", "Texas", "75005");
INSERT INTO DATE (Contact_id, Date_type, Date) VALUES (56, "BirthDate", "1967-11-07");
INSERT INTO CONTACT (Contact_id, Fname, Mname, Lname) VALUES (57, "Barnard", "Dian", "Wellbelove");
INSERT INTO PHONE (Contact_id, Phone_type, Area_code, Number) VALUES (57, "Home", "324", "324-319-1885");
INSERT INTO PHONE (Contact_id, Phone_type, Area_code, Number) VALUES (57, "Cell", "158", "158-791-4110");
INSERT INTO ADDRESS (Contact_id, Address_type, Address, City, State, Zip) VALUES (57, "Home", "589 Mccormick Parkway", "Dallas", "Texas", "75067");
INSERT INTO DATE (Contact_id, Date_type, Date) VALUES (56, "BirthDate", "1967-11-07");
INSERT INTO CONTACT (Contact_id, Fname, Mname, Lname) VALUES (58, "Lulu", "Oliviero", "Souness");
INSERT INTO PHONE (Contact_id, Phone_type, Area_code, Number) VALUES (58, "Work", "755", "755-534-1340");
INSERT INTO PHONE (Contact_id, Phone_type, Area_code, Number) VALUES (58, "Cell", "502", "502-272-1989");
INSERT INTO ADDRESS (Contact_id, Address_type, Address, City, State, Zip) VALUES (58, "Work", "65588 Claremont Plaza", "Plano", "Texas", "75001");
INSERT INTO DATE (Contact_id, Date_type, Date) VALUES (58, "BirthDate", "1995-04-04");
INSERT INTO CONTACT (Contact_id, Fname, Mname, Lname) VALUES (59, "Osmond", "", "Braniff");
INSERT INTO PHONE (Contact_id, Phone_type, Area_code, Number) VALUES (59, "Work", "775", "775-391-2049");
INSERT INTO PHONE (Contact_id, Phone_type, Area_code, Number) VALUES (59, "Cell", "743", "743-364-4750");
INSERT INTO ADDRESS (Contact_id, Address_type, Address, City, State, Zip) VALUES (59, "Work", "8 Kings Crossing", "Allen", "Texas", "75004");
INSERT INTO DATE (Contact_id, Date_type, Date) VALUES (58, "BirthDate", "1995-04-04");
INSERT INTO CONTACT (Contact_id, Fname, Mname, Lname) VALUES (60, "Maximilien", "", "Martensen");
INSERT INTO PHONE (Contact_id, Phone_type, Area_code, Number) VALUES (60, "Work", "992", "992-279-8238");
INSERT INTO PHONE (Contact_id, Phone_type, Area_code, Number) VALUES (60, "Cell", "801", "801-995-3628");
INSERT INTO ADDRESS (Contact_id, Address_type, Address, City, State, Zip) VALUES (60, "Home", "99687 Jenna Circle", "Richardson", "Texas", "75016");
INSERT INTO DATE (Contact_id, Date_type, Date) VALUES (60, "BirthDate", "1974-07-09");
INSERT INTO CONTACT (Contact_id, Fname, Mname, Lname) VALUES (61, "Pietrek", "Winston", "Borgars");
INSERT INTO PHONE (Contact_id, Phone_type, Area_code, Number) VALUES (61, "Work", "685", "685-481-0480");
INSERT INTO PHONE (Contact_id, Phone_type, Area_code, Number) VALUES (61, "Cell", "978", "978-461-6856");
INSERT INTO ADDRESS (Contact_id, Address_type, Address, City, State, Zip) VALUES (61, "Work", "4 Saint Paul Junction", "Dallas", "Texas", "75006");
INSERT INTO DATE (Contact_id, Date_type, Date) VALUES (60, "BirthDate", "1974-07-09");
INSERT INTO CONTACT (Contact_id, Fname, Mname, Lname) VALUES (62, "Vanya", "", "Capelen");
INSERT INTO PHONE (Contact_id, Phone_type, Area_code, Number) VALUES (61, "Work", "685", "685-481-0480");
INSERT INTO PHONE (Contact_id, Phone_type, Area_code, Number) VALUES (62, "Cell", "791", "791-162-2031");
INSERT INTO ADDRESS (Contact_id, Address_type, Address, City, State, Zip) VALUES (62, "Work", "095 Hagan Center", "Plano", "Texas", "75003");
INSERT INTO DATE (Contact_id, Date_type, Date) VALUES (62, "BirthDate", "1964-03-21");
INSERT INTO CONTACT (Contact_id, Fname, Mname, Lname) VALUES (63, "Christopher", "", "Scurrah");
INSERT INTO PHONE (Contact_id, Phone_type, Area_code, Number) VALUES (63, "Home", "188", "188-450-8080");
INSERT INTO PHONE (Contact_id, Phone_type, Area_code, Number) VALUES (63, "Cell", "968", "968-277-3614");
INSERT INTO ADDRESS (Contact_id, Address_type, Address, City, State, Zip) VALUES (62, "Work", "095 Hagan Center", "Plano", "Texas", "75003");
INSERT INTO DATE (Contact_id, Date_type, Date) VALUES (63, "BirthDate", "1977-02-02");
INSERT INTO CONTACT (Contact_id, Fname, Mname, Lname) VALUES (64, "Neilla", "Kissiah", "Nel");
INSERT INTO PHONE (Contact_id, Phone_type, Area_code, Number) VALUES (64, "Work", "834", "834-909-1478");
INSERT INTO PHONE (Contact_id, Phone_type, Area_code, Number) VALUES (64, "Cell", "798", "798-873-9529");
INSERT INTO ADDRESS (Contact_id, Address_type, Address, City, State, Zip) VALUES (64, "Work", "00 Haas Road", "Allen", "Texas", "75009");
INSERT INTO DATE (Contact_id, Date_type, Date) VALUES (64, "BirthDate", "1985-02-07");
INSERT INTO CONTACT (Contact_id, Fname, Mname, Lname) VALUES (65, "Evan", "Sigismond", "Critchlow");
INSERT INTO PHONE (Contact_id, Phone_type, Area_code, Number) VALUES (65, "Home", "758", "758-101-8619");
INSERT INTO PHONE (Contact_id, Phone_type, Area_code, Number) VALUES (65, "Cell", "288", "288-674-1492");
INSERT INTO ADDRESS (Contact_id, Address_type, Address, City, State, Zip) VALUES (65, "Work", "928 Charing Cross Alley", "Plano", "Texas", "75007");
INSERT INTO DATE (Contact_id, Date_type, Date) VALUES (65, "BirthDate", "1978-03-14");
INSERT INTO CONTACT (Contact_id, Fname, Mname, Lname) VALUES (66, "Lodovico", "", "Sheed");
INSERT INTO PHONE (Contact_id, Phone_type, Area_code, Number) VALUES (66, "Work", "712", "712-204-2142");
INSERT INTO PHONE (Contact_id, Phone_type, Area_code, Number) VALUES (66, "Cell", "334", "334-497-2608");
INSERT INTO ADDRESS (Contact_id, Address_type, Address, City, State, Zip) VALUES (66, "Work", "3682 American Road", "Richardson", "Texas", "75003");
INSERT INTO DATE (Contact_id, Date_type, Date) VALUES (65, "BirthDate", "1978-03-14");
INSERT INTO CONTACT (Contact_id, Fname, Mname, Lname) VALUES (67, "Filip", "", "Sapseed");
INSERT INTO PHONE (Contact_id, Phone_type, Area_code, Number) VALUES (67, "Work", "569", "569-828-2353");
INSERT INTO PHONE (Contact_id, Phone_type, Area_code, Number) VALUES (66, "Cell", "334", "334-497-2608");
INSERT INTO ADDRESS (Contact_id, Address_type, Address, City, State, Zip) VALUES (67, "Home", "67412 Sundown Parkway", "Addison", "Texas", "");
INSERT INTO DATE (Contact_id, Date_type, Date) VALUES (65, "BirthDate", "1978-03-14");
INSERT INTO CONTACT (Contact_id, Fname, Mname, Lname) VALUES (68, "Isiahi", "Lyman", "Hudson");
INSERT INTO PHONE (Contact_id, Phone_type, Area_code, Number) VALUES (68, "Work", "365", "365-927-9690");
INSERT INTO PHONE (Contact_id, Phone_type, Area_code, Number) VALUES (68, "Cell", "203", "203-431-4947");
INSERT INTO ADDRESS (Contact_id, Address_type, Address, City, State, Zip) VALUES (68, "Work", "23469 Annamark Center", "Richardson", "Texas", "75002");
INSERT INTO DATE (Contact_id, Date_type, Date) VALUES (68, "BirthDate", "1981-03-23");
INSERT INTO CONTACT (Contact_id, Fname, Mname, Lname) VALUES (69, "Floria", "Lianne", "Lankford");
INSERT INTO PHONE (Contact_id, Phone_type, Area_code, Number) VALUES (69, "Work", "284", "284-234-0042");
INSERT INTO PHONE (Contact_id, Phone_type, Area_code, Number) VALUES (69, "Cell", "307", "307-758-9076");
INSERT INTO ADDRESS (Contact_id, Address_type, Address, City, State, Zip) VALUES (69, "Home", "434 Farwell Plaza", "Plano", "Texas", "75059");
INSERT INTO DATE (Contact_id, Date_type, Date) VALUES (69, "BirthDate", "1994-11-15");
INSERT INTO CONTACT (Contact_id, Fname, Mname, Lname) VALUES (70, "Claudine", "Marlyn", "Lazell");
INSERT INTO PHONE (Contact_id, Phone_type, Area_code, Number) VALUES (70, "Home", "359", "359-310-9403");
INSERT INTO PHONE (Contact_id, Phone_type, Area_code, Number) VALUES (70, "Cell", "849", "849-695-9335");
INSERT INTO ADDRESS (Contact_id, Address_type, Address, City, State, Zip) VALUES (70, "Work", "455 Westend Point", "Dallas", "Texas", "75003");
INSERT INTO DATE (Contact_id, Date_type, Date) VALUES (69, "BirthDate", "1994-11-15");
INSERT INTO CONTACT (Contact_id, Fname, Mname, Lname) VALUES (71, "Marcella", "", "Hucknall");
INSERT INTO PHONE (Contact_id, Phone_type, Area_code, Number) VALUES (70, "Home", "359", "359-310-9403");
INSERT INTO PHONE (Contact_id, Phone_type, Area_code, Number) VALUES (71, "Cell", "748", "748-818-7221");
INSERT INTO ADDRESS (Contact_id, Address_type, Address, City, State, Zip) VALUES (71, "Home", "1251 Graceland Point", "Dallas", "Texas", "75051");
INSERT INTO DATE (Contact_id, Date_type, Date) VALUES (71, "BirthDate", "1992-10-03");
INSERT INTO CONTACT (Contact_id, Fname, Mname, Lname) VALUES (72, "Anastasie", "Clo", "Sellers");
INSERT INTO PHONE (Contact_id, Phone_type, Area_code, Number) VALUES (70, "Home", "359", "359-310-9403");
INSERT INTO PHONE (Contact_id, Phone_type, Area_code, Number) VALUES (72, "Cell", "697", "697-516-7673");
INSERT INTO ADDRESS (Contact_id, Address_type, Address, City, State, Zip) VALUES (71, "Home", "1251 Graceland Point", "Dallas", "Texas", "75051");
INSERT INTO DATE (Contact_id, Date_type, Date) VALUES (71, "BirthDate", "1992-10-03");
INSERT INTO CONTACT (Contact_id, Fname, Mname, Lname) VALUES (73, "Annelise", "", "Haug");
INSERT INTO PHONE (Contact_id, Phone_type, Area_code, Number) VALUES (73, "Work", "689", "689-233-6416");
INSERT INTO PHONE (Contact_id, Phone_type, Area_code, Number) VALUES (72, "Cell", "697", "697-516-7673");
INSERT INTO ADDRESS (Contact_id, Address_type, Address, City, State, Zip) VALUES (73, "Work", "9 Mandrake Place", "Allen", "Texas", "75004");
INSERT INTO DATE (Contact_id, Date_type, Date) VALUES (71, "BirthDate", "1992-10-03");
INSERT INTO CONTACT (Contact_id, Fname, Mname, Lname) VALUES (74, "Elfreda", "", "Cleland");
INSERT INTO PHONE (Contact_id, Phone_type, Area_code, Number) VALUES (74, "Work", "442", "442-144-0201");
INSERT INTO PHONE (Contact_id, Phone_type, Area_code, Number) VALUES (74, "Cell", "359", "359-128-8195");
INSERT INTO ADDRESS (Contact_id, Address_type, Address, City, State, Zip) VALUES (74, "Work", "4 Ilene Junction", "Richardson", "Texas", "75009");
INSERT INTO DATE (Contact_id, Date_type, Date) VALUES (71, "BirthDate", "1992-10-03");
INSERT INTO CONTACT (Contact_id, Fname, Mname, Lname) VALUES (75, "Goldy", "", "Parradice");
INSERT INTO PHONE (Contact_id, Phone_type, Area_code, Number) VALUES (74, "Work", "442", "442-144-0201");
INSERT INTO PHONE (Contact_id, Phone_type, Area_code, Number) VALUES (75, "Cell", "853", "853-669-6031");
INSERT INTO ADDRESS (Contact_id, Address_type, Address, City, State, Zip) VALUES (75, "Home", "2268 Nancy Lane", "Richardson", "Texas", "75081");
INSERT INTO DATE (Contact_id, Date_type, Date) VALUES (75, "BirthDate", "1970-08-13");
INSERT INTO CONTACT (Contact_id, Fname, Mname, Lname) VALUES (76, "Abbye", "Annmarie", "Stiling");
INSERT INTO PHONE (Contact_id, Phone_type, Area_code, Number) VALUES (74, "Work", "442", "442-144-0201");
INSERT INTO PHONE (Contact_id, Phone_type, Area_code, Number) VALUES (76, "Cell", "182", "182-313-3105");
INSERT INTO ADDRESS (Contact_id, Address_type, Address, City, State, Zip) VALUES (76, "Work", "316 Eagan Circle", "Richardson", "Texas", "75007");
INSERT INTO DATE (Contact_id, Date_type, Date) VALUES (75, "BirthDate", "1970-08-13");
INSERT INTO CONTACT (Contact_id, Fname, Mname, Lname) VALUES (77, "Lavena", "Petrina", "Gostick");
INSERT INTO PHONE (Contact_id, Phone_type, Area_code, Number) VALUES (77, "Work", "535", "535-238-8834");
INSERT INTO PHONE (Contact_id, Phone_type, Area_code, Number) VALUES (77, "Cell", "645", "645-688-9829");
INSERT INTO ADDRESS (Contact_id, Address_type, Address, City, State, Zip) VALUES (77, "Home", "840 Kingsford Parkway", "Richardson", "Texas", "75073");
INSERT INTO DATE (Contact_id, Date_type, Date) VALUES (77, "BirthDate", "1976-10-01");
INSERT INTO CONTACT (Contact_id, Fname, Mname, Lname) VALUES (78, "Waneta", "Karlene", "Fernando");
INSERT INTO PHONE (Contact_id, Phone_type, Area_code, Number) VALUES (78, "Work", "146", "146-778-2020");
INSERT INTO PHONE (Contact_id, Phone_type, Area_code, Number) VALUES (78, "Cell", "952", "952-872-9308");
INSERT INTO ADDRESS (Contact_id, Address_type, Address, City, State, Zip) VALUES (78, "Home", "4 Sunbrook Avenue", "Addison", "Texas", "75067");
INSERT INTO DATE (Contact_id, Date_type, Date) VALUES (78, "BirthDate", "1990-02-06");
INSERT INTO CONTACT (Contact_id, Fname, Mname, Lname) VALUES (79, "Sharline", "", "Axworthy");
INSERT INTO PHONE (Contact_id, Phone_type, Area_code, Number) VALUES (79, "Work", "463", "463-183-4657");
INSERT INTO PHONE (Contact_id, Phone_type, Area_code, Number) VALUES (78, "Cell", "952", "952-872-9308");
INSERT INTO ADDRESS (Contact_id, Address_type, Address, City, State, Zip) VALUES (79, "Home", "8735 Bultman Circle", "Dallas", "Texas", "75094");
INSERT INTO DATE (Contact_id, Date_type, Date) VALUES (78, "BirthDate", "1990-02-06");
INSERT INTO CONTACT (Contact_id, Fname, Mname, Lname) VALUES (80, "Torre", "Odilia", "Nowakowska");
INSERT INTO PHONE (Contact_id, Phone_type, Area_code, Number) VALUES (80, "Work", "741", "741-274-5179");
INSERT INTO PHONE (Contact_id, Phone_type, Area_code, Number) VALUES (80, "Cell", "896", "896-621-0151");
INSERT INTO ADDRESS (Contact_id, Address_type, Address, City, State, Zip) VALUES (80, "Work", "23 Debra Road", "Plano", "Texas", "75003");
INSERT INTO DATE (Contact_id, Date_type, Date) VALUES (78, "BirthDate", "1990-02-06");
INSERT INTO CONTACT (Contact_id, Fname, Mname, Lname) VALUES (81, "Ermanno", "Chris", "Carillo");
INSERT INTO PHONE (Contact_id, Phone_type, Area_code, Number) VALUES (81, "Work", "928", "928-679-8594");
INSERT INTO PHONE (Contact_id, Phone_type, Area_code, Number) VALUES (81, "Cell", "301", "301-947-1348");
INSERT INTO ADDRESS (Contact_id, Address_type, Address, City, State, Zip) VALUES (81, "Home", "89640 Cody Terrace", "Richardson", "Texas", "");
INSERT INTO DATE (Contact_id, Date_type, Date) VALUES (81, "BirthDate", "1990-09-06");
INSERT INTO CONTACT (Contact_id, Fname, Mname, Lname) VALUES (82, "Alwyn", "Malvin", "Wragg");
INSERT INTO PHONE (Contact_id, Phone_type, Area_code, Number) VALUES (82, "Home", "761", "761-508-2579");
INSERT INTO PHONE (Contact_id, Phone_type, Area_code, Number) VALUES (82, "Cell", "442", "442-776-7096");
INSERT INTO ADDRESS (Contact_id, Address_type, Address, City, State, Zip) VALUES (82, "Home", "12 Butternut Terrace", "Richardson", "Texas", "75006");
INSERT INTO DATE (Contact_id, Date_type, Date) VALUES (82, "BirthDate", "1985-03-14");
INSERT INTO CONTACT (Contact_id, Fname, Mname, Lname) VALUES (83, "Rolland", "", "Prier");
INSERT INTO PHONE (Contact_id, Phone_type, Area_code, Number) VALUES (82, "Home", "761", "761-508-2579");
INSERT INTO PHONE (Contact_id, Phone_type, Area_code, Number) VALUES (83, "Cell", "131", "131-277-8084");
INSERT INTO ADDRESS (Contact_id, Address_type, Address, City, State, Zip) VALUES (83, "Home", "204 Farwell Avenue", "Plano", "Texas", "75074");
INSERT INTO DATE (Contact_id, Date_type, Date) VALUES (83, "BirthDate", "1978-06-13");
INSERT INTO CONTACT (Contact_id, Fname, Mname, Lname) VALUES (84, "Emmy", "", "Hamm");
INSERT INTO PHONE (Contact_id, Phone_type, Area_code, Number) VALUES (84, "Work", "812", "812-390-3319");
INSERT INTO PHONE (Contact_id, Phone_type, Area_code, Number) VALUES (84, "Cell", "112", "112-337-2438");
INSERT INTO ADDRESS (Contact_id, Address_type, Address, City, State, Zip) VALUES (84, "Work", "82238 Ludington Park", "Addison", "Texas", "75003");
INSERT INTO DATE (Contact_id, Date_type, Date) VALUES (84, "BirthDate", "1991-03-24");
INSERT INTO CONTACT (Contact_id, Fname, Mname, Lname) VALUES (85, "Kristopher", "", "Gregorin");
INSERT INTO PHONE (Contact_id, Phone_type, Area_code, Number) VALUES (85, "Work", "185", "185-191-2451");
INSERT INTO PHONE (Contact_id, Phone_type, Area_code, Number) VALUES (85, "Cell", "467", "467-112-0628");
INSERT INTO ADDRESS (Contact_id, Address_type, Address, City, State, Zip) VALUES (85, "Work", "005 Derek Terrace", "Richardson", "Texas", "75002");
INSERT INTO DATE (Contact_id, Date_type, Date) VALUES (84, "BirthDate", "1991-03-24");
INSERT INTO CONTACT (Contact_id, Fname, Mname, Lname) VALUES (86, "Wallis", "", "Cocks");
INSERT INTO PHONE (Contact_id, Phone_type, Area_code, Number) VALUES (86, "Work", "996", "996-985-1004");
INSERT INTO PHONE (Contact_id, Phone_type, Area_code, Number) VALUES (86, "Cell", "512", "512-999-1443");
INSERT INTO ADDRESS (Contact_id, Address_type, Address, City, State, Zip) VALUES (86, "Work", "351 Shelley Court", "Richardson", "Texas", "75001");
INSERT INTO DATE (Contact_id, Date_type, Date) VALUES (84, "BirthDate", "1991-03-24");
INSERT INTO CONTACT (Contact_id, Fname, Mname, Lname) VALUES (87, "Thornton", "", "Weich");
INSERT INTO PHONE (Contact_id, Phone_type, Area_code, Number) VALUES (87, "Work", "972", "972-245-7747");
INSERT INTO PHONE (Contact_id, Phone_type, Area_code, Number) VALUES (87, "Cell", "311", "311-847-9441");
INSERT INTO ADDRESS (Contact_id, Address_type, Address, City, State, Zip) VALUES (87, "Work", "4 Golf Avenue", "Plano", "Texas", "75007");
INSERT INTO DATE (Contact_id, Date_type, Date) VALUES (87, "BirthDate", "1992-11-13");
INSERT INTO CONTACT (Contact_id, Fname, Mname, Lname) VALUES (88, "Carmella", "Maribeth", "Brundell");
INSERT INTO PHONE (Contact_id, Phone_type, Area_code, Number) VALUES (88, "Work", "712", "712-270-4972");
INSERT INTO PHONE (Contact_id, Phone_type, Area_code, Number) VALUES (88, "Cell", "322", "322-220-0314");
INSERT INTO ADDRESS (Contact_id, Address_type, Address, City, State, Zip) VALUES (88, "Home", "71 Jay Terrace", "Plano", "Texas", "75055");
INSERT INTO DATE (Contact_id, Date_type, Date) VALUES (87, "BirthDate", "1992-11-13");
INSERT INTO CONTACT (Contact_id, Fname, Mname, Lname) VALUES (89, "Launce", "Catarina", "Matussov");
INSERT INTO PHONE (Contact_id, Phone_type, Area_code, Number) VALUES (89, "Home", "454", "454-192-9694");
INSERT INTO PHONE (Contact_id, Phone_type, Area_code, Number) VALUES (89, "Cell", "793", "793-596-6729");
INSERT INTO ADDRESS (Contact_id, Address_type, Address, City, State, Zip) VALUES (89, "Work", "7807 Dakota Pass", "Addison", "Texas", "75006");
INSERT INTO DATE (Contact_id, Date_type, Date) VALUES (87, "BirthDate", "1992-11-13");
INSERT INTO CONTACT (Contact_id, Fname, Mname, Lname) VALUES (90, "Derrik", "Kelcey", "Furniss");
INSERT INTO PHONE (Contact_id, Phone_type, Area_code, Number) VALUES (89, "Home", "454", "454-192-9694");
INSERT INTO PHONE (Contact_id, Phone_type, Area_code, Number) VALUES (90, "Cell", "920", "920-954-7865");
INSERT INTO ADDRESS (Contact_id, Address_type, Address, City, State, Zip) VALUES (89, "Work", "7807 Dakota Pass", "Addison", "Texas", "75006");
INSERT INTO DATE (Contact_id, Date_type, Date) VALUES (90, "BirthDate", "1993-07-09");
INSERT INTO CONTACT (Contact_id, Fname, Mname, Lname) VALUES (91, "Ariel", "", "Alessandrucci");
INSERT INTO PHONE (Contact_id, Phone_type, Area_code, Number) VALUES (89, "Home", "454", "454-192-9694");
INSERT INTO PHONE (Contact_id, Phone_type, Area_code, Number) VALUES (91, "Cell", "996", "996-463-7162");
INSERT INTO ADDRESS (Contact_id, Address_type, Address, City, State, Zip) VALUES (91, "Work", "55 Ridgeway Drive", "Addison", "Texas", "75008");
INSERT INTO DATE (Contact_id, Date_type, Date) VALUES (91, "BirthDate", "1969-03-05");
INSERT INTO CONTACT (Contact_id, Fname, Mname, Lname) VALUES (92, "Merrick", "", "Coley");
INSERT INTO PHONE (Contact_id, Phone_type, Area_code, Number) VALUES (92, "Work", "951", "951-307-6360");
INSERT INTO PHONE (Contact_id, Phone_type, Area_code, Number) VALUES (92, "Cell", "685", "685-563-0088");
INSERT INTO ADDRESS (Contact_id, Address_type, Address, City, State, Zip) VALUES (92, "Work", "2 Dennis Alley", "Dallas", "Texas", "75002");
INSERT INTO DATE (Contact_id, Date_type, Date) VALUES (91, "BirthDate", "1969-03-05");
INSERT INTO CONTACT (Contact_id, Fname, Mname, Lname) VALUES (93, "Norah", "Baxy", "Dolman");
INSERT INTO PHONE (Contact_id, Phone_type, Area_code, Number) VALUES (93, "Work", "275", "275-459-6375");
INSERT INTO PHONE (Contact_id, Phone_type, Area_code, Number) VALUES (93, "Cell", "335", "335-464-4346");
INSERT INTO ADDRESS (Contact_id, Address_type, Address, City, State, Zip) VALUES (93, "Home", "27 Talmadge Park", "Plano", "Texas", "75034");
INSERT INTO DATE (Contact_id, Date_type, Date) VALUES (91, "BirthDate", "1969-03-05");
INSERT INTO CONTACT (Contact_id, Fname, Mname, Lname) VALUES (94, "Lib", "Albrecht", "Jaggers");
INSERT INTO PHONE (Contact_id, Phone_type, Area_code, Number) VALUES (94, "Work", "845", "845-667-9320");
INSERT INTO PHONE (Contact_id, Phone_type, Area_code, Number) VALUES (94, "Cell", "289", "289-490-2307");
INSERT INTO ADDRESS (Contact_id, Address_type, Address, City, State, Zip) VALUES (94, "Work", "852 Burning Wood Pass", "Addison", "Texas", "75005");
INSERT INTO DATE (Contact_id, Date_type, Date) VALUES (91, "BirthDate", "1969-03-05");
INSERT INTO CONTACT (Contact_id, Fname, Mname, Lname) VALUES (95, "Charlean", "", "Comiam");
INSERT INTO PHONE (Contact_id, Phone_type, Area_code, Number) VALUES (95, "Work", "610", "610-394-0372");
INSERT INTO PHONE (Contact_id, Phone_type, Area_code, Number) VALUES (95, "Cell", "438", "438-145-4987");
INSERT INTO ADDRESS (Contact_id, Address_type, Address, City, State, Zip) VALUES (95, "Home", "2449 Pepper Wood Court", "Plano", "Texas", "75055");
INSERT INTO DATE (Contact_id, Date_type, Date) VALUES (95, "BirthDate", "1965-02-20");
INSERT INTO CONTACT (Contact_id, Fname, Mname, Lname) VALUES (96, "Thorn", "", "Winkell");
INSERT INTO PHONE (Contact_id, Phone_type, Area_code, Number) VALUES (96, "Home", "514", "514-186-3739");
INSERT INTO PHONE (Contact_id, Phone_type, Area_code, Number) VALUES (96, "Cell", "299", "299-709-3929");
INSERT INTO ADDRESS (Contact_id, Address_type, Address, City, State, Zip) VALUES (96, "Work", "6678 Service Circle", "Addison", "Texas", "75008");
INSERT INTO DATE (Contact_id, Date_type, Date) VALUES (96, "BirthDate", "1977-08-30");
INSERT INTO CONTACT (Contact_id, Fname, Mname, Lname) VALUES (97, "Lorenzo", "Even", "Klimke");
INSERT INTO PHONE (Contact_id, Phone_type, Area_code, Number) VALUES (97, "Work", "374", "374-927-8236");
INSERT INTO PHONE (Contact_id, Phone_type, Area_code, Number) VALUES (97, "Cell", "322", "322-529-5730");
INSERT INTO ADDRESS (Contact_id, Address_type, Address, City, State, Zip) VALUES (96, "Work", "6678 Service Circle", "Addison", "Texas", "75008");
INSERT INTO DATE (Contact_id, Date_type, Date) VALUES (97, "BirthDate", "1992-06-21");
INSERT INTO CONTACT (Contact_id, Fname, Mname, Lname) VALUES (98, "Deedee", "Nevins", "Redmille");
INSERT INTO PHONE (Contact_id, Phone_type, Area_code, Number) VALUES (98, "Work", "497", "497-161-2807");
INSERT INTO PHONE (Contact_id, Phone_type, Area_code, Number) VALUES (98, "Cell", "554", "554-908-6180");
INSERT INTO ADDRESS (Contact_id, Address_type, Address, City, State, Zip) VALUES (96, "Work", "6678 Service Circle", "Addison", "Texas", "75008");
INSERT INTO DATE (Contact_id, Date_type, Date) VALUES (98, "BirthDate", "1993-03-25");
INSERT INTO CONTACT (Contact_id, Fname, Mname, Lname) VALUES (99, "Olwen", "Chrotoem", "Maharg");
INSERT INTO PHONE (Contact_id, Phone_type, Area_code, Number) VALUES (98, "Work", "497", "497-161-2807");
INSERT INTO PHONE (Contact_id, Phone_type, Area_code, Number) VALUES (99, "Cell", "298", "298-978-5587");
INSERT INTO ADDRESS (Contact_id, Address_type, Address, City, State, Zip) VALUES (99, "Work", "5445 Buhler Parkway", "Allen", "Texas", "75003");
INSERT INTO DATE (Contact_id, Date_type, Date) VALUES (99, "BirthDate", "1969-03-21");
INSERT INTO CONTACT (Contact_id, Fname, Mname, Lname) VALUES (100, "Viviyan", "", "Luker");
INSERT INTO PHONE (Contact_id, Phone_type, Area_code, Number) VALUES (100, "Work", "446", "446-971-3511");
INSERT INTO PHONE (Contact_id, Phone_type, Area_code, Number) VALUES (100, "Cell", "518", "518-928-2083");
INSERT INTO ADDRESS (Contact_id, Address_type, Address, City, State, Zip) VALUES (100, "Home", "470 Derek Plaza", "Richardson", "Texas", "75013");
INSERT INTO DATE (Contact_id, Date_type, Date) VALUES (99, "BirthDate", "1969-03-21");
INSERT INTO CONTACT (Contact_id, Fname, Mname, Lname) VALUES (101, "Brigitte", "Marieann", "McLewd");
INSERT INTO PHONE (Contact_id, Phone_type, Area_code, Number) VALUES (101, "Work", "560", "560-427-8364");
INSERT INTO PHONE (Contact_id, Phone_type, Area_code, Number) VALUES (101, "Cell", "467", "467-169-7052");
INSERT INTO ADDRESS (Contact_id, Address_type, Address, City, State, Zip) VALUES (101, "Work", "73814 Gerald Park", "Plano", "Texas", "75002");
INSERT INTO DATE (Contact_id, Date_type, Date) VALUES (101, "BirthDate", "1966-03-19");
INSERT INTO CONTACT (Contact_id, Fname, Mname, Lname) VALUES (102, "Carmen", "", "Braidwood");
INSERT INTO PHONE (Contact_id, Phone_type, Area_code, Number) VALUES (101, "Work", "560", "560-427-8364");
INSERT INTO PHONE (Contact_id, Phone_type, Area_code, Number) VALUES (102, "Cell", "601", "601-151-6193");
INSERT INTO ADDRESS (Contact_id, Address_type, Address, City, State, Zip) VALUES (101, "Work", "73814 Gerald Park", "Plano", "Texas", "75002");
INSERT INTO DATE (Contact_id, Date_type, Date) VALUES (101, "BirthDate", "1966-03-19");
INSERT INTO CONTACT (Contact_id, Fname, Mname, Lname) VALUES (103, "Jania", "Kyrstin", "Vondrys");
INSERT INTO PHONE (Contact_id, Phone_type, Area_code, Number) VALUES (103, "Work", "644", "644-697-0806");
INSERT INTO PHONE (Contact_id, Phone_type, Area_code, Number) VALUES (103, "Cell", "415", "415-761-2375");
INSERT INTO ADDRESS (Contact_id, Address_type, Address, City, State, Zip) VALUES (103, "Home", "8 Colorado Alley", "Dallas", "Texas", "75094");
INSERT INTO DATE (Contact_id, Date_type, Date) VALUES (103, "BirthDate", "1969-05-23");
INSERT INTO CONTACT (Contact_id, Fname, Mname, Lname) VALUES (104, "Ardyce", "", "Andino");
INSERT INTO PHONE (Contact_id, Phone_type, Area_code, Number) VALUES (103, "Work", "644", "644-697-0806");
INSERT INTO PHONE (Contact_id, Phone_type, Area_code, Number) VALUES (104, "Cell", "932", "932-478-6742");
INSERT INTO ADDRESS (Contact_id, Address_type, Address, City, State, Zip) VALUES (104, "Home", "4 Dwight Court", "Richardson", "Texas", "75072");
INSERT INTO DATE (Contact_id, Date_type, Date) VALUES (103, "BirthDate", "1969-05-23");
INSERT INTO CONTACT (Contact_id, Fname, Mname, Lname) VALUES (105, "Davis", "Niccolo", "Casolla");
INSERT INTO PHONE (Contact_id, Phone_type, Area_code, Number) VALUES (105, "Work", "903", "903-723-8230");
INSERT INTO PHONE (Contact_id, Phone_type, Area_code, Number) VALUES (105, "Cell", "612", "612-751-9073");
INSERT INTO ADDRESS (Contact_id, Address_type, Address, City, State, Zip) VALUES (105, "Work", "29479 Porter Point", "Dallas", "Texas", "75005");
INSERT INTO DATE (Contact_id, Date_type, Date) VALUES (105, "BirthDate", "1995-03-25");
INSERT INTO CONTACT (Contact_id, Fname, Mname, Lname) VALUES (106, "Saloma", "Margery", "Geraudel");
INSERT INTO PHONE (Contact_id, Phone_type, Area_code, Number) VALUES (106, "Work", "575", "575-831-8442");
INSERT INTO PHONE (Contact_id, Phone_type, Area_code, Number) VALUES (106, "Cell", "738", "738-834-4899");
INSERT INTO ADDRESS (Contact_id, Address_type, Address, City, State, Zip) VALUES (106, "Work", "9528 Loftsgordon Junction", "Allen", "Texas", "75003");
INSERT INTO DATE (Contact_id, Date_type, Date) VALUES (105, "BirthDate", "1995-03-25");
INSERT INTO CONTACT (Contact_id, Fname, Mname, Lname) VALUES (107, "Reese", "Ilse", "Wildblood");
INSERT INTO PHONE (Contact_id, Phone_type, Area_code, Number) VALUES (107, "Work", "171", "171-586-9880");
INSERT INTO PHONE (Contact_id, Phone_type, Area_code, Number) VALUES (107, "Cell", "518", "518-553-9464");
INSERT INTO ADDRESS (Contact_id, Address_type, Address, City, State, Zip) VALUES (107, "Work", "3105 Autumn Leaf Court", "Plano", "Texas", "75001");
INSERT INTO DATE (Contact_id, Date_type, Date) VALUES (107, "BirthDate", "1993-04-11");
INSERT INTO CONTACT (Contact_id, Fname, Mname, Lname) VALUES (108, "Carola", "Weidar", "Sheard");
INSERT INTO PHONE (Contact_id, Phone_type, Area_code, Number) VALUES (108, "Work", "355", "355-563-4878");
INSERT INTO PHONE (Contact_id, Phone_type, Area_code, Number) VALUES (108, "Cell", "215", "215-217-7070");
INSERT INTO ADDRESS (Contact_id, Address_type, Address, City, State, Zip) VALUES (108, "Work", "3175 Green Ridge Court", "Richardson", "Texas", "75008");
INSERT INTO DATE (Contact_id, Date_type, Date) VALUES (108, "BirthDate", "1976-10-10");
INSERT INTO CONTACT (Contact_id, Fname, Mname, Lname) VALUES (109, "Arda", "Chadwick", "Valdes");
INSERT INTO PHONE (Contact_id, Phone_type, Area_code, Number) VALUES (109, "Work", "665", "665-431-3941");
INSERT INTO PHONE (Contact_id, Phone_type, Area_code, Number) VALUES (109, "Cell", "817", "817-774-4659");
INSERT INTO ADDRESS (Contact_id, Address_type, Address, City, State, Zip) VALUES (109, "Work", "876 Washington Terrace", "Plano", "Texas", "75004");
INSERT INTO DATE (Contact_id, Date_type, Date) VALUES (108, "BirthDate", "1976-10-10");
INSERT INTO CONTACT (Contact_id, Fname, Mname, Lname) VALUES (110, "Caty", "Pincas", "Rikard");
INSERT INTO PHONE (Contact_id, Phone_type, Area_code, Number) VALUES (110, "Work", "135", "135-820-4074");
INSERT INTO PHONE (Contact_id, Phone_type, Area_code, Number) VALUES (110, "Cell", "985", "985-795-6001");
INSERT INTO ADDRESS (Contact_id, Address_type, Address, City, State, Zip) VALUES (110, "Work", "92 Mcbride Road", "Plano", "Texas", "75005");
INSERT INTO DATE (Contact_id, Date_type, Date) VALUES (108, "BirthDate", "1976-10-10");
INSERT INTO CONTACT (Contact_id, Fname, Mname, Lname) VALUES (111, "Danica", "Chloris", "Trodler");
INSERT INTO PHONE (Contact_id, Phone_type, Area_code, Number) VALUES (111, "Work", "384", "384-566-9537");
INSERT INTO PHONE (Contact_id, Phone_type, Area_code, Number) VALUES (111, "Cell", "280", "280-593-0508");
INSERT INTO ADDRESS (Contact_id, Address_type, Address, City, State, Zip) VALUES (111, "Work", "738 Commercial Road", "Addison", "Texas", "75002");
INSERT INTO DATE (Contact_id, Date_type, Date) VALUES (108, "BirthDate", "1976-10-10");
INSERT INTO CONTACT (Contact_id, Fname, Mname, Lname) VALUES (112, "Rhetta", "", "Illingsworth");
INSERT INTO PHONE (Contact_id, Phone_type, Area_code, Number) VALUES (111, "Work", "384", "384-566-9537");
INSERT INTO PHONE (Contact_id, Phone_type, Area_code, Number) VALUES (112, "Cell", "634", "634-832-4961");
INSERT INTO ADDRESS (Contact_id, Address_type, Address, City, State, Zip) VALUES (111, "Work", "738 Commercial Road", "Addison", "Texas", "75002");
INSERT INTO DATE (Contact_id, Date_type, Date) VALUES (108, "BirthDate", "1976-10-10");
INSERT INTO CONTACT (Contact_id, Fname, Mname, Lname) VALUES (113, "Calvin", "", "Rubinowitsch");
INSERT INTO PHONE (Contact_id, Phone_type, Area_code, Number) VALUES (113, "Work", "126", "126-184-5686");
INSERT INTO PHONE (Contact_id, Phone_type, Area_code, Number) VALUES (113, "Cell", "671", "671-420-1296");
INSERT INTO ADDRESS (Contact_id, Address_type, Address, City, State, Zip) VALUES (111, "Work", "738 Commercial Road", "Addison", "Texas", "75002");
INSERT INTO DATE (Contact_id, Date_type, Date) VALUES (113, "BirthDate", "1964-11-17");
INSERT INTO CONTACT (Contact_id, Fname, Mname, Lname) VALUES (114, "Cordi", "Bernardo", "Woodwing");
INSERT INTO PHONE (Contact_id, Phone_type, Area_code, Number) VALUES (114, "Work", "319", "319-215-9511");
INSERT INTO PHONE (Contact_id, Phone_type, Area_code, Number) VALUES (114, "Cell", "743", "743-968-9698");
INSERT INTO ADDRESS (Contact_id, Address_type, Address, City, State, Zip) VALUES (114, "Home", "86 Welch Parkway", "Allen", "Texas", "");
INSERT INTO DATE (Contact_id, Date_type, Date) VALUES (113, "BirthDate", "1964-11-17");
INSERT INTO CONTACT (Contact_id, Fname, Mname, Lname) VALUES (115, "Alison", "Margarita", "Amor");
INSERT INTO PHONE (Contact_id, Phone_type, Area_code, Number) VALUES (115, "Work", "425", "425-649-6990");
INSERT INTO PHONE (Contact_id, Phone_type, Area_code, Number) VALUES (115, "Cell", "850", "850-168-3428");
INSERT INTO ADDRESS (Contact_id, Address_type, Address, City, State, Zip) VALUES (115, "Work", "1 Loomis Lane", "Richardson", "Texas", "75002");
INSERT INTO DATE (Contact_id, Date_type, Date) VALUES (115, "BirthDate", "1974-05-20");
INSERT INTO CONTACT (Contact_id, Fname, Mname, Lname) VALUES (116, "Mattias", "Shannan", "March");
INSERT INTO PHONE (Contact_id, Phone_type, Area_code, Number) VALUES (115, "Work", "425", "425-649-6990");
INSERT INTO PHONE (Contact_id, Phone_type, Area_code, Number) VALUES (116, "Cell", "685", "685-794-3792");
INSERT INTO ADDRESS (Contact_id, Address_type, Address, City, State, Zip) VALUES (116, "Work", "396 3rd Alley", "Allen", "Texas", "75002");
INSERT INTO DATE (Contact_id, Date_type, Date) VALUES (115, "BirthDate", "1974-05-20");
INSERT INTO CONTACT (Contact_id, Fname, Mname, Lname) VALUES (117, "Josefina", "", "Bartram");
INSERT INTO PHONE (Contact_id, Phone_type, Area_code, Number) VALUES (117, "Home", "728", "728-382-1377");
INSERT INTO PHONE (Contact_id, Phone_type, Area_code, Number) VALUES (117, "Cell", "626", "626-230-5244");
INSERT INTO ADDRESS (Contact_id, Address_type, Address, City, State, Zip) VALUES (117, "Home", "19886 Pine View Terrace", "Addison", "Texas", "75056");
INSERT INTO DATE (Contact_id, Date_type, Date) VALUES (115, "BirthDate", "1974-05-20");
INSERT INTO CONTACT (Contact_id, Fname, Mname, Lname) VALUES (118, "Chickie", "", "Pinard");
INSERT INTO PHONE (Contact_id, Phone_type, Area_code, Number) VALUES (117, "Home", "728", "728-382-1377");
INSERT INTO PHONE (Contact_id, Phone_type, Area_code, Number) VALUES (118, "Cell", "189", "189-946-4134");
INSERT INTO ADDRESS (Contact_id, Address_type, Address, City, State, Zip) VALUES (118, "Home", "24 Welch Avenue", "Plano", "Texas", "75031");
INSERT INTO DATE (Contact_id, Date_type, Date) VALUES (118, "BirthDate", "1978-07-10");
INSERT INTO CONTACT (Contact_id, Fname, Mname, Lname) VALUES (119, "Rollin", "Francklin", "Abramof");
INSERT INTO PHONE (Contact_id, Phone_type, Area_code, Number) VALUES (119, "Work", "456", "456-574-3485");
INSERT INTO PHONE (Contact_id, Phone_type, Area_code, Number) VALUES (119, "Cell", "499", "499-521-3027");
INSERT INTO ADDRESS (Contact_id, Address_type, Address, City, State, Zip) VALUES (119, "Work", "80574 Eliot Road", "Plano", "Texas", "75001");
INSERT INTO DATE (Contact_id, Date_type, Date) VALUES (118, "BirthDate", "1978-07-10");
INSERT INTO CONTACT (Contact_id, Fname, Mname, Lname) VALUES (120, "Minnaminnie", "", "Russi");
INSERT INTO PHONE (Contact_id, Phone_type, Area_code, Number) VALUES (119, "Work", "456", "456-574-3485");
INSERT INTO PHONE (Contact_id, Phone_type, Area_code, Number) VALUES (120, "Cell", "525", "525-786-1129");
INSERT INTO ADDRESS (Contact_id, Address_type, Address, City, State, Zip) VALUES (120, "Work", "5996 Fairview Trail", "Richardson", "Texas", "75005");
INSERT INTO DATE (Contact_id, Date_type, Date) VALUES (118, "BirthDate", "1978-07-10");
INSERT INTO CONTACT (Contact_id, Fname, Mname, Lname) VALUES (121, "Jedidiah", "", "McGilvray");
INSERT INTO PHONE (Contact_id, Phone_type, Area_code, Number) VALUES (119, "Work", "456", "456-574-3485");
INSERT INTO PHONE (Contact_id, Phone_type, Area_code, Number) VALUES (121, "Cell", "162", "162-591-7297");
INSERT INTO ADDRESS (Contact_id, Address_type, Address, City, State, Zip) VALUES (121, "Home", "24 Doe Crossing Court", "Dallas", "Texas", "75028");
INSERT INTO DATE (Contact_id, Date_type, Date) VALUES (118, "BirthDate", "1978-07-10");
INSERT INTO CONTACT (Contact_id, Fname, Mname, Lname) VALUES (122, "Rachelle", "Shaun", "Cicconettii");
INSERT INTO PHONE (Contact_id, Phone_type, Area_code, Number) VALUES (122, "Work", "175", "175-896-9475");
INSERT INTO PHONE (Contact_id, Phone_type, Area_code, Number) VALUES (122, "Cell", "734", "734-943-5823");
INSERT INTO ADDRESS (Contact_id, Address_type, Address, City, State, Zip) VALUES (122, "Home", "79 Buena Vista Drive", "Allen", "Texas", "");
INSERT INTO DATE (Contact_id, Date_type, Date) VALUES (122, "BirthDate", "1994-02-04");
INSERT INTO CONTACT (Contact_id, Fname, Mname, Lname) VALUES (123, "Carlita", "Gussi", "Bindin");
INSERT INTO PHONE (Contact_id, Phone_type, Area_code, Number) VALUES (123, "Work", "660", "660-861-7324");
INSERT INTO PHONE (Contact_id, Phone_type, Area_code, Number) VALUES (123, "Cell", "927", "927-269-5557");
INSERT INTO ADDRESS (Contact_id, Address_type, Address, City, State, Zip) VALUES (123, "Work", "07 Butternut Avenue", "Allen", "Texas", "75005");
INSERT INTO DATE (Contact_id, Date_type, Date) VALUES (123, "BirthDate", "1980-03-14");
INSERT INTO CONTACT (Contact_id, Fname, Mname, Lname) VALUES (124, "Dre", "Rea", "Castleman");
INSERT INTO PHONE (Contact_id, Phone_type, Area_code, Number) VALUES (124, "Home", "527", "527-999-5145");
INSERT INTO PHONE (Contact_id, Phone_type, Area_code, Number) VALUES (124, "Cell", "560", "560-540-7010");
INSERT INTO ADDRESS (Contact_id, Address_type, Address, City, State, Zip) VALUES (124, "Home", "7595 Rusk Crossing", "Dallas", "Texas", "75097");
INSERT INTO DATE (Contact_id, Date_type, Date) VALUES (123, "BirthDate", "1980-03-14");
INSERT INTO CONTACT (Contact_id, Fname, Mname, Lname) VALUES (125, "Renell", "Sheilah", "Hinsche");
INSERT INTO PHONE (Contact_id, Phone_type, Area_code, Number) VALUES (125, "Work", "885", "885-614-2560");
INSERT INTO PHONE (Contact_id, Phone_type, Area_code, Number) VALUES (125, "Cell", "368", "368-393-8119");
INSERT INTO ADDRESS (Contact_id, Address_type, Address, City, State, Zip) VALUES (125, "Home", "4 Elmside Park", "Addison", "Texas", "");
INSERT INTO DATE (Contact_id, Date_type, Date) VALUES (123, "BirthDate", "1980-03-14");
INSERT INTO CONTACT (Contact_id, Fname, Mname, Lname) VALUES (126, "Cathyleen", "Josias", "Weldrake");
INSERT INTO PHONE (Contact_id, Phone_type, Area_code, Number) VALUES (126, "Work", "601", "601-464-5787");
INSERT INTO PHONE (Contact_id, Phone_type, Area_code, Number) VALUES (126, "Cell", "819", "819-216-7409");
INSERT INTO ADDRESS (Contact_id, Address_type, Address, City, State, Zip) VALUES (126, "Work", "702 Maple Wood Circle", "Allen", "Texas", "75002");
INSERT INTO DATE (Contact_id, Date_type, Date) VALUES (126, "BirthDate", "1979-12-08");
INSERT INTO CONTACT (Contact_id, Fname, Mname, Lname) VALUES (127, "Shanon", "", "Isaaksohn");
INSERT INTO PHONE (Contact_id, Phone_type, Area_code, Number) VALUES (126, "Work", "601", "601-464-5787");
INSERT INTO PHONE (Contact_id, Phone_type, Area_code, Number) VALUES (127, "Cell", "510", "510-507-2668");
INSERT INTO ADDRESS (Contact_id, Address_type, Address, City, State, Zip) VALUES (127, "Home", "4 Heath Parkway", "Addison", "Texas", "75005");
INSERT INTO DATE (Contact_id, Date_type, Date) VALUES (127, "BirthDate", "1978-09-27");
INSERT INTO CONTACT (Contact_id, Fname, Mname, Lname) VALUES (128, "Caro", "Herrick", "Pulfer");
INSERT INTO PHONE (Contact_id, Phone_type, Area_code, Number) VALUES (128, "Work", "533", "533-739-6596");
INSERT INTO PHONE (Contact_id, Phone_type, Area_code, Number) VALUES (128, "Cell", "417", "417-939-5637");
INSERT INTO ADDRESS (Contact_id, Address_type, Address, City, State, Zip) VALUES (128, "Work", "7948 Sunbrook Crossing", "Allen", "Texas", "75008");
INSERT INTO DATE (Contact_id, Date_type, Date) VALUES (128, "BirthDate", "1979-12-25");
INSERT INTO CONTACT (Contact_id, Fname, Mname, Lname) VALUES (129, "Emili", "Lenora", "Barkhouse");
INSERT INTO PHONE (Contact_id, Phone_type, Area_code, Number) VALUES (129, "Work", "470", "470-766-4449");
INSERT INTO PHONE (Contact_id, Phone_type, Area_code, Number) VALUES (129, "Cell", "689", "689-724-6341");
INSERT INTO ADDRESS (Contact_id, Address_type, Address, City, State, Zip) VALUES (128, "Work", "7948 Sunbrook Crossing", "Allen", "Texas", "75008");
INSERT INTO DATE (Contact_id, Date_type, Date) VALUES (129, "BirthDate", "1989-04-27");
INSERT INTO CONTACT (Contact_id, Fname, Mname, Lname) VALUES (130, "Berty", "", "Jesse");
INSERT INTO PHONE (Contact_id, Phone_type, Area_code, Number) VALUES (130, "Work", "878", "878-648-8002");
INSERT INTO PHONE (Contact_id, Phone_type, Area_code, Number) VALUES (130, "Cell", "659", "659-300-9914");
INSERT INTO ADDRESS (Contact_id, Address_type, Address, City, State, Zip) VALUES (130, "Home", "1652 Rowland Plaza", "Addison", "Texas", "75064");
INSERT INTO DATE (Contact_id, Date_type, Date) VALUES (130, "BirthDate", "1970-09-04");
INSERT INTO CONTACT (Contact_id, Fname, Mname, Lname) VALUES (131, "Cesare", "Kitti", "Osgarby");
INSERT INTO PHONE (Contact_id, Phone_type, Area_code, Number) VALUES (131, "Work", "320", "320-144-5636");
INSERT INTO PHONE (Contact_id, Phone_type, Area_code, Number) VALUES (131, "Cell", "485", "485-509-8914");
INSERT INTO ADDRESS (Contact_id, Address_type, Address, City, State, Zip) VALUES (131, "Home", "84 Sommers Plaza", "Addison", "Texas", "75004");
INSERT INTO DATE (Contact_id, Date_type, Date) VALUES (131, "BirthDate", "1969-12-28");
INSERT INTO CONTACT (Contact_id, Fname, Mname, Lname) VALUES (132, "Sande", "Asa", "Bothe");
INSERT INTO PHONE (Contact_id, Phone_type, Area_code, Number) VALUES (132, "Work", "440", "440-549-6823");
INSERT INTO PHONE (Contact_id, Phone_type, Area_code, Number) VALUES (132, "Cell", "205", "205-273-2823");
INSERT INTO ADDRESS (Contact_id, Address_type, Address, City, State, Zip) VALUES (132, "Home", "97 Cardinal Road", "Dallas", "Texas", "75027");
INSERT INTO DATE (Contact_id, Date_type, Date) VALUES (132, "BirthDate", "1984-08-06");
INSERT INTO CONTACT (Contact_id, Fname, Mname, Lname) VALUES (133, "Gal", "", "Aslett");
INSERT INTO PHONE (Contact_id, Phone_type, Area_code, Number) VALUES (133, "Work", "959", "959-118-6515");
INSERT INTO PHONE (Contact_id, Phone_type, Area_code, Number) VALUES (133, "Cell", "739", "739-726-5173");
INSERT INTO ADDRESS (Contact_id, Address_type, Address, City, State, Zip) VALUES (133, "Home", "54 Lakewood Drive", "Richardson", "Texas", "75063");
INSERT INTO DATE (Contact_id, Date_type, Date) VALUES (132, "BirthDate", "1984-08-06");
INSERT INTO CONTACT (Contact_id, Fname, Mname, Lname) VALUES (134, "Mikael", "Bridget", "Doull");
INSERT INTO PHONE (Contact_id, Phone_type, Area_code, Number) VALUES (133, "Work", "959", "959-118-6515");
INSERT INTO PHONE (Contact_id, Phone_type, Area_code, Number) VALUES (134, "Cell", "561", "561-758-3885");
INSERT INTO ADDRESS (Contact_id, Address_type, Address, City, State, Zip) VALUES (134, "Work", "7869 Onsgard Pass", "Addison", "Texas", "75008");
INSERT INTO DATE (Contact_id, Date_type, Date) VALUES (132, "BirthDate", "1984-08-06");
INSERT INTO CONTACT (Contact_id, Fname, Mname, Lname) VALUES (135, "Erroll", "", "Wear");
INSERT INTO PHONE (Contact_id, Phone_type, Area_code, Number) VALUES (135, "Work", "851", "851-810-7191");
INSERT INTO PHONE (Contact_id, Phone_type, Area_code, Number) VALUES (135, "Cell", "780", "780-319-6348");
INSERT INTO ADDRESS (Contact_id, Address_type, Address, City, State, Zip) VALUES (134, "Work", "7869 Onsgard Pass", "Addison", "Texas", "75008");
INSERT INTO DATE (Contact_id, Date_type, Date) VALUES (135, "BirthDate", "1964-02-28");
INSERT INTO CONTACT (Contact_id, Fname, Mname, Lname) VALUES (136, "Margarita", "Gisela", "Form");
INSERT INTO PHONE (Contact_id, Phone_type, Area_code, Number) VALUES (135, "Work", "851", "851-810-7191");
INSERT INTO PHONE (Contact_id, Phone_type, Area_code, Number) VALUES (136, "Cell", "665", "665-863-3496");
INSERT INTO ADDRESS (Contact_id, Address_type, Address, City, State, Zip) VALUES (136, "Work", "977 2nd Road", "Addison", "Texas", "75006");
INSERT INTO DATE (Contact_id, Date_type, Date) VALUES (136, "BirthDate", "1987-08-30");
INSERT INTO CONTACT (Contact_id, Fname, Mname, Lname) VALUES (137, "Rita", "", "Melross");
INSERT INTO PHONE (Contact_id, Phone_type, Area_code, Number) VALUES (137, "Work", "802", "802-173-4188");
INSERT INTO PHONE (Contact_id, Phone_type, Area_code, Number) VALUES (137, "Cell", "101", "101-658-4163");
INSERT INTO ADDRESS (Contact_id, Address_type, Address, City, State, Zip) VALUES (137, "Work", "077 Ilene Terrace", "Plano", "Texas", "75001");
INSERT INTO DATE (Contact_id, Date_type, Date) VALUES (137, "BirthDate", "1968-09-01");
INSERT INTO CONTACT (Contact_id, Fname, Mname, Lname) VALUES (138, "Cherrita", "Lockwood", "Mably");
INSERT INTO PHONE (Contact_id, Phone_type, Area_code, Number) VALUES (138, "Work", "311", "311-559-9990");
INSERT INTO PHONE (Contact_id, Phone_type, Area_code, Number) VALUES (138, "Cell", "965", "965-369-3080");
INSERT INTO ADDRESS (Contact_id, Address_type, Address, City, State, Zip) VALUES (138, "Work", "6 6th Pass", "Richardson", "Texas", "75002");
INSERT INTO DATE (Contact_id, Date_type, Date) VALUES (137, "BirthDate", "1968-09-01");
INSERT INTO CONTACT (Contact_id, Fname, Mname, Lname) VALUES (139, "Ellyn", "Karlene", "Whitwham");
INSERT INTO PHONE (Contact_id, Phone_type, Area_code, Number) VALUES (139, "Work", "596", "596-335-4027");
INSERT INTO PHONE (Contact_id, Phone_type, Area_code, Number) VALUES (139, "Cell", "630", "630-176-1993");
INSERT INTO ADDRESS (Contact_id, Address_type, Address, City, State, Zip) VALUES (139, "Home", "28 Hollow Ridge Lane", "Plano", "Texas", "75068");
INSERT INTO DATE (Contact_id, Date_type, Date) VALUES (139, "BirthDate", "1991-12-17");
INSERT INTO CONTACT (Contact_id, Fname, Mname, Lname) VALUES (140, "Rudolfo", "", "Avraham");
INSERT INTO PHONE (Contact_id, Phone_type, Area_code, Number) VALUES (140, "Work", "998", "998-102-4319");
INSERT INTO PHONE (Contact_id, Phone_type, Area_code, Number) VALUES (140, "Cell", "126", "126-191-0637");
INSERT INTO ADDRESS (Contact_id, Address_type, Address, City, State, Zip) VALUES (140, "Home", "37 Hauk Avenue", "Dallas", "Texas", "75098");
INSERT INTO DATE (Contact_id, Date_type, Date) VALUES (140, "BirthDate", "1972-03-15");
INSERT INTO CONTACT (Contact_id, Fname, Mname, Lname) VALUES (141, "Lark", "Jonah", "Hemms");
INSERT INTO PHONE (Contact_id, Phone_type, Area_code, Number) VALUES (141, "Home", "936", "936-470-8740");
INSERT INTO PHONE (Contact_id, Phone_type, Area_code, Number) VALUES (141, "Cell", "399", "399-410-3150");
INSERT INTO ADDRESS (Contact_id, Address_type, Address, City, State, Zip) VALUES (141, "Work", "83 Namekagon Lane", "Dallas", "Texas", "75001");
INSERT INTO DATE (Contact_id, Date_type, Date) VALUES (141, "BirthDate", "1976-06-03");
INSERT INTO CONTACT (Contact_id, Fname, Mname, Lname) VALUES (142, "Keen", "Henka", "Measor");
INSERT INTO PHONE (Contact_id, Phone_type, Area_code, Number) VALUES (142, "Work", "523", "523-284-1173");
INSERT INTO PHONE (Contact_id, Phone_type, Area_code, Number) VALUES (142, "Cell", "400", "400-632-7435");
INSERT INTO ADDRESS (Contact_id, Address_type, Address, City, State, Zip) VALUES (142, "Work", "49298 Pierstorff Center", "Richardson", "Texas", "75009");
INSERT INTO DATE (Contact_id, Date_type, Date) VALUES (142, "BirthDate", "1982-02-13");
INSERT INTO CONTACT (Contact_id, Fname, Mname, Lname) VALUES (143, "Rosaline", "Donalt", "Worms");
INSERT INTO PHONE (Contact_id, Phone_type, Area_code, Number) VALUES (143, "Work", "682", "682-788-0921");
INSERT INTO PHONE (Contact_id, Phone_type, Area_code, Number) VALUES (143, "Cell", "402", "402-749-4109");
INSERT INTO ADDRESS (Contact_id, Address_type, Address, City, State, Zip) VALUES (143, "Work", "255 Lukken Court", "Richardson", "Texas", "75001");
INSERT INTO DATE (Contact_id, Date_type, Date) VALUES (143, "BirthDate", "1993-05-27");
INSERT INTO CONTACT (Contact_id, Fname, Mname, Lname) VALUES (144, "Jacquelin", "Hamel", "O'Leagham");
INSERT INTO PHONE (Contact_id, Phone_type, Area_code, Number) VALUES (143, "Work", "682", "682-788-0921");
INSERT INTO PHONE (Contact_id, Phone_type, Area_code, Number) VALUES (144, "Cell", "623", "623-440-3069");
INSERT INTO ADDRESS (Contact_id, Address_type, Address, City, State, Zip) VALUES (144, "Work", "62089 Transport Plaza", "Plano", "Texas", "75001");
INSERT INTO DATE (Contact_id, Date_type, Date) VALUES (143, "BirthDate", "1993-05-27");
INSERT INTO CONTACT (Contact_id, Fname, Mname, Lname) VALUES (145, "Gabey", "", "Aggott");
INSERT INTO PHONE (Contact_id, Phone_type, Area_code, Number) VALUES (145, "Work", "940", "940-916-1708");
INSERT INTO PHONE (Contact_id, Phone_type, Area_code, Number) VALUES (145, "Cell", "680", "680-996-8963");
INSERT INTO ADDRESS (Contact_id, Address_type, Address, City, State, Zip) VALUES (145, "Work", "5874 Granby Alley", "Allen", "Texas", "75008");
INSERT INTO DATE (Contact_id, Date_type, Date) VALUES (145, "BirthDate", "1964-12-02");
INSERT INTO CONTACT (Contact_id, Fname, Mname, Lname) VALUES (146, "Stacee", "", "Braunlein");
INSERT INTO PHONE (Contact_id, Phone_type, Area_code, Number) VALUES (146, "Work", "599", "599-479-7143");
INSERT INTO PHONE (Contact_id, Phone_type, Area_code, Number) VALUES (146, "Cell", "741", "741-405-2893");
INSERT INTO ADDRESS (Contact_id, Address_type, Address, City, State, Zip) VALUES (146, "Home", "3785 Heath Pass", "Dallas", "Texas", "75005");
INSERT INTO DATE (Contact_id, Date_type, Date) VALUES (145, "BirthDate", "1964-12-02");
INSERT INTO CONTACT (Contact_id, Fname, Mname, Lname) VALUES (147, "Garland", "Aurelie", "Gaunter");
INSERT INTO PHONE (Contact_id, Phone_type, Area_code, Number) VALUES (147, "Work", "194", "194-514-6250");
INSERT INTO PHONE (Contact_id, Phone_type, Area_code, Number) VALUES (147, "Cell", "189", "189-144-5588");
INSERT INTO ADDRESS (Contact_id, Address_type, Address, City, State, Zip) VALUES (147, "Work", "563 Kedzie Court", "Addison", "Texas", "75004");
INSERT INTO DATE (Contact_id, Date_type, Date) VALUES (147, "BirthDate", "1982-09-18");
INSERT INTO CONTACT (Contact_id, Fname, Mname, Lname) VALUES (148, "Joaquin", "", "Birkwood");
INSERT INTO PHONE (Contact_id, Phone_type, Area_code, Number) VALUES (148, "Work", "605", "605-462-1975");
INSERT INTO PHONE (Contact_id, Phone_type, Area_code, Number) VALUES (148, "Cell", "907", "907-464-2719");
INSERT INTO ADDRESS (Contact_id, Address_type, Address, City, State, Zip) VALUES (148, "Home", "2 Truax Trail", "Addison", "Texas", "75071");
INSERT INTO DATE (Contact_id, Date_type, Date) VALUES (147, "BirthDate", "1982-09-18");
INSERT INTO CONTACT (Contact_id, Fname, Mname, Lname) VALUES (149, "Barbabra", "Alexandre", "Dinnage");
INSERT INTO PHONE (Contact_id, Phone_type, Area_code, Number) VALUES (149, "Work", "800", "800-218-9724");
INSERT INTO PHONE (Contact_id, Phone_type, Area_code, Number) VALUES (149, "Cell", "889", "889-791-3642");
INSERT INTO ADDRESS (Contact_id, Address_type, Address, City, State, Zip) VALUES (148, "Home", "2 Truax Trail", "Addison", "Texas", "75071");
INSERT INTO DATE (Contact_id, Date_type, Date) VALUES (147, "BirthDate", "1982-09-18");
INSERT INTO CONTACT (Contact_id, Fname, Mname, Lname) VALUES (150, "Kenon", "", "Cremer");
INSERT INTO PHONE (Contact_id, Phone_type, Area_code, Number) VALUES (150, "Home", "361", "361-857-2319");
INSERT INTO PHONE (Contact_id, Phone_type, Area_code, Number) VALUES (150, "Cell", "874", "874-633-0543");
INSERT INTO ADDRESS (Contact_id, Address_type, Address, City, State, Zip) VALUES (150, "Work", "0 Blue Bill Park Pass", "Allen", "Texas", "75001");
INSERT INTO DATE (Contact_id, Date_type, Date) VALUES (150, "BirthDate", "1977-02-10");
INSERT INTO CONTACT (Contact_id, Fname, Mname, Lname) VALUES (151, "Rabi", "Davon", "Apted");
INSERT INTO PHONE (Contact_id, Phone_type, Area_code, Number) VALUES (151, "Work", "130", "130-575-1451");
INSERT INTO PHONE (Contact_id, Phone_type, Area_code, Number) VALUES (151, "Cell", "277", "277-234-5144");
INSERT INTO ADDRESS (Contact_id, Address_type, Address, City, State, Zip) VALUES (150, "Work", "0 Blue Bill Park Pass", "Allen", "Texas", "75001");
INSERT INTO DATE (Contact_id, Date_type, Date) VALUES (151, "BirthDate", "1978-04-24");
INSERT INTO CONTACT (Contact_id, Fname, Mname, Lname) VALUES (152, "Kerry", "Redd", "De Atta");
INSERT INTO PHONE (Contact_id, Phone_type, Area_code, Number) VALUES (152, "Work", "780", "780-729-0513");
INSERT INTO PHONE (Contact_id, Phone_type, Area_code, Number) VALUES (152, "Cell", "769", "769-583-9706");
INSERT INTO ADDRESS (Contact_id, Address_type, Address, City, State, Zip) VALUES (152, "Home", "299 Golf View Way", "Allen", "Texas", "75085");
INSERT INTO DATE (Contact_id, Date_type, Date) VALUES (151, "BirthDate", "1978-04-24");
INSERT INTO CONTACT (Contact_id, Fname, Mname, Lname) VALUES (153, "Barry", "Cathy", "Caves");
INSERT INTO PHONE (Contact_id, Phone_type, Area_code, Number) VALUES (153, "Work", "270", "270-936-1024");
INSERT INTO PHONE (Contact_id, Phone_type, Area_code, Number) VALUES (153, "Cell", "338", "338-545-2457");
INSERT INTO ADDRESS (Contact_id, Address_type, Address, City, State, Zip) VALUES (153, "Home", "003 Morrow Crossing", "Allen", "Texas", "75049");
INSERT INTO DATE (Contact_id, Date_type, Date) VALUES (153, "BirthDate", "1985-04-06");
INSERT INTO CONTACT (Contact_id, Fname, Mname, Lname) VALUES (154, "Kenneth", "Wald", "Jeffreys");
INSERT INTO PHONE (Contact_id, Phone_type, Area_code, Number) VALUES (154, "Work", "212", "212-357-5802");
INSERT INTO PHONE (Contact_id, Phone_type, Area_code, Number) VALUES (154, "Cell", "963", "963-970-8330");
INSERT INTO ADDRESS (Contact_id, Address_type, Address, City, State, Zip) VALUES (153, "Home", "003 Morrow Crossing", "Allen", "Texas", "75049");
INSERT INTO DATE (Contact_id, Date_type, Date) VALUES (153, "BirthDate", "1985-04-06");
INSERT INTO CONTACT (Contact_id, Fname, Mname, Lname) VALUES (155, "Darbie", "Roobbie", "Lafontaine");
INSERT INTO PHONE (Contact_id, Phone_type, Area_code, Number) VALUES (155, "Work", "363", "363-591-9833");
INSERT INTO PHONE (Contact_id, Phone_type, Area_code, Number) VALUES (155, "Cell", "259", "259-209-3551");
INSERT INTO ADDRESS (Contact_id, Address_type, Address, City, State, Zip) VALUES (155, "Home", "679 Pankratz Lane", "Addison", "Texas", "75052");
INSERT INTO DATE (Contact_id, Date_type, Date) VALUES (153, "BirthDate", "1985-04-06");
INSERT INTO CONTACT (Contact_id, Fname, Mname, Lname) VALUES (156, "Corena", "", "O'Shevlin");
INSERT INTO PHONE (Contact_id, Phone_type, Area_code, Number) VALUES (156, "Work", "308", "308-853-5308");
INSERT INTO PHONE (Contact_id, Phone_type, Area_code, Number) VALUES (156, "Cell", "160", "160-914-8157");
INSERT INTO ADDRESS (Contact_id, Address_type, Address, City, State, Zip) VALUES (156, "Work", "67 Evergreen Way", "Richardson", "Texas", "75004");
INSERT INTO DATE (Contact_id, Date_type, Date) VALUES (156, "BirthDate", "1992-05-02");
INSERT INTO CONTACT (Contact_id, Fname, Mname, Lname) VALUES (157, "Arny", "", "Shrubshall");
INSERT INTO PHONE (Contact_id, Phone_type, Area_code, Number) VALUES (157, "Work", "505", "505-531-2951");
INSERT INTO PHONE (Contact_id, Phone_type, Area_code, Number) VALUES (157, "Cell", "588", "588-860-2305");
INSERT INTO ADDRESS (Contact_id, Address_type, Address, City, State, Zip) VALUES (157, "Home", "3229 Huxley Hill", "Richardson", "Texas", "75091");
INSERT INTO DATE (Contact_id, Date_type, Date) VALUES (156, "BirthDate", "1992-05-02");
INSERT INTO CONTACT (Contact_id, Fname, Mname, Lname) VALUES (158, "Warren", "", "Stanlike");
INSERT INTO PHONE (Contact_id, Phone_type, Area_code, Number) VALUES (158, "Work", "583", "583-506-0181");
INSERT INTO PHONE (Contact_id, Phone_type, Area_code, Number) VALUES (158, "Cell", "609", "609-339-6336");
INSERT INTO ADDRESS (Contact_id, Address_type, Address, City, State, Zip) VALUES (158, "Work", "7390 Brickson Park Junction", "Dallas", "Texas", "75002");
INSERT INTO DATE (Contact_id, Date_type, Date) VALUES (158, "BirthDate", "1974-11-08");
INSERT INTO CONTACT (Contact_id, Fname, Mname, Lname) VALUES (159, "Krystalle", "Georgia", "Archer");
INSERT INTO PHONE (Contact_id, Phone_type, Area_code, Number) VALUES (158, "Work", "583", "583-506-0181");
INSERT INTO PHONE (Contact_id, Phone_type, Area_code, Number) VALUES (159, "Cell", "219", "219-803-4889");
INSERT INTO ADDRESS (Contact_id, Address_type, Address, City, State, Zip) VALUES (159, "Home", "168 Eagan Road", "Allen", "Texas", "75018");
INSERT INTO DATE (Contact_id, Date_type, Date) VALUES (159, "BirthDate", "1987-04-15");
INSERT INTO CONTACT (Contact_id, Fname, Mname, Lname) VALUES (160, "Pooh", "Emili", "Alflatt");
INSERT INTO PHONE (Contact_id, Phone_type, Area_code, Number) VALUES (160, "Work", "272", "272-475-7047");
INSERT INTO PHONE (Contact_id, Phone_type, Area_code, Number) VALUES (160, "Cell", "668", "668-695-7537");
INSERT INTO ADDRESS (Contact_id, Address_type, Address, City, State, Zip) VALUES (160, "Work", "555 Macpherson Point", "Allen", "Texas", "75009");
INSERT INTO DATE (Contact_id, Date_type, Date) VALUES (159, "BirthDate", "1987-04-15");
INSERT INTO CONTACT (Contact_id, Fname, Mname, Lname) VALUES (161, "Denney", "Trey", "McCurtain");
INSERT INTO PHONE (Contact_id, Phone_type, Area_code, Number) VALUES (161, "Home", "994", "994-199-8435");
INSERT INTO PHONE (Contact_id, Phone_type, Area_code, Number) VALUES (161, "Cell", "788", "788-965-0073");
INSERT INTO ADDRESS (Contact_id, Address_type, Address, City, State, Zip) VALUES (161, "Work", "2 Prentice Park", "Addison", "Texas", "75004");
INSERT INTO DATE (Contact_id, Date_type, Date) VALUES (161, "BirthDate", "1972-09-24");
INSERT INTO CONTACT (Contact_id, Fname, Mname, Lname) VALUES (162, "Barth", "Val", "Harwell");
INSERT INTO PHONE (Contact_id, Phone_type, Area_code, Number) VALUES (162, "Work", "871", "871-525-5326");
INSERT INTO PHONE (Contact_id, Phone_type, Area_code, Number) VALUES (162, "Cell", "322", "322-212-6474");
INSERT INTO ADDRESS (Contact_id, Address_type, Address, City, State, Zip) VALUES (162, "Work", "50 John Wall Street", "Allen", "Texas", "75006");
INSERT INTO DATE (Contact_id, Date_type, Date) VALUES (161, "BirthDate", "1972-09-24");
INSERT INTO CONTACT (Contact_id, Fname, Mname, Lname) VALUES (163, "Mord", "Anette", "Leynagh");
INSERT INTO PHONE (Contact_id, Phone_type, Area_code, Number) VALUES (163, "Work", "906", "906-287-3813");
INSERT INTO PHONE (Contact_id, Phone_type, Area_code, Number) VALUES (163, "Cell", "681", "681-758-5432");
INSERT INTO ADDRESS (Contact_id, Address_type, Address, City, State, Zip) VALUES (162, "Work", "50 John Wall Street", "Allen", "Texas", "75006");
INSERT INTO DATE (Contact_id, Date_type, Date) VALUES (161, "BirthDate", "1972-09-24");
INSERT INTO CONTACT (Contact_id, Fname, Mname, Lname) VALUES (164, "Osmund", "Mallory", "Arndell");
INSERT INTO PHONE (Contact_id, Phone_type, Area_code, Number) VALUES (164, "Work", "519", "519-539-6640");
INSERT INTO PHONE (Contact_id, Phone_type, Area_code, Number) VALUES (164, "Cell", "737", "737-458-3193");
INSERT INTO ADDRESS (Contact_id, Address_type, Address, City, State, Zip) VALUES (164, "Work", "435 Dwight Pass", "Plano", "Texas", "75006");
INSERT INTO DATE (Contact_id, Date_type, Date) VALUES (164, "BirthDate", "1980-01-08");
INSERT INTO CONTACT (Contact_id, Fname, Mname, Lname) VALUES (165, "Honoria", "Christal", "Nix");
INSERT INTO PHONE (Contact_id, Phone_type, Area_code, Number) VALUES (165, "Home", "505", "505-562-5213");
INSERT INTO PHONE (Contact_id, Phone_type, Area_code, Number) VALUES (165, "Cell", "605", "605-413-5142");
INSERT INTO ADDRESS (Contact_id, Address_type, Address, City, State, Zip) VALUES (165, "Work", "00464 Kenwood Circle", "Richardson", "Texas", "75003");
INSERT INTO DATE (Contact_id, Date_type, Date) VALUES (164, "BirthDate", "1980-01-08");
INSERT INTO CONTACT (Contact_id, Fname, Mname, Lname) VALUES (166, "Paulita", "", "Chessel");
INSERT INTO PHONE (Contact_id, Phone_type, Area_code, Number) VALUES (166, "Work", "299", "299-392-3863");
INSERT INTO PHONE (Contact_id, Phone_type, Area_code, Number) VALUES (166, "Cell", "913", "913-227-5857");
INSERT INTO ADDRESS (Contact_id, Address_type, Address, City, State, Zip) VALUES (166, "Home", "2873 Rusk Crossing", "Allen", "Texas", "75040");
INSERT INTO DATE (Contact_id, Date_type, Date) VALUES (166, "BirthDate", "1971-05-10");
INSERT INTO CONTACT (Contact_id, Fname, Mname, Lname) VALUES (167, "Celeste", "Morly", "Pittendreigh");
INSERT INTO PHONE (Contact_id, Phone_type, Area_code, Number) VALUES (167, "Work", "774", "774-467-6424");
INSERT INTO PHONE (Contact_id, Phone_type, Area_code, Number) VALUES (167, "Cell", "207", "207-356-3286");
INSERT INTO ADDRESS (Contact_id, Address_type, Address, City, State, Zip) VALUES (167, "Work", "4368 Montana Parkway", "Richardson", "Texas", "75006");
INSERT INTO DATE (Contact_id, Date_type, Date) VALUES (166, "BirthDate", "1971-05-10");
INSERT INTO CONTACT (Contact_id, Fname, Mname, Lname) VALUES (168, "Nickola", "Pedro", "Barwood");
INSERT INTO PHONE (Contact_id, Phone_type, Area_code, Number) VALUES (168, "Work", "138", "138-193-3944");
INSERT INTO PHONE (Contact_id, Phone_type, Area_code, Number) VALUES (168, "Cell", "726", "726-561-0259");
INSERT INTO ADDRESS (Contact_id, Address_type, Address, City, State, Zip) VALUES (168, "Home", "66 Hallows Trail", "Allen", "Texas", "");
INSERT INTO DATE (Contact_id, Date_type, Date) VALUES (168, "BirthDate", "1964-08-23");
INSERT INTO CONTACT (Contact_id, Fname, Mname, Lname) VALUES (169, "Harmonie", "Sandy", "Benny");
INSERT INTO PHONE (Contact_id, Phone_type, Area_code, Number) VALUES (169, "Work", "922", "922-656-3574");
INSERT INTO PHONE (Contact_id, Phone_type, Area_code, Number) VALUES (169, "Cell", "729", "729-528-9115");
INSERT INTO ADDRESS (Contact_id, Address_type, Address, City, State, Zip) VALUES (169, "Work", "25 Scofield Pass", "Allen", "Texas", "75008");
INSERT INTO DATE (Contact_id, Date_type, Date) VALUES (169, "BirthDate", "1992-09-29");
INSERT INTO CONTACT (Contact_id, Fname, Mname, Lname) VALUES (170, "Glennis", "", "Dawby");
INSERT INTO PHONE (Contact_id, Phone_type, Area_code, Number) VALUES (170, "Work", "179", "179-846-7624");
INSERT INTO PHONE (Contact_id, Phone_type, Area_code, Number) VALUES (170, "Cell", "809", "809-251-6239");
INSERT INTO ADDRESS (Contact_id, Address_type, Address, City, State, Zip) VALUES (169, "Work", "25 Scofield Pass", "Allen", "Texas", "75008");
INSERT INTO DATE (Contact_id, Date_type, Date) VALUES (169, "BirthDate", "1992-09-29");
INSERT INTO CONTACT (Contact_id, Fname, Mname, Lname) VALUES (171, "Casey", "Claiborne", "Temby");
INSERT INTO PHONE (Contact_id, Phone_type, Area_code, Number) VALUES (171, "Work", "316", "316-810-2478");
INSERT INTO PHONE (Contact_id, Phone_type, Area_code, Number) VALUES (171, "Cell", "350", "350-841-0515");
INSERT INTO ADDRESS (Contact_id, Address_type, Address, City, State, Zip) VALUES (171, "Home", "13 Cascade Crossing", "Plano", "Texas", "");
INSERT INTO DATE (Contact_id, Date_type, Date) VALUES (171, "BirthDate", "1969-09-25");
INSERT INTO CONTACT (Contact_id, Fname, Mname, Lname) VALUES (172, "Pamelina", "Benoite", "Moody");
INSERT INTO PHONE (Contact_id, Phone_type, Area_code, Number) VALUES (172, "Work", "429", "429-564-2215");
INSERT INTO PHONE (Contact_id, Phone_type, Area_code, Number) VALUES (172, "Cell", "991", "991-300-9095");
INSERT INTO ADDRESS (Contact_id, Address_type, Address, City, State, Zip) VALUES (172, "Work", "8 Jenifer Terrace", "Richardson", "Texas", "75008");
INSERT INTO DATE (Contact_id, Date_type, Date) VALUES (172, "BirthDate", "1984-09-22");
INSERT INTO CONTACT (Contact_id, Fname, Mname, Lname) VALUES (173, "Rozamond", "", "Tixier");
INSERT INTO PHONE (Contact_id, Phone_type, Area_code, Number) VALUES (172, "Work", "429", "429-564-2215");
INSERT INTO PHONE (Contact_id, Phone_type, Area_code, Number) VALUES (173, "Cell", "945", "945-688-3394");
INSERT INTO ADDRESS (Contact_id, Address_type, Address, City, State, Zip) VALUES (173, "Work", "06606 Cordelia Way", "Plano", "Texas", "75007");
INSERT INTO DATE (Contact_id, Date_type, Date) VALUES (172, "BirthDate", "1984-09-22");
INSERT INTO CONTACT (Contact_id, Fname, Mname, Lname) VALUES (174, "Zorine", "Josie", "Case");
INSERT INTO PHONE (Contact_id, Phone_type, Area_code, Number) VALUES (174, "Home", "793", "793-559-9408");
INSERT INTO PHONE (Contact_id, Phone_type, Area_code, Number) VALUES (174, "Cell", "575", "575-837-2710");
INSERT INTO ADDRESS (Contact_id, Address_type, Address, City, State, Zip) VALUES (173, "Work", "06606 Cordelia Way", "Plano", "Texas", "75007");
INSERT INTO DATE (Contact_id, Date_type, Date) VALUES (172, "BirthDate", "1984-09-22");
INSERT INTO CONTACT (Contact_id, Fname, Mname, Lname) VALUES (175, "Rici", "", "Thomann");
INSERT INTO PHONE (Contact_id, Phone_type, Area_code, Number) VALUES (175, "Home", "120", "120-469-6580");
INSERT INTO PHONE (Contact_id, Phone_type, Area_code, Number) VALUES (175, "Cell", "836", "836-247-5742");
INSERT INTO ADDRESS (Contact_id, Address_type, Address, City, State, Zip) VALUES (175, "Work", "32 Farragut Drive", "Dallas", "Texas", "75009");
INSERT INTO DATE (Contact_id, Date_type, Date) VALUES (175, "BirthDate", "1970-01-13");
INSERT INTO CONTACT (Contact_id, Fname, Mname, Lname) VALUES (176, "Pascale", "Allyson", "Delves");
INSERT INTO PHONE (Contact_id, Phone_type, Area_code, Number) VALUES (176, "Work", "703", "703-259-6055");
INSERT INTO PHONE (Contact_id, Phone_type, Area_code, Number) VALUES (176, "Cell", "260", "260-445-9289");
INSERT INTO ADDRESS (Contact_id, Address_type, Address, City, State, Zip) VALUES (176, "Work", "73397 Blaine Trail", "Dallas", "Texas", "75002");
INSERT INTO DATE (Contact_id, Date_type, Date) VALUES (176, "BirthDate", "1981-06-27");
INSERT INTO CONTACT (Contact_id, Fname, Mname, Lname) VALUES (177, "Udall", "Belvia", "Snoxell");
INSERT INTO PHONE (Contact_id, Phone_type, Area_code, Number) VALUES (177, "Work", "238", "238-854-7937");
INSERT INTO PHONE (Contact_id, Phone_type, Area_code, Number) VALUES (177, "Cell", "991", "991-681-1755");
INSERT INTO ADDRESS (Contact_id, Address_type, Address, City, State, Zip) VALUES (176, "Work", "73397 Blaine Trail", "Dallas", "Texas", "75002");
INSERT INTO DATE (Contact_id, Date_type, Date) VALUES (176, "BirthDate", "1981-06-27");
INSERT INTO CONTACT (Contact_id, Fname, Mname, Lname) VALUES (178, "Carolann", "Francisco", "Holbie");
INSERT INTO PHONE (Contact_id, Phone_type, Area_code, Number) VALUES (178, "Home", "918", "918-917-1949");
INSERT INTO PHONE (Contact_id, Phone_type, Area_code, Number) VALUES (178, "Cell", "530", "530-615-9871");
INSERT INTO ADDRESS (Contact_id, Address_type, Address, City, State, Zip) VALUES (178, "Home", "7224 Daystar Pass", "Allen", "Texas", "");
INSERT INTO DATE (Contact_id, Date_type, Date) VALUES (176, "BirthDate", "1981-06-27");
INSERT INTO CONTACT (Contact_id, Fname, Mname, Lname) VALUES (179, "Karmen", "Wilmer", "Carmel");
INSERT INTO PHONE (Contact_id, Phone_type, Area_code, Number) VALUES (179, "Work", "503", "503-731-6441");
INSERT INTO PHONE (Contact_id, Phone_type, Area_code, Number) VALUES (179, "Cell", "928", "928-280-1718");
INSERT INTO ADDRESS (Contact_id, Address_type, Address, City, State, Zip) VALUES (179, "Work", "2930 Reindahl Pass", "Dallas", "Texas", "75003");
INSERT INTO DATE (Contact_id, Date_type, Date) VALUES (176, "BirthDate", "1981-06-27");
INSERT INTO CONTACT (Contact_id, Fname, Mname, Lname) VALUES (180, "Cori", "", "Basillon");
INSERT INTO PHONE (Contact_id, Phone_type, Area_code, Number) VALUES (179, "Work", "503", "503-731-6441");
INSERT INTO PHONE (Contact_id, Phone_type, Area_code, Number) VALUES (180, "Cell", "739", "739-370-4832");
INSERT INTO ADDRESS (Contact_id, Address_type, Address, City, State, Zip) VALUES (180, "Work", "5 Pond Place", "Addison", "Texas", "75008");
INSERT INTO DATE (Contact_id, Date_type, Date) VALUES (176, "BirthDate", "1981-06-27");
INSERT INTO CONTACT (Contact_id, Fname, Mname, Lname) VALUES (181, "Cyril", "", "Adran");
INSERT INTO PHONE (Contact_id, Phone_type, Area_code, Number) VALUES (181, "Work", "677", "677-801-8753");
INSERT INTO PHONE (Contact_id, Phone_type, Area_code, Number) VALUES (181, "Cell", "288", "288-380-7105");
INSERT INTO ADDRESS (Contact_id, Address_type, Address, City, State, Zip) VALUES (181, "Work", "5540 Luster Center", "Allen", "Texas", "75004");
INSERT INTO DATE (Contact_id, Date_type, Date) VALUES (181, "BirthDate", "1995-12-28");
INSERT INTO CONTACT (Contact_id, Fname, Mname, Lname) VALUES (182, "Bryana", "Neely", "Toghill");
INSERT INTO PHONE (Contact_id, Phone_type, Area_code, Number) VALUES (182, "Work", "508", "508-481-0030");
INSERT INTO PHONE (Contact_id, Phone_type, Area_code, Number) VALUES (182, "Cell", "882", "882-224-4712");
INSERT INTO ADDRESS (Contact_id, Address_type, Address, City, State, Zip) VALUES (182, "Home", "2031 School Trail", "Addison", "Texas", "");
INSERT INTO DATE (Contact_id, Date_type, Date) VALUES (182, "BirthDate", "1964-06-29");
INSERT INTO CONTACT (Contact_id, Fname, Mname, Lname) VALUES (183, "Baron", "Annabell", "A'field");
INSERT INTO PHONE (Contact_id, Phone_type, Area_code, Number) VALUES (183, "Work", "580", "580-158-6597");
INSERT INTO PHONE (Contact_id, Phone_type, Area_code, Number) VALUES (183, "Cell", "141", "141-927-3011");
INSERT INTO ADDRESS (Contact_id, Address_type, Address, City, State, Zip) VALUES (183, "Work", "95 Barnett Terrace", "Dallas", "Texas", "75009");
INSERT INTO DATE (Contact_id, Date_type, Date) VALUES (183, "BirthDate", "1966-04-08");
INSERT INTO CONTACT (Contact_id, Fname, Mname, Lname) VALUES (184, "Lefty", "", "Windybank");
INSERT INTO PHONE (Contact_id, Phone_type, Area_code, Number) VALUES (184, "Work", "292", "292-116-1054");
INSERT INTO PHONE (Contact_id, Phone_type, Area_code, Number) VALUES (184, "Cell", "206", "206-601-7607");
INSERT INTO ADDRESS (Contact_id, Address_type, Address, City, State, Zip) VALUES (184, "Work", "719 Kensington Park", "Allen", "Texas", "75009");
INSERT INTO DATE (Contact_id, Date_type, Date) VALUES (183, "BirthDate", "1966-04-08");
INSERT INTO CONTACT (Contact_id, Fname, Mname, Lname) VALUES (185, "Sophey", "", "Weildish");
INSERT INTO PHONE (Contact_id, Phone_type, Area_code, Number) VALUES (185, "Work", "475", "475-504-7773");
INSERT INTO PHONE (Contact_id, Phone_type, Area_code, Number) VALUES (184, "Cell", "206", "206-601-7607");
INSERT INTO ADDRESS (Contact_id, Address_type, Address, City, State, Zip) VALUES (185, "Work", "1202 Autumn Leaf Street", "Addison", "Texas", "75007");
INSERT INTO DATE (Contact_id, Date_type, Date) VALUES (183, "BirthDate", "1966-04-08");
INSERT INTO CONTACT (Contact_id, Fname, Mname, Lname) VALUES (186, "Loleta", "Wade", "Thombleson");
INSERT INTO PHONE (Contact_id, Phone_type, Area_code, Number) VALUES (186, "Work", "201", "201-156-7465");
INSERT INTO PHONE (Contact_id, Phone_type, Area_code, Number) VALUES (186, "Cell", "733", "733-271-6746");
INSERT INTO ADDRESS (Contact_id, Address_type, Address, City, State, Zip) VALUES (186, "Home", "68 Cherokee Way", "Addison", "Texas", "75061");
INSERT INTO DATE (Contact_id, Date_type, Date) VALUES (183, "BirthDate", "1966-04-08");
INSERT INTO CONTACT (Contact_id, Fname, Mname, Lname) VALUES (187, "Petr", "", "Lardier");
INSERT INTO PHONE (Contact_id, Phone_type, Area_code, Number) VALUES (187, "Work", "161", "161-517-0954");
INSERT INTO PHONE (Contact_id, Phone_type, Area_code, Number) VALUES (187, "Cell", "294", "294-234-8775");
INSERT INTO ADDRESS (Contact_id, Address_type, Address, City, State, Zip) VALUES (187, "Home", "1 Kenwood Road", "Richardson", "Texas", "75064");
INSERT INTO DATE (Contact_id, Date_type, Date) VALUES (183, "BirthDate", "1966-04-08");
INSERT INTO CONTACT (Contact_id, Fname, Mname, Lname) VALUES (188, "Boigie", "", "Dabs");
INSERT INTO PHONE (Contact_id, Phone_type, Area_code, Number) VALUES (188, "Work", "364", "364-650-8064");
INSERT INTO PHONE (Contact_id, Phone_type, Area_code, Number) VALUES (188, "Cell", "658", "658-428-6437");
INSERT INTO ADDRESS (Contact_id, Address_type, Address, City, State, Zip) VALUES (188, "Work", "4440 Spenser Pass", "Allen", "Texas", "75002");
INSERT INTO DATE (Contact_id, Date_type, Date) VALUES (188, "BirthDate", "1988-06-26");
INSERT INTO CONTACT (Contact_id, Fname, Mname, Lname) VALUES (189, "Retha", "Cindelyn", "Twiddell");
INSERT INTO PHONE (Contact_id, Phone_type, Area_code, Number) VALUES (189, "Work", "732", "732-664-1953");
INSERT INTO PHONE (Contact_id, Phone_type, Area_code, Number) VALUES (189, "Cell", "666", "666-116-3670");
INSERT INTO ADDRESS (Contact_id, Address_type, Address, City, State, Zip) VALUES (188, "Work", "4440 Spenser Pass", "Allen", "Texas", "75002");
INSERT INTO DATE (Contact_id, Date_type, Date) VALUES (189, "BirthDate", "1977-05-10");
INSERT INTO CONTACT (Contact_id, Fname, Mname, Lname) VALUES (190, "Deva", "", "Dermott");
INSERT INTO PHONE (Contact_id, Phone_type, Area_code, Number) VALUES (190, "Work", "669", "669-622-5273");
INSERT INTO PHONE (Contact_id, Phone_type, Area_code, Number) VALUES (190, "Cell", "710", "710-160-0835");
INSERT INTO ADDRESS (Contact_id, Address_type, Address, City, State, Zip) VALUES (190, "Home", "1 Jay Parkway", "Plano", "Texas", "");
INSERT INTO DATE (Contact_id, Date_type, Date) VALUES (189, "BirthDate", "1977-05-10");
INSERT INTO CONTACT (Contact_id, Fname, Mname, Lname) VALUES (191, "Donavon", "", "Franses");
INSERT INTO PHONE (Contact_id, Phone_type, Area_code, Number) VALUES (191, "Home", "616", "616-408-2685");
INSERT INTO PHONE (Contact_id, Phone_type, Area_code, Number) VALUES (191, "Cell", "155", "155-927-4964");
INSERT INTO ADDRESS (Contact_id, Address_type, Address, City, State, Zip) VALUES (191, "Home", "4 Kinsman Junction", "Plano", "Texas", "75013");
INSERT INTO DATE (Contact_id, Date_type, Date) VALUES (189, "BirthDate", "1977-05-10");
INSERT INTO CONTACT (Contact_id, Fname, Mname, Lname) VALUES (192, "Francesco", "Yasmeen", "Bellini");
INSERT INTO PHONE (Contact_id, Phone_type, Area_code, Number) VALUES (192, "Work", "162", "162-660-8196");
INSERT INTO PHONE (Contact_id, Phone_type, Area_code, Number) VALUES (192, "Cell", "467", "467-144-6719");
INSERT INTO ADDRESS (Contact_id, Address_type, Address, City, State, Zip) VALUES (192, "Work", "0 Porter Place", "Dallas", "Texas", "75001");
INSERT INTO DATE (Contact_id, Date_type, Date) VALUES (189, "BirthDate", "1977-05-10");
INSERT INTO CONTACT (Contact_id, Fname, Mname, Lname) VALUES (193, "Tyler", "", "Luckcock");
INSERT INTO PHONE (Contact_id, Phone_type, Area_code, Number) VALUES (193, "Home", "719", "719-433-1940");
INSERT INTO PHONE (Contact_id, Phone_type, Area_code, Number) VALUES (193, "Cell", "307", "307-434-2713");
INSERT INTO ADDRESS (Contact_id, Address_type, Address, City, State, Zip) VALUES (193, "Home", "3396 Claremont Trail", "Allen", "Texas", "75018");
INSERT INTO DATE (Contact_id, Date_type, Date) VALUES (189, "BirthDate", "1977-05-10");
INSERT INTO CONTACT (Contact_id, Fname, Mname, Lname) VALUES (194, "Noni", "Sergent", "Ashleigh");
INSERT INTO PHONE (Contact_id, Phone_type, Area_code, Number) VALUES (194, "Work", "927", "927-824-8433");
INSERT INTO PHONE (Contact_id, Phone_type, Area_code, Number) VALUES (194, "Cell", "119", "119-187-2885");
INSERT INTO ADDRESS (Contact_id, Address_type, Address, City, State, Zip) VALUES (194, "Home", "04546 Tennyson Alley", "Plano", "Texas", "75027");
INSERT INTO DATE (Contact_id, Date_type, Date) VALUES (189, "BirthDate", "1977-05-10");
INSERT INTO CONTACT (Contact_id, Fname, Mname, Lname) VALUES (195, "Emmaline", "", "De Miranda");
INSERT INTO PHONE (Contact_id, Phone_type, Area_code, Number) VALUES (195, "Work", "935", "935-971-9145");
INSERT INTO PHONE (Contact_id, Phone_type, Area_code, Number) VALUES (195, "Cell", "739", "739-246-0573");
INSERT INTO ADDRESS (Contact_id, Address_type, Address, City, State, Zip) VALUES (195, "Home", "4 Bunting Plaza", "Addison", "Texas", "75085");
INSERT INTO DATE (Contact_id, Date_type, Date) VALUES (189, "BirthDate", "1977-05-10");
INSERT INTO CONTACT (Contact_id, Fname, Mname, Lname) VALUES (196, "Flossie", "Ruthe", "Hammerberg");
INSERT INTO PHONE (Contact_id, Phone_type, Area_code, Number) VALUES (196, "Work", "306", "306-748-2425");
INSERT INTO PHONE (Contact_id, Phone_type, Area_code, Number) VALUES (196, "Cell", "421", "421-829-5450");
INSERT INTO ADDRESS (Contact_id, Address_type, Address, City, State, Zip) VALUES (196, "Work", "386 Cordelia Crossing", "Richardson", "Texas", "75009");
INSERT INTO DATE (Contact_id, Date_type, Date) VALUES (196, "BirthDate", "1965-07-09");
INSERT INTO CONTACT (Contact_id, Fname, Mname, Lname) VALUES (197, "Alexander", "", "Witty");
INSERT INTO PHONE (Contact_id, Phone_type, Area_code, Number) VALUES (197, "Work", "784", "784-524-1493");
INSERT INTO PHONE (Contact_id, Phone_type, Area_code, Number) VALUES (197, "Cell", "334", "334-595-0964");
INSERT INTO ADDRESS (Contact_id, Address_type, Address, City, State, Zip) VALUES (197, "Home", "3774 Shoshone Hill", "Addison", "Texas", "75062");
INSERT INTO DATE (Contact_id, Date_type, Date) VALUES (196, "BirthDate", "1965-07-09");
INSERT INTO CONTACT (Contact_id, Fname, Mname, Lname) VALUES (198, "Jourdan", "", "Straneo");
INSERT INTO PHONE (Contact_id, Phone_type, Area_code, Number) VALUES (198, "Work", "528", "528-555-9675");
INSERT INTO PHONE (Contact_id, Phone_type, Area_code, Number) VALUES (198, "Cell", "542", "542-380-6173");
INSERT INTO ADDRESS (Contact_id, Address_type, Address, City, State, Zip) VALUES (198, "Work", "46162 Fuller Drive", "Dallas", "Texas", "75005");
INSERT INTO DATE (Contact_id, Date_type, Date) VALUES (198, "BirthDate", "1993-12-20");
INSERT INTO CONTACT (Contact_id, Fname, Mname, Lname) VALUES (199, "Buck", "", "Casterou");
INSERT INTO PHONE (Contact_id, Phone_type, Area_code, Number) VALUES (199, "Home", "928", "928-585-8252");
INSERT INTO PHONE (Contact_id, Phone_type, Area_code, Number) VALUES (199, "Cell", "860", "860-312-4413");
INSERT INTO ADDRESS (Contact_id, Address_type, Address, City, State, Zip) VALUES (199, "Work", "12259 Ruskin Crossing", "Addison", "Texas", "75008");
INSERT INTO DATE (Contact_id, Date_type, Date) VALUES (198, "BirthDate", "1993-12-20");
INSERT INTO CONTACT (Contact_id, Fname, Mname, Lname) VALUES (200, "Dulcinea", "Brandice", "Chazerand");
INSERT INTO PHONE (Contact_id, Phone_type, Area_code, Number) VALUES (200, "Home", "384", "384-681-2575");
INSERT INTO PHONE (Contact_id, Phone_type, Area_code, Number) VALUES (200, "Cell", "975", "975-952-1919");
INSERT INTO ADDRESS (Contact_id, Address_type, Address, City, State, Zip) VALUES (200, "Home", "8 Twin Pines Lane", "Richardson", "Texas", "75032");
INSERT INTO DATE (Contact_id, Date_type, Date) VALUES (198, "BirthDate", "1993-12-20");
INSERT INTO CONTACT (Contact_id, Fname, Mname, Lname) VALUES (201, "Marys", "Emmi", "Dellenbrok");
INSERT INTO PHONE (Contact_id, Phone_type, Area_code, Number) VALUES (201, "Work", "221", "221-904-6120");
INSERT INTO PHONE (Contact_id, Phone_type, Area_code, Number) VALUES (201, "Cell", "890", "890-454-6783");
INSERT INTO ADDRESS (Contact_id, Address_type, Address, City, State, Zip) VALUES (201, "Work", "7321 Declaration Alley", "Addison", "Texas", "75006");
INSERT INTO DATE (Contact_id, Date_type, Date) VALUES (201, "BirthDate", "1996-01-03");
INSERT INTO CONTACT (Contact_id, Fname, Mname, Lname) VALUES (202, "Tobit", "Gilbertine", "Deighan");
INSERT INTO PHONE (Contact_id, Phone_type, Area_code, Number) VALUES (202, "Home", "660", "660-223-6277");
INSERT INTO PHONE (Contact_id, Phone_type, Area_code, Number) VALUES (202, "Cell", "676", "676-107-4163");
INSERT INTO ADDRESS (Contact_id, Address_type, Address, City, State, Zip) VALUES (202, "Home", "091 Old Shore Plaza", "Richardson", "Texas", "75014");
INSERT INTO DATE (Contact_id, Date_type, Date) VALUES (202, "BirthDate", "1967-11-12");
INSERT INTO CONTACT (Contact_id, Fname, Mname, Lname) VALUES (203, "Dianne", "Arny", "Kedge");
INSERT INTO PHONE (Contact_id, Phone_type, Area_code, Number) VALUES (203, "Work", "418", "418-875-6867");
INSERT INTO PHONE (Contact_id, Phone_type, Area_code, Number) VALUES (203, "Cell", "589", "589-241-6333");
INSERT INTO ADDRESS (Contact_id, Address_type, Address, City, State, Zip) VALUES (203, "Home", "8 Sheridan Point", "Allen", "Texas", "");
INSERT INTO DATE (Contact_id, Date_type, Date) VALUES (203, "BirthDate", "1973-10-08");
INSERT INTO CONTACT (Contact_id, Fname, Mname, Lname) VALUES (204, "Aubrie", "", "Boddam");
INSERT INTO PHONE (Contact_id, Phone_type, Area_code, Number) VALUES (204, "Work", "713", "713-480-9106");
INSERT INTO PHONE (Contact_id, Phone_type, Area_code, Number) VALUES (204, "Cell", "455", "455-443-4902");
INSERT INTO ADDRESS (Contact_id, Address_type, Address, City, State, Zip) VALUES (204, "Work", "50544 Sutherland Drive", "Addison", "Texas", "75008");
INSERT INTO DATE (Contact_id, Date_type, Date) VALUES (204, "BirthDate", "1975-06-05");
INSERT INTO CONTACT (Contact_id, Fname, Mname, Lname) VALUES (205, "Gertrudis", "Simonne", "Streeton");
INSERT INTO PHONE (Contact_id, Phone_type, Area_code, Number) VALUES (205, "Work", "746", "746-410-5130");
INSERT INTO PHONE (Contact_id, Phone_type, Area_code, Number) VALUES (205, "Cell", "877", "877-939-3738");
INSERT INTO ADDRESS (Contact_id, Address_type, Address, City, State, Zip) VALUES (205, "Home", "41 Lakewood Terrace", "Allen", "Texas", "");
INSERT INTO DATE (Contact_id, Date_type, Date) VALUES (205, "BirthDate", "1974-06-13");
INSERT INTO CONTACT (Contact_id, Fname, Mname, Lname) VALUES (206, "Verine", "Mona", "McLucas");
INSERT INTO PHONE (Contact_id, Phone_type, Area_code, Number) VALUES (206, "Work", "244", "244-357-2839");
INSERT INTO PHONE (Contact_id, Phone_type, Area_code, Number) VALUES (206, "Cell", "753", "753-171-5682");
INSERT INTO ADDRESS (Contact_id, Address_type, Address, City, State, Zip) VALUES (206, "Work", "74 Thackeray Road", "Dallas", "Texas", "75008");
INSERT INTO DATE (Contact_id, Date_type, Date) VALUES (205, "BirthDate", "1974-06-13");
INSERT INTO CONTACT (Contact_id, Fname, Mname, Lname) VALUES (207, "Gerick", "", "Learoyd");
INSERT INTO PHONE (Contact_id, Phone_type, Area_code, Number) VALUES (206, "Work", "244", "244-357-2839");
INSERT INTO PHONE (Contact_id, Phone_type, Area_code, Number) VALUES (207, "Cell", "356", "356-576-5645");
INSERT INTO ADDRESS (Contact_id, Address_type, Address, City, State, Zip) VALUES (207, "Work", "4155 Holmberg Avenue", "Plano", "Texas", "75003");
INSERT INTO DATE (Contact_id, Date_type, Date) VALUES (207, "BirthDate", "1973-05-06");
INSERT INTO CONTACT (Contact_id, Fname, Mname, Lname) VALUES (208, "Mozelle", "", "Toplis");
INSERT INTO PHONE (Contact_id, Phone_type, Area_code, Number) VALUES (208, "Work", "677", "677-609-3277");
INSERT INTO PHONE (Contact_id, Phone_type, Area_code, Number) VALUES (208, "Cell", "786", "786-731-7679");
INSERT INTO ADDRESS (Contact_id, Address_type, Address, City, State, Zip) VALUES (208, "Home", "3 Buell Avenue", "Addison", "Texas", "");
INSERT INTO DATE (Contact_id, Date_type, Date) VALUES (208, "BirthDate", "1981-02-08");
INSERT INTO CONTACT (Contact_id, Fname, Mname, Lname) VALUES (209, "Luce", "Egan", "Kiss");
INSERT INTO PHONE (Contact_id, Phone_type, Area_code, Number) VALUES (209, "Home", "217", "217-357-8603");
INSERT INTO PHONE (Contact_id, Phone_type, Area_code, Number) VALUES (209, "Cell", "513", "513-711-1607");
INSERT INTO ADDRESS (Contact_id, Address_type, Address, City, State, Zip) VALUES (209, "Home", "054 Mccormick Court", "Richardson", "Texas", "75045");
INSERT INTO DATE (Contact_id, Date_type, Date) VALUES (209, "BirthDate", "1975-07-19");
INSERT INTO CONTACT (Contact_id, Fname, Mname, Lname) VALUES (210, "Giselbert", "Martynne", "McKeighan");
INSERT INTO PHONE (Contact_id, Phone_type, Area_code, Number) VALUES (210, "Work", "550", "550-570-7649");
INSERT INTO PHONE (Contact_id, Phone_type, Area_code, Number) VALUES (210, "Cell", "657", "657-297-0002");
INSERT INTO ADDRESS (Contact_id, Address_type, Address, City, State, Zip) VALUES (210, "Work", "26 Cardinal Point", "Dallas", "Texas", "75007");
INSERT INTO DATE (Contact_id, Date_type, Date) VALUES (209, "BirthDate", "1975-07-19");
INSERT INTO CONTACT (Contact_id, Fname, Mname, Lname) VALUES (211, "Ajay", "Fannie", "Meah");
INSERT INTO PHONE (Contact_id, Phone_type, Area_code, Number) VALUES (211, "Home", "131", "131-554-7673");
INSERT INTO PHONE (Contact_id, Phone_type, Area_code, Number) VALUES (211, "Cell", "842", "842-685-8134");
INSERT INTO ADDRESS (Contact_id, Address_type, Address, City, State, Zip) VALUES (211, "Home", "85937 Burrows Pass", "Addison", "Texas", "");
INSERT INTO DATE (Contact_id, Date_type, Date) VALUES (211, "BirthDate", "1972-10-05");
INSERT INTO CONTACT (Contact_id, Fname, Mname, Lname) VALUES (212, "Jammie", "", "Lavington");
INSERT INTO PHONE (Contact_id, Phone_type, Area_code, Number) VALUES (212, "Work", "577", "577-386-0520");
INSERT INTO PHONE (Contact_id, Phone_type, Area_code, Number) VALUES (212, "Cell", "572", "572-785-8740");
INSERT INTO ADDRESS (Contact_id, Address_type, Address, City, State, Zip) VALUES (212, "Work", "59544 Tomscot Pass", "Dallas", "Texas", "75006");
INSERT INTO DATE (Contact_id, Date_type, Date) VALUES (212, "BirthDate", "1969-09-19");
INSERT INTO CONTACT (Contact_id, Fname, Mname, Lname) VALUES (213, "Aluin", "Maddy", "Bohlmann");
INSERT INTO PHONE (Contact_id, Phone_type, Area_code, Number) VALUES (213, "Work", "137", "137-998-6889");
INSERT INTO PHONE (Contact_id, Phone_type, Area_code, Number) VALUES (213, "Cell", "789", "789-670-9179");
INSERT INTO ADDRESS (Contact_id, Address_type, Address, City, State, Zip) VALUES (213, "Work", "66 Valley Edge Terrace", "Richardson", "Texas", "75001");
INSERT INTO DATE (Contact_id, Date_type, Date) VALUES (213, "BirthDate", "1977-04-16");
INSERT INTO CONTACT (Contact_id, Fname, Mname, Lname) VALUES (214, "Shari", "", "Blanque");
INSERT INTO PHONE (Contact_id, Phone_type, Area_code, Number) VALUES (213, "Work", "137", "137-998-6889");
INSERT INTO PHONE (Contact_id, Phone_type, Area_code, Number) VALUES (214, "Cell", "954", "954-560-0159");
INSERT INTO ADDRESS (Contact_id, Address_type, Address, City, State, Zip) VALUES (213, "Work", "66 Valley Edge Terrace", "Richardson", "Texas", "75001");
INSERT INTO DATE (Contact_id, Date_type, Date) VALUES (214, "BirthDate", "1981-01-02");
INSERT INTO CONTACT (Contact_id, Fname, Mname, Lname) VALUES (215, "Clementius", "Alfy", "Lewinton");
INSERT INTO PHONE (Contact_id, Phone_type, Area_code, Number) VALUES (215, "Work", "585", "585-884-7792");
INSERT INTO PHONE (Contact_id, Phone_type, Area_code, Number) VALUES (215, "Cell", "111", "111-927-8581");
INSERT INTO ADDRESS (Contact_id, Address_type, Address, City, State, Zip) VALUES (213, "Work", "66 Valley Edge Terrace", "Richardson", "Texas", "75001");
INSERT INTO DATE (Contact_id, Date_type, Date) VALUES (214, "BirthDate", "1981-01-02");
INSERT INTO CONTACT (Contact_id, Fname, Mname, Lname) VALUES (216, "Markus", "", "Cogzell");
INSERT INTO PHONE (Contact_id, Phone_type, Area_code, Number) VALUES (216, "Work", "770", "770-578-3527");
INSERT INTO PHONE (Contact_id, Phone_type, Area_code, Number) VALUES (215, "Cell", "111", "111-927-8581");
INSERT INTO ADDRESS (Contact_id, Address_type, Address, City, State, Zip) VALUES (216, "Work", "858 Red Cloud Trail", "Dallas", "Texas", "75002");
INSERT INTO DATE (Contact_id, Date_type, Date) VALUES (214, "BirthDate", "1981-01-02");
INSERT INTO CONTACT (Contact_id, Fname, Mname, Lname) VALUES (217, "Melessa", "Ellerey", "Kliement");
INSERT INTO PHONE (Contact_id, Phone_type, Area_code, Number) VALUES (217, "Work", "724", "724-777-7402");
INSERT INTO PHONE (Contact_id, Phone_type, Area_code, Number) VALUES (217, "Cell", "237", "237-677-8793");
INSERT INTO ADDRESS (Contact_id, Address_type, Address, City, State, Zip) VALUES (217, "Work", "019 Utah Circle", "Addison", "Texas", "75004");
INSERT INTO DATE (Contact_id, Date_type, Date) VALUES (214, "BirthDate", "1981-01-02");
INSERT INTO CONTACT (Contact_id, Fname, Mname, Lname) VALUES (218, "Manon", "Rudy", "Barthrup");
INSERT INTO PHONE (Contact_id, Phone_type, Area_code, Number) VALUES (217, "Work", "724", "724-777-7402");
INSERT INTO PHONE (Contact_id, Phone_type, Area_code, Number) VALUES (218, "Cell", "943", "943-829-3863");
INSERT INTO ADDRESS (Contact_id, Address_type, Address, City, State, Zip) VALUES (218, "Work", "14 Talisman Street", "Allen", "Texas", "75009");
INSERT INTO DATE (Contact_id, Date_type, Date) VALUES (218, "BirthDate", "1990-11-30");
INSERT INTO CONTACT (Contact_id, Fname, Mname, Lname) VALUES (219, "Amalle", "", "Brandsma");
INSERT INTO PHONE (Contact_id, Phone_type, Area_code, Number) VALUES (219, "Home", "570", "570-326-2552");
INSERT INTO PHONE (Contact_id, Phone_type, Area_code, Number) VALUES (219, "Cell", "346", "346-897-2782");
INSERT INTO ADDRESS (Contact_id, Address_type, Address, City, State, Zip) VALUES (219, "Home", "2250 Bunting Point", "Addison", "Texas", "75061");
INSERT INTO DATE (Contact_id, Date_type, Date) VALUES (219, "BirthDate", "1982-03-16");
INSERT INTO CONTACT (Contact_id, Fname, Mname, Lname) VALUES (220, "Marjory", "Libbie", "Nutton");
INSERT INTO PHONE (Contact_id, Phone_type, Area_code, Number) VALUES (220, "Work", "391", "391-234-9494");
INSERT INTO PHONE (Contact_id, Phone_type, Area_code, Number) VALUES (220, "Cell", "807", "807-509-2962");
INSERT INTO ADDRESS (Contact_id, Address_type, Address, City, State, Zip) VALUES (220, "Home", "86414 Gateway Alley", "Plano", "Texas", "75082");
INSERT INTO DATE (Contact_id, Date_type, Date) VALUES (220, "BirthDate", "1971-05-25");
INSERT INTO CONTACT (Contact_id, Fname, Mname, Lname) VALUES (221, "Ivory", "", "Brodeur");
INSERT INTO PHONE (Contact_id, Phone_type, Area_code, Number) VALUES (220, "Work", "391", "391-234-9494");
INSERT INTO PHONE (Contact_id, Phone_type, Area_code, Number) VALUES (221, "Cell", "537", "537-449-9605");
INSERT INTO ADDRESS (Contact_id, Address_type, Address, City, State, Zip) VALUES (221, "Home", "7 Hagan Parkway", "Richardson", "Texas", "");
INSERT INTO DATE (Contact_id, Date_type, Date) VALUES (220, "BirthDate", "1971-05-25");
INSERT INTO CONTACT (Contact_id, Fname, Mname, Lname) VALUES (222, "Fey", "Adan", "Armfirld");
INSERT INTO PHONE (Contact_id, Phone_type, Area_code, Number) VALUES (222, "Work", "297", "297-662-7654");
INSERT INTO PHONE (Contact_id, Phone_type, Area_code, Number) VALUES (222, "Cell", "815", "815-680-8501");
INSERT INTO ADDRESS (Contact_id, Address_type, Address, City, State, Zip) VALUES (222, "Work", "4 Roth Road", "Allen", "Texas", "75009");
INSERT INTO DATE (Contact_id, Date_type, Date) VALUES (220, "BirthDate", "1971-05-25");
INSERT INTO CONTACT (Contact_id, Fname, Mname, Lname) VALUES (223, "Chaim", "Inglis", "Allot");
INSERT INTO PHONE (Contact_id, Phone_type, Area_code, Number) VALUES (223, "Work", "861", "861-527-6830");
INSERT INTO PHONE (Contact_id, Phone_type, Area_code, Number) VALUES (223, "Cell", "885", "885-336-0223");
INSERT INTO ADDRESS (Contact_id, Address_type, Address, City, State, Zip) VALUES (223, "Work", "75 Evergreen Road", "Addison", "Texas", "75005");
INSERT INTO DATE (Contact_id, Date_type, Date) VALUES (223, "BirthDate", "1977-10-26");
INSERT INTO CONTACT (Contact_id, Fname, Mname, Lname) VALUES (224, "Gabriell", "", "Quinton");
INSERT INTO PHONE (Contact_id, Phone_type, Area_code, Number) VALUES (224, "Work", "855", "855-460-1939");
INSERT INTO PHONE (Contact_id, Phone_type, Area_code, Number) VALUES (224, "Cell", "279", "279-915-7881");
INSERT INTO ADDRESS (Contact_id, Address_type, Address, City, State, Zip) VALUES (223, "Work", "75 Evergreen Road", "Addison", "Texas", "75005");
INSERT INTO DATE (Contact_id, Date_type, Date) VALUES (224, "BirthDate", "1971-09-11");
INSERT INTO CONTACT (Contact_id, Fname, Mname, Lname) VALUES (225, "Pauline", "", "Penright");
INSERT INTO PHONE (Contact_id, Phone_type, Area_code, Number) VALUES (225, "Home", "919", "919-608-1138");
INSERT INTO PHONE (Contact_id, Phone_type, Area_code, Number) VALUES (225, "Cell", "874", "874-561-1064");
INSERT INTO ADDRESS (Contact_id, Address_type, Address, City, State, Zip) VALUES (225, "Home", "51 Dexter Drive", "Dallas", "Texas", "75032");
INSERT INTO DATE (Contact_id, Date_type, Date) VALUES (225, "BirthDate", "1984-12-03");
INSERT INTO CONTACT (Contact_id, Fname, Mname, Lname) VALUES (226, "Mohandas", "Di", "Burnip");
INSERT INTO PHONE (Contact_id, Phone_type, Area_code, Number) VALUES (226, "Work", "702", "702-920-2292");
INSERT INTO PHONE (Contact_id, Phone_type, Area_code, Number) VALUES (226, "Cell", "678", "678-756-8685");
INSERT INTO ADDRESS (Contact_id, Address_type, Address, City, State, Zip) VALUES (225, "Home", "51 Dexter Drive", "Dallas", "Texas", "75032");
INSERT INTO DATE (Contact_id, Date_type, Date) VALUES (225, "BirthDate", "1984-12-03");
INSERT INTO CONTACT (Contact_id, Fname, Mname, Lname) VALUES (227, "Antonia", "", "Fligg");
INSERT INTO PHONE (Contact_id, Phone_type, Area_code, Number) VALUES (226, "Work", "702", "702-920-2292");
INSERT INTO PHONE (Contact_id, Phone_type, Area_code, Number) VALUES (227, "Cell", "630", "630-405-4842");
INSERT INTO ADDRESS (Contact_id, Address_type, Address, City, State, Zip) VALUES (227, "Work", "644 Towne Junction", "Dallas", "Texas", "75004");
INSERT INTO DATE (Contact_id, Date_type, Date) VALUES (227, "BirthDate", "1965-10-29");
INSERT INTO CONTACT (Contact_id, Fname, Mname, Lname) VALUES (228, "Natka", "", "Rusted");
INSERT INTO PHONE (Contact_id, Phone_type, Area_code, Number) VALUES (228, "Work", "894", "894-507-0455");
INSERT INTO PHONE (Contact_id, Phone_type, Area_code, Number) VALUES (228, "Cell", "333", "333-696-7735");
INSERT INTO ADDRESS (Contact_id, Address_type, Address, City, State, Zip) VALUES (228, "Home", "267 Russell Park", "Addison", "Texas", "");
INSERT INTO DATE (Contact_id, Date_type, Date) VALUES (227, "BirthDate", "1965-10-29");
INSERT INTO CONTACT (Contact_id, Fname, Mname, Lname) VALUES (229, "Willis", "Cynthea", "Arnecke");
INSERT INTO PHONE (Contact_id, Phone_type, Area_code, Number) VALUES (229, "Home", "653", "653-718-0691");
INSERT INTO PHONE (Contact_id, Phone_type, Area_code, Number) VALUES (229, "Cell", "707", "707-137-5452");
INSERT INTO ADDRESS (Contact_id, Address_type, Address, City, State, Zip) VALUES (229, "Work", "3387 Old Shore Pass", "Richardson", "Texas", "75005");
INSERT INTO DATE (Contact_id, Date_type, Date) VALUES (227, "BirthDate", "1965-10-29");
INSERT INTO CONTACT (Contact_id, Fname, Mname, Lname) VALUES (230, "Arvie", "Carly", "Collinson");
INSERT INTO PHONE (Contact_id, Phone_type, Area_code, Number) VALUES (230, "Work", "640", "640-427-7474");
INSERT INTO PHONE (Contact_id, Phone_type, Area_code, Number) VALUES (230, "Cell", "996", "996-239-6282");
INSERT INTO ADDRESS (Contact_id, Address_type, Address, City, State, Zip) VALUES (230, "Home", "44995 Johnson Court", "Allen", "Texas", "75003");
INSERT INTO DATE (Contact_id, Date_type, Date) VALUES (230, "BirthDate", "1977-06-24");
INSERT INTO CONTACT (Contact_id, Fname, Mname, Lname) VALUES (231, "Lucinda", "Chelsey", "Vivash");
INSERT INTO PHONE (Contact_id, Phone_type, Area_code, Number) VALUES (231, "Work", "939", "939-857-8068");
INSERT INTO PHONE (Contact_id, Phone_type, Area_code, Number) VALUES (231, "Cell", "885", "885-591-7975");
INSERT INTO ADDRESS (Contact_id, Address_type, Address, City, State, Zip) VALUES (231, "Home", "3 Village Green Parkway", "Addison", "Texas", "75023");
INSERT INTO DATE (Contact_id, Date_type, Date) VALUES (231, "BirthDate", "1979-08-17");
INSERT INTO CONTACT (Contact_id, Fname, Mname, Lname) VALUES (232, "Alica", "", "McCumskay");
INSERT INTO PHONE (Contact_id, Phone_type, Area_code, Number) VALUES (232, "Work", "517", "517-733-5398");
INSERT INTO PHONE (Contact_id, Phone_type, Area_code, Number) VALUES (232, "Cell", "419", "419-189-5639");
INSERT INTO ADDRESS (Contact_id, Address_type, Address, City, State, Zip) VALUES (231, "Home", "3 Village Green Parkway", "Addison", "Texas", "75023");
INSERT INTO DATE (Contact_id, Date_type, Date) VALUES (232, "BirthDate", "1984-12-28");
INSERT INTO CONTACT (Contact_id, Fname, Mname, Lname) VALUES (233, "Duff", "Belle", "Jimmes");
INSERT INTO PHONE (Contact_id, Phone_type, Area_code, Number) VALUES (233, "Work", "957", "957-469-7349");
INSERT INTO PHONE (Contact_id, Phone_type, Area_code, Number) VALUES (233, "Cell", "970", "970-819-3933");
INSERT INTO ADDRESS (Contact_id, Address_type, Address, City, State, Zip) VALUES (233, "Work", "049 Lerdahl Avenue", "Plano", "Texas", "75002");
INSERT INTO DATE (Contact_id, Date_type, Date) VALUES (233, "BirthDate", "1970-12-06");
INSERT INTO CONTACT (Contact_id, Fname, Mname, Lname) VALUES (234, "Von", "Yule", "Cornell");
INSERT INTO PHONE (Contact_id, Phone_type, Area_code, Number) VALUES (234, "Work", "737", "737-734-5439");
INSERT INTO PHONE (Contact_id, Phone_type, Area_code, Number) VALUES (234, "Cell", "122", "122-939-1039");
INSERT INTO ADDRESS (Contact_id, Address_type, Address, City, State, Zip) VALUES (233, "Work", "049 Lerdahl Avenue", "Plano", "Texas", "75002");
INSERT INTO DATE (Contact_id, Date_type, Date) VALUES (234, "BirthDate", "1985-01-19");
INSERT INTO CONTACT (Contact_id, Fname, Mname, Lname) VALUES (235, "Thaxter", "Husein", "Beaze");
INSERT INTO PHONE (Contact_id, Phone_type, Area_code, Number) VALUES (235, "Work", "785", "785-818-6829");
INSERT INTO PHONE (Contact_id, Phone_type, Area_code, Number) VALUES (235, "Cell", "381", "381-747-2286");
INSERT INTO ADDRESS (Contact_id, Address_type, Address, City, State, Zip) VALUES (235, "Home", "6 Valley Edge Hill", "Addison", "Texas", "75025");
INSERT INTO DATE (Contact_id, Date_type, Date) VALUES (235, "BirthDate", "1981-03-25");
INSERT INTO CONTACT (Contact_id, Fname, Mname, Lname) VALUES (236, "Danny", "Kellby", "Hawarden");
INSERT INTO PHONE (Contact_id, Phone_type, Area_code, Number) VALUES (236, "Work", "691", "691-960-7950");
INSERT INTO PHONE (Contact_id, Phone_type, Area_code, Number) VALUES (236, "Cell", "584", "584-484-5052");
INSERT INTO ADDRESS (Contact_id, Address_type, Address, City, State, Zip) VALUES (236, "Home", "390 Kenwood Hill", "Richardson", "Texas", "75023");
INSERT INTO DATE (Contact_id, Date_type, Date) VALUES (236, "BirthDate", "1985-06-10");
INSERT INTO CONTACT (Contact_id, Fname, Mname, Lname) VALUES (237, "Wyatan", "Brandon", "Benettolo");
INSERT INTO PHONE (Contact_id, Phone_type, Area_code, Number) VALUES (237, "Work", "141", "141-363-0839");
INSERT INTO PHONE (Contact_id, Phone_type, Area_code, Number) VALUES (237, "Cell", "692", "692-668-4655");
INSERT INTO ADDRESS (Contact_id, Address_type, Address, City, State, Zip) VALUES (236, "Home", "390 Kenwood Hill", "Richardson", "Texas", "75023");
INSERT INTO DATE (Contact_id, Date_type, Date) VALUES (237, "BirthDate", "1993-01-27");
INSERT INTO CONTACT (Contact_id, Fname, Mname, Lname) VALUES (238, "Baxter", "", "Grierson");
INSERT INTO PHONE (Contact_id, Phone_type, Area_code, Number) VALUES (238, "Work", "615", "615-408-7705");
INSERT INTO PHONE (Contact_id, Phone_type, Area_code, Number) VALUES (238, "Cell", "530", "530-939-4107");
INSERT INTO ADDRESS (Contact_id, Address_type, Address, City, State, Zip) VALUES (238, "Home", "13429 Northport Circle", "Richardson", "Texas", "75051");
INSERT INTO DATE (Contact_id, Date_type, Date) VALUES (237, "BirthDate", "1993-01-27");
INSERT INTO CONTACT (Contact_id, Fname, Mname, Lname) VALUES (239, "Hort", "Clarinda", "Grigorushkin");
INSERT INTO PHONE (Contact_id, Phone_type, Area_code, Number) VALUES (239, "Home", "360", "360-261-3677");
INSERT INTO PHONE (Contact_id, Phone_type, Area_code, Number) VALUES (239, "Cell", "159", "159-352-8021");
INSERT INTO ADDRESS (Contact_id, Address_type, Address, City, State, Zip) VALUES (239, "Work", "49001 Superior Place", "Addison", "Texas", "75004");
INSERT INTO DATE (Contact_id, Date_type, Date) VALUES (239, "BirthDate", "1969-03-03");
INSERT INTO CONTACT (Contact_id, Fname, Mname, Lname) VALUES (240, "Nessi", "", "Steedman");
INSERT INTO PHONE (Contact_id, Phone_type, Area_code, Number) VALUES (239, "Home", "360", "360-261-3677");
INSERT INTO PHONE (Contact_id, Phone_type, Area_code, Number) VALUES (240, "Cell", "131", "131-454-9471");
INSERT INTO ADDRESS (Contact_id, Address_type, Address, City, State, Zip) VALUES (240, "Home", "3595 Huxley Way", "Addison", "Texas", "75052");
INSERT INTO DATE (Contact_id, Date_type, Date) VALUES (240, "BirthDate", "1992-04-01");
INSERT INTO CONTACT (Contact_id, Fname, Mname, Lname) VALUES (241, "Anestassia", "Glennie", "Calcraft");
INSERT INTO PHONE (Contact_id, Phone_type, Area_code, Number) VALUES (241, "Work", "943", "943-658-5773");
INSERT INTO PHONE (Contact_id, Phone_type, Area_code, Number) VALUES (241, "Cell", "883", "883-698-2435");
INSERT INTO ADDRESS (Contact_id, Address_type, Address, City, State, Zip) VALUES (241, "Work", "2975 Clemons Junction", "Allen", "Texas", "75002");
INSERT INTO DATE (Contact_id, Date_type, Date) VALUES (240, "BirthDate", "1992-04-01");
INSERT INTO CONTACT (Contact_id, Fname, Mname, Lname) VALUES (242, "Caril", "", "Currier");
INSERT INTO PHONE (Contact_id, Phone_type, Area_code, Number) VALUES (242, "Home", "216", "216-219-8508");
INSERT INTO PHONE (Contact_id, Phone_type, Area_code, Number) VALUES (242, "Cell", "223", "223-145-1656");
INSERT INTO ADDRESS (Contact_id, Address_type, Address, City, State, Zip) VALUES (242, "Work", "40898 Sunbrook Junction", "Plano", "Texas", "75009");
INSERT INTO DATE (Contact_id, Date_type, Date) VALUES (242, "BirthDate", "1987-10-26");
INSERT INTO CONTACT (Contact_id, Fname, Mname, Lname) VALUES (243, "Giorgia", "Lanae", "Van Dalen");
INSERT INTO PHONE (Contact_id, Phone_type, Area_code, Number) VALUES (242, "Home", "216", "216-219-8508");
INSERT INTO PHONE (Contact_id, Phone_type, Area_code, Number) VALUES (243, "Cell", "999", "999-916-5458");
INSERT INTO ADDRESS (Contact_id, Address_type, Address, City, State, Zip) VALUES (243, "Work", "58664 Florence Center", "Addison", "Texas", "75003");
INSERT INTO DATE (Contact_id, Date_type, Date) VALUES (242, "BirthDate", "1987-10-26");
INSERT INTO CONTACT (Contact_id, Fname, Mname, Lname) VALUES (244, "Blythe", "", "Gerhardt");
INSERT INTO PHONE (Contact_id, Phone_type, Area_code, Number) VALUES (244, "Work", "692", "692-610-7221");
INSERT INTO PHONE (Contact_id, Phone_type, Area_code, Number) VALUES (244, "Cell", "226", "226-203-9541");
INSERT INTO ADDRESS (Contact_id, Address_type, Address, City, State, Zip) VALUES (244, "Work", "8 Little Fleur Road", "Richardson", "Texas", "75006");
INSERT INTO DATE (Contact_id, Date_type, Date) VALUES (242, "BirthDate", "1987-10-26");
INSERT INTO CONTACT (Contact_id, Fname, Mname, Lname) VALUES (245, "Gillan", "Dannie", "Bertlin");
INSERT INTO PHONE (Contact_id, Phone_type, Area_code, Number) VALUES (245, "Work", "177", "177-712-1163");
INSERT INTO PHONE (Contact_id, Phone_type, Area_code, Number) VALUES (245, "Cell", "728", "728-170-8971");
INSERT INTO ADDRESS (Contact_id, Address_type, Address, City, State, Zip) VALUES (245, "Home", "16 Knutson Pass", "Allen", "Texas", "");
INSERT INTO DATE (Contact_id, Date_type, Date) VALUES (245, "BirthDate", "1990-03-25");
INSERT INTO CONTACT (Contact_id, Fname, Mname, Lname) VALUES (246, "Tracey", "Arlen", "Champneys");
INSERT INTO PHONE (Contact_id, Phone_type, Area_code, Number) VALUES (246, "Work", "515", "515-598-3351");
INSERT INTO PHONE (Contact_id, Phone_type, Area_code, Number) VALUES (246, "Cell", "510", "510-441-3400");
INSERT INTO ADDRESS (Contact_id, Address_type, Address, City, State, Zip) VALUES (245, "Home", "16 Knutson Pass", "Allen", "Texas", "");
INSERT INTO DATE (Contact_id, Date_type, Date) VALUES (245, "BirthDate", "1990-03-25");
INSERT INTO CONTACT (Contact_id, Fname, Mname, Lname) VALUES (247, "Turner", "Harri", "Impleton");
INSERT INTO PHONE (Contact_id, Phone_type, Area_code, Number) VALUES (247, "Work", "909", "909-657-7010");
INSERT INTO PHONE (Contact_id, Phone_type, Area_code, Number) VALUES (247, "Cell", "704", "704-231-1831");
INSERT INTO ADDRESS (Contact_id, Address_type, Address, City, State, Zip) VALUES (247, "Work", "48607 Pankratz Crossing", "Dallas", "Texas", "75008");
INSERT INTO DATE (Contact_id, Date_type, Date) VALUES (245, "BirthDate", "1990-03-25");
INSERT INTO CONTACT (Contact_id, Fname, Mname, Lname) VALUES (248, "Harriett", "Junina", "Deinert");
INSERT INTO PHONE (Contact_id, Phone_type, Area_code, Number) VALUES (248, "Work", "621", "621-282-4315");
INSERT INTO PHONE (Contact_id, Phone_type, Area_code, Number) VALUES (248, "Cell", "927", "927-393-3874");
INSERT INTO ADDRESS (Contact_id, Address_type, Address, City, State, Zip) VALUES (248, "Work", "960 Sunnyside Hill", "Dallas", "Texas", "75009");
INSERT INTO DATE (Contact_id, Date_type, Date) VALUES (248, "BirthDate", "1966-01-13");
INSERT INTO CONTACT (Contact_id, Fname, Mname, Lname) VALUES (249, "Charmian", "Damon", "Creigan");
INSERT INTO PHONE (Contact_id, Phone_type, Area_code, Number) VALUES (249, "Work", "565", "565-530-1901");
INSERT INTO PHONE (Contact_id, Phone_type, Area_code, Number) VALUES (249, "Cell", "911", "911-980-1743");
INSERT INTO ADDRESS (Contact_id, Address_type, Address, City, State, Zip) VALUES (249, "Work", "71 Gerald Road", "Dallas", "Texas", "75007");
INSERT INTO DATE (Contact_id, Date_type, Date) VALUES (248, "BirthDate", "1966-01-13");
INSERT INTO CONTACT (Contact_id, Fname, Mname, Lname) VALUES (250, "Dav", "Sibilla", "Machel");
INSERT INTO PHONE (Contact_id, Phone_type, Area_code, Number) VALUES (249, "Work", "565", "565-530-1901");
INSERT INTO PHONE (Contact_id, Phone_type, Area_code, Number) VALUES (250, "Cell", "777", "777-692-0874");
INSERT INTO ADDRESS (Contact_id, Address_type, Address, City, State, Zip) VALUES (250, "Home", "5 Jana Alley", "Richardson", "Texas", "75063");
INSERT INTO DATE (Contact_id, Date_type, Date) VALUES (250, "BirthDate", "1970-03-02");
INSERT INTO CONTACT (Contact_id, Fname, Mname, Lname) VALUES (251, "Hogan", "Jilly", "Wandtke");
INSERT INTO PHONE (Contact_id, Phone_type, Area_code, Number) VALUES (251, "Work", "221", "221-153-7818");
INSERT INTO PHONE (Contact_id, Phone_type, Area_code, Number) VALUES (251, "Cell", "652", "652-464-2372");
INSERT INTO ADDRESS (Contact_id, Address_type, Address, City, State, Zip) VALUES (251, "Work", "9 Declaration Street", "Richardson", "Texas", "75005");
INSERT INTO DATE (Contact_id, Date_type, Date) VALUES (251, "BirthDate", "1984-10-10");
INSERT INTO CONTACT (Contact_id, Fname, Mname, Lname) VALUES (252, "Leanna", "", "Meates");
INSERT INTO PHONE (Contact_id, Phone_type, Area_code, Number) VALUES (252, "Work", "567", "567-242-8553");
INSERT INTO PHONE (Contact_id, Phone_type, Area_code, Number) VALUES (252, "Cell", "315", "315-345-3420");
INSERT INTO ADDRESS (Contact_id, Address_type, Address, City, State, Zip) VALUES (252, "Work", "12969 Lighthouse Bay Lane", "Addison", "Texas", "75005");
INSERT INTO DATE (Contact_id, Date_type, Date) VALUES (252, "BirthDate", "1977-09-23");
INSERT INTO CONTACT (Contact_id, Fname, Mname, Lname) VALUES (253, "Barnabas", "", "Lowde");
INSERT INTO PHONE (Contact_id, Phone_type, Area_code, Number) VALUES (253, "Home", "393", "393-933-6921");
INSERT INTO PHONE (Contact_id, Phone_type, Area_code, Number) VALUES (253, "Cell", "358", "358-481-9889");
INSERT INTO ADDRESS (Contact_id, Address_type, Address, City, State, Zip) VALUES (253, "Work", "0615 Hooker Way", "Richardson", "Texas", "75002");
INSERT INTO DATE (Contact_id, Date_type, Date) VALUES (253, "BirthDate", "1989-03-26");
INSERT INTO CONTACT (Contact_id, Fname, Mname, Lname) VALUES (254, "Daven", "Harman", "O'Hengerty");
INSERT INTO PHONE (Contact_id, Phone_type, Area_code, Number) VALUES (254, "Work", "226", "226-990-8334");
INSERT INTO PHONE (Contact_id, Phone_type, Area_code, Number) VALUES (254, "Cell", "842", "842-207-9733");
INSERT INTO ADDRESS (Contact_id, Address_type, Address, City, State, Zip) VALUES (254, "Work", "8412 Anhalt Road", "Richardson", "Texas", "75001");
INSERT INTO DATE (Contact_id, Date_type, Date) VALUES (253, "BirthDate", "1989-03-26");
INSERT INTO CONTACT (Contact_id, Fname, Mname, Lname) VALUES (255, "Sabina", "Forbes", "Nix");
INSERT INTO PHONE (Contact_id, Phone_type, Area_code, Number) VALUES (255, "Work", "963", "963-618-3936");
INSERT INTO PHONE (Contact_id, Phone_type, Area_code, Number) VALUES (255, "Cell", "864", "864-714-1199");
INSERT INTO ADDRESS (Contact_id, Address_type, Address, City, State, Zip) VALUES (255, "Work", "00752 Carey Avenue", "Addison", "Texas", "75006");
INSERT INTO DATE (Contact_id, Date_type, Date) VALUES (255, "BirthDate", "1971-07-17");
INSERT INTO CONTACT (Contact_id, Fname, Mname, Lname) VALUES (256, "Joscelin", "Chloe", "Cranstoun");
INSERT INTO PHONE (Contact_id, Phone_type, Area_code, Number) VALUES (256, "Home", "563", "563-898-4407");
INSERT INTO PHONE (Contact_id, Phone_type, Area_code, Number) VALUES (256, "Cell", "162", "162-326-8857");
INSERT INTO ADDRESS (Contact_id, Address_type, Address, City, State, Zip) VALUES (256, "Work", "7529 Upham Drive", "Allen", "Texas", "75009");
INSERT INTO DATE (Contact_id, Date_type, Date) VALUES (255, "BirthDate", "1971-07-17");
INSERT INTO CONTACT (Contact_id, Fname, Mname, Lname) VALUES (257, "Caryl", "Bartie", "Culp");
INSERT INTO PHONE (Contact_id, Phone_type, Area_code, Number) VALUES (257, "Work", "560", "560-533-3577");
INSERT INTO PHONE (Contact_id, Phone_type, Area_code, Number) VALUES (257, "Cell", "476", "476-246-1194");
INSERT INTO ADDRESS (Contact_id, Address_type, Address, City, State, Zip) VALUES (257, "Home", "42330 Hooker Parkway", "Allen", "Texas", "75073");
INSERT INTO DATE (Contact_id, Date_type, Date) VALUES (255, "BirthDate", "1971-07-17");
INSERT INTO CONTACT (Contact_id, Fname, Mname, Lname) VALUES (258, "Ive", "Anthe", "Rozier");
INSERT INTO PHONE (Contact_id, Phone_type, Area_code, Number) VALUES (258, "Home", "593", "593-520-4976");
INSERT INTO PHONE (Contact_id, Phone_type, Area_code, Number) VALUES (257, "Cell", "476", "476-246-1194");
INSERT INTO ADDRESS (Contact_id, Address_type, Address, City, State, Zip) VALUES (258, "Work", "1 Paget Trail", "Addison", "Texas", "75001");
INSERT INTO DATE (Contact_id, Date_type, Date) VALUES (255, "BirthDate", "1971-07-17");
INSERT INTO CONTACT (Contact_id, Fname, Mname, Lname) VALUES (259, "Sibbie", "", "Brolechan");
INSERT INTO PHONE (Contact_id, Phone_type, Area_code, Number) VALUES (258, "Home", "593", "593-520-4976");
INSERT INTO PHONE (Contact_id, Phone_type, Area_code, Number) VALUES (259, "Cell", "741", "741-804-6153");
INSERT INTO ADDRESS (Contact_id, Address_type, Address, City, State, Zip) VALUES (259, "Home", "27 Lotheville Road", "Dallas", "Texas", "");
INSERT INTO DATE (Contact_id, Date_type, Date) VALUES (259, "BirthDate", "1991-04-06");
INSERT INTO CONTACT (Contact_id, Fname, Mname, Lname) VALUES (260, "Elwin", "", "Kendal");
INSERT INTO PHONE (Contact_id, Phone_type, Area_code, Number) VALUES (260, "Work", "678", "678-278-9610");
INSERT INTO PHONE (Contact_id, Phone_type, Area_code, Number) VALUES (260, "Cell", "283", "283-519-9469");
INSERT INTO ADDRESS (Contact_id, Address_type, Address, City, State, Zip) VALUES (260, "Home", "81 Talisman Point", "Allen", "Texas", "75010");
INSERT INTO DATE (Contact_id, Date_type, Date) VALUES (260, "BirthDate", "1969-10-17");
INSERT INTO CONTACT (Contact_id, Fname, Mname, Lname) VALUES (261, "Quintin", "", "Broddle");
INSERT INTO PHONE (Contact_id, Phone_type, Area_code, Number) VALUES (260, "Work", "678", "678-278-9610");
INSERT INTO PHONE (Contact_id, Phone_type, Area_code, Number) VALUES (261, "Cell", "945", "945-878-4565");
INSERT INTO ADDRESS (Contact_id, Address_type, Address, City, State, Zip) VALUES (261, "Home", "0 Oakridge Center", "Plano", "Texas", "");
INSERT INTO DATE (Contact_id, Date_type, Date) VALUES (261, "BirthDate", "1986-12-04");
INSERT INTO CONTACT (Contact_id, Fname, Mname, Lname) VALUES (262, "Alfie", "", "Elgee");
INSERT INTO PHONE (Contact_id, Phone_type, Area_code, Number) VALUES (262, "Work", "159", "159-680-7922");
INSERT INTO PHONE (Contact_id, Phone_type, Area_code, Number) VALUES (262, "Cell", "246", "246-174-7624");
INSERT INTO ADDRESS (Contact_id, Address_type, Address, City, State, Zip) VALUES (262, "Work", "21 Summit Terrace", "Addison", "Texas", "75005");
INSERT INTO DATE (Contact_id, Date_type, Date) VALUES (261, "BirthDate", "1986-12-04");
INSERT INTO CONTACT (Contact_id, Fname, Mname, Lname) VALUES (263, "Christa", "Amelina", "Gremain");
INSERT INTO PHONE (Contact_id, Phone_type, Area_code, Number) VALUES (263, "Work", "665", "665-471-8093");
INSERT INTO PHONE (Contact_id, Phone_type, Area_code, Number) VALUES (263, "Cell", "790", "790-858-7895");
INSERT INTO ADDRESS (Contact_id, Address_type, Address, City, State, Zip) VALUES (263, "Work", "6 Fremont Park", "Allen", "Texas", "75009");
INSERT INTO DATE (Contact_id, Date_type, Date) VALUES (261, "BirthDate", "1986-12-04");
INSERT INTO CONTACT (Contact_id, Fname, Mname, Lname) VALUES (264, "Ronnica", "", "Heads");
INSERT INTO PHONE (Contact_id, Phone_type, Area_code, Number) VALUES (264, "Work", "615", "615-291-2936");
INSERT INTO PHONE (Contact_id, Phone_type, Area_code, Number) VALUES (264, "Cell", "538", "538-789-7767");
INSERT INTO ADDRESS (Contact_id, Address_type, Address, City, State, Zip) VALUES (264, "Work", "1 Prentice Terrace", "Addison", "Texas", "75008");
INSERT INTO DATE (Contact_id, Date_type, Date) VALUES (261, "BirthDate", "1986-12-04");
INSERT INTO CONTACT (Contact_id, Fname, Mname, Lname) VALUES (265, "Sammy", "Grissel", "Roxburch");
INSERT INTO PHONE (Contact_id, Phone_type, Area_code, Number) VALUES (264, "Work", "615", "615-291-2936");
INSERT INTO PHONE (Contact_id, Phone_type, Area_code, Number) VALUES (264, "Cell", "538", "538-789-7767");
INSERT INTO ADDRESS (Contact_id, Address_type, Address, City, State, Zip) VALUES (265, "Work", "93 Waywood Way", "Richardson", "Texas", "75009");
INSERT INTO DATE (Contact_id, Date_type, Date) VALUES (265, "BirthDate", "1976-09-28");
INSERT INTO CONTACT (Contact_id, Fname, Mname, Lname) VALUES (266, "Giselle", "", "Troke");
INSERT INTO PHONE (Contact_id, Phone_type, Area_code, Number) VALUES (266, "Work", "133", "133-947-4353");
INSERT INTO PHONE (Contact_id, Phone_type, Area_code, Number) VALUES (266, "Cell", "245", "245-116-9013");
INSERT INTO ADDRESS (Contact_id, Address_type, Address, City, State, Zip) VALUES (266, "Work", "1 Drewry Alley", "Allen", "Texas", "75006");
INSERT INTO DATE (Contact_id, Date_type, Date) VALUES (266, "BirthDate", "1982-12-31");
INSERT INTO CONTACT (Contact_id, Fname, Mname, Lname) VALUES (267, "Cory", "", "Lapere");
INSERT INTO PHONE (Contact_id, Phone_type, Area_code, Number) VALUES (267, "Home", "439", "439-612-2673");
INSERT INTO PHONE (Contact_id, Phone_type, Area_code, Number) VALUES (267, "Cell", "337", "337-365-4743");
INSERT INTO ADDRESS (Contact_id, Address_type, Address, City, State, Zip) VALUES (267, "Work", "61216 Tony Lane", "Allen", "Texas", "75002");
INSERT INTO DATE (Contact_id, Date_type, Date) VALUES (267, "BirthDate", "1992-06-14");
INSERT INTO CONTACT (Contact_id, Fname, Mname, Lname) VALUES (268, "Karrie", "", "Giacobelli");
INSERT INTO PHONE (Contact_id, Phone_type, Area_code, Number) VALUES (267, "Home", "439", "439-612-2673");
INSERT INTO PHONE (Contact_id, Phone_type, Area_code, Number) VALUES (268, "Cell", "772", "772-450-3153");
INSERT INTO ADDRESS (Contact_id, Address_type, Address, City, State, Zip) VALUES (267, "Work", "61216 Tony Lane", "Allen", "Texas", "75002");
INSERT INTO DATE (Contact_id, Date_type, Date) VALUES (268, "BirthDate", "1993-11-25");
INSERT INTO CONTACT (Contact_id, Fname, Mname, Lname) VALUES (269, "Ondrea", "Burnaby", "Emma");
INSERT INTO PHONE (Contact_id, Phone_type, Area_code, Number) VALUES (269, "Work", "454", "454-488-2348");
INSERT INTO PHONE (Contact_id, Phone_type, Area_code, Number) VALUES (269, "Cell", "682", "682-336-4639");
INSERT INTO ADDRESS (Contact_id, Address_type, Address, City, State, Zip) VALUES (269, "Home", "1222 Pond Drive", "Richardson", "Texas", "75006");
INSERT INTO DATE (Contact_id, Date_type, Date) VALUES (269, "BirthDate", "1991-03-06");
INSERT INTO CONTACT (Contact_id, Fname, Mname, Lname) VALUES (270, "Merilee", "", "Gumme");
INSERT INTO PHONE (Contact_id, Phone_type, Area_code, Number) VALUES (270, "Work", "671", "671-260-1052");
INSERT INTO PHONE (Contact_id, Phone_type, Area_code, Number) VALUES (270, "Cell", "586", "586-386-6331");
INSERT INTO ADDRESS (Contact_id, Address_type, Address, City, State, Zip) VALUES (269, "Home", "1222 Pond Drive", "Richardson", "Texas", "75006");
INSERT INTO DATE (Contact_id, Date_type, Date) VALUES (270, "BirthDate", "1986-05-21");
INSERT INTO CONTACT (Contact_id, Fname, Mname, Lname) VALUES (271, "Niels", "Rozella", "Rawstron");
INSERT INTO PHONE (Contact_id, Phone_type, Area_code, Number) VALUES (271, "Work", "995", "995-718-1899");
INSERT INTO PHONE (Contact_id, Phone_type, Area_code, Number) VALUES (271, "Cell", "321", "321-560-5572");
INSERT INTO ADDRESS (Contact_id, Address_type, Address, City, State, Zip) VALUES (271, "Work", "01 Delaware Parkway", "Addison", "Texas", "75001");
INSERT INTO DATE (Contact_id, Date_type, Date) VALUES (271, "BirthDate", "1964-02-14");
INSERT INTO CONTACT (Contact_id, Fname, Mname, Lname) VALUES (272, "Helene", "Alta", "Sarrell");
INSERT INTO PHONE (Contact_id, Phone_type, Area_code, Number) VALUES (272, "Work", "330", "330-792-9306");
INSERT INTO PHONE (Contact_id, Phone_type, Area_code, Number) VALUES (272, "Cell", "764", "764-228-2895");
INSERT INTO ADDRESS (Contact_id, Address_type, Address, City, State, Zip) VALUES (272, "Work", "1139 Saint Paul Way", "Addison", "Texas", "75008");
INSERT INTO DATE (Contact_id, Date_type, Date) VALUES (272, "BirthDate", "1984-08-24");
INSERT INTO CONTACT (Contact_id, Fname, Mname, Lname) VALUES (273, "Cherilyn", "Bartlet", "Bernet");
INSERT INTO PHONE (Contact_id, Phone_type, Area_code, Number) VALUES (273, "Home", "768", "768-515-3346");
INSERT INTO PHONE (Contact_id, Phone_type, Area_code, Number) VALUES (273, "Cell", "547", "547-651-5152");
INSERT INTO ADDRESS (Contact_id, Address_type, Address, City, State, Zip) VALUES (273, "Work", "51 Swallow Circle", "Addison", "Texas", "75002");
INSERT INTO DATE (Contact_id, Date_type, Date) VALUES (273, "BirthDate", "1963-10-31");
INSERT INTO CONTACT (Contact_id, Fname, Mname, Lname) VALUES (274, "Maryanna", "", "Braunfeld");
INSERT INTO PHONE (Contact_id, Phone_type, Area_code, Number) VALUES (274, "Work", "822", "822-404-6599");
INSERT INTO PHONE (Contact_id, Phone_type, Area_code, Number) VALUES (274, "Cell", "111", "111-793-8014");
INSERT INTO ADDRESS (Contact_id, Address_type, Address, City, State, Zip) VALUES (273, "Work", "51 Swallow Circle", "Addison", "Texas", "75002");
INSERT INTO DATE (Contact_id, Date_type, Date) VALUES (274, "BirthDate", "1969-02-13");
INSERT INTO CONTACT (Contact_id, Fname, Mname, Lname) VALUES (275, "Read", "", "Gent");
INSERT INTO PHONE (Contact_id, Phone_type, Area_code, Number) VALUES (274, "Work", "822", "822-404-6599");
INSERT INTO PHONE (Contact_id, Phone_type, Area_code, Number) VALUES (275, "Cell", "895", "895-547-1737");
INSERT INTO ADDRESS (Contact_id, Address_type, Address, City, State, Zip) VALUES (275, "Work", "5212 Brown Way", "Plano", "Texas", "75005");
INSERT INTO DATE (Contact_id, Date_type, Date) VALUES (274, "BirthDate", "1969-02-13");
INSERT INTO CONTACT (Contact_id, Fname, Mname, Lname) VALUES (276, "Dewain", "", "Barkhouse");
INSERT INTO PHONE (Contact_id, Phone_type, Area_code, Number) VALUES (276, "Work", "304", "304-553-1314");
INSERT INTO PHONE (Contact_id, Phone_type, Area_code, Number) VALUES (276, "Cell", "184", "184-223-7933");
INSERT INTO ADDRESS (Contact_id, Address_type, Address, City, State, Zip) VALUES (276, "Work", "85 Portage Point", "Dallas", "Texas", "75009");
INSERT INTO DATE (Contact_id, Date_type, Date) VALUES (276, "BirthDate", "1966-06-22");
INSERT INTO CONTACT (Contact_id, Fname, Mname, Lname) VALUES (277, "Ebba", "Jobie", "Hawken");
INSERT INTO PHONE (Contact_id, Phone_type, Area_code, Number) VALUES (277, "Work", "849", "849-878-1350");
INSERT INTO PHONE (Contact_id, Phone_type, Area_code, Number) VALUES (277, "Cell", "760", "760-300-2633");
INSERT INTO ADDRESS (Contact_id, Address_type, Address, City, State, Zip) VALUES (277, "Home", "40 Garrison Circle", "Allen", "Texas", "75015");
INSERT INTO DATE (Contact_id, Date_type, Date) VALUES (276, "BirthDate", "1966-06-22");
INSERT INTO CONTACT (Contact_id, Fname, Mname, Lname) VALUES (278, "Frannie", "", "Boothebie");
INSERT INTO PHONE (Contact_id, Phone_type, Area_code, Number) VALUES (278, "Work", "651", "651-954-5706");
INSERT INTO PHONE (Contact_id, Phone_type, Area_code, Number) VALUES (278, "Cell", "901", "901-126-9300");
INSERT INTO ADDRESS (Contact_id, Address_type, Address, City, State, Zip) VALUES (278, "Home", "1 Spohn Lane", "Plano", "Texas", "75028");
INSERT INTO DATE (Contact_id, Date_type, Date) VALUES (278, "BirthDate", "1974-07-30");
INSERT INTO CONTACT (Contact_id, Fname, Mname, Lname) VALUES (279, "Tate", "Audrey", "Liggett");
INSERT INTO PHONE (Contact_id, Phone_type, Area_code, Number) VALUES (279, "Work", "975", "975-186-3275");
INSERT INTO PHONE (Contact_id, Phone_type, Area_code, Number) VALUES (279, "Cell", "652", "652-311-2308");
INSERT INTO ADDRESS (Contact_id, Address_type, Address, City, State, Zip) VALUES (279, "Work", "3 Melvin Parkway", "Allen", "Texas", "75006");
INSERT INTO DATE (Contact_id, Date_type, Date) VALUES (278, "BirthDate", "1974-07-30");
INSERT INTO CONTACT (Contact_id, Fname, Mname, Lname) VALUES (280, "Alikee", "", "Mawby");
INSERT INTO PHONE (Contact_id, Phone_type, Area_code, Number) VALUES (280, "Work", "259", "259-837-7467");
INSERT INTO PHONE (Contact_id, Phone_type, Area_code, Number) VALUES (280, "Cell", "365", "365-532-8461");
INSERT INTO ADDRESS (Contact_id, Address_type, Address, City, State, Zip) VALUES (279, "Work", "3 Melvin Parkway", "Allen", "Texas", "75006");
INSERT INTO DATE (Contact_id, Date_type, Date) VALUES (278, "BirthDate", "1974-07-30");
INSERT INTO CONTACT (Contact_id, Fname, Mname, Lname) VALUES (281, "Hildegarde", "Celestia", "Taffurelli");
INSERT INTO PHONE (Contact_id, Phone_type, Area_code, Number) VALUES (281, "Work", "955", "955-254-6266");
INSERT INTO PHONE (Contact_id, Phone_type, Area_code, Number) VALUES (281, "Cell", "519", "519-708-3846");
INSERT INTO ADDRESS (Contact_id, Address_type, Address, City, State, Zip) VALUES (281, "Home", "2 Hanson Point", "Addison", "Texas", "75083");
INSERT INTO DATE (Contact_id, Date_type, Date) VALUES (278, "BirthDate", "1974-07-30");
INSERT INTO CONTACT (Contact_id, Fname, Mname, Lname) VALUES (282, "Madelena", "", "Regis");
INSERT INTO PHONE (Contact_id, Phone_type, Area_code, Number) VALUES (282, "Work", "510", "510-881-2776");
INSERT INTO PHONE (Contact_id, Phone_type, Area_code, Number) VALUES (282, "Cell", "106", "106-456-2187");
INSERT INTO ADDRESS (Contact_id, Address_type, Address, City, State, Zip) VALUES (282, "Work", "254 Judy Parkway", "Richardson", "Texas", "75005");
INSERT INTO DATE (Contact_id, Date_type, Date) VALUES (282, "BirthDate", "1979-10-08");
INSERT INTO CONTACT (Contact_id, Fname, Mname, Lname) VALUES (283, "Nil", "Portie", "Tanswill");
INSERT INTO PHONE (Contact_id, Phone_type, Area_code, Number) VALUES (282, "Work", "510", "510-881-2776");
INSERT INTO PHONE (Contact_id, Phone_type, Area_code, Number) VALUES (283, "Cell", "752", "752-383-6580");
INSERT INTO ADDRESS (Contact_id, Address_type, Address, City, State, Zip) VALUES (283, "Home", "328 Farragut Circle", "Richardson", "Texas", "75031");
INSERT INTO DATE (Contact_id, Date_type, Date) VALUES (283, "BirthDate", "1974-02-15");
INSERT INTO CONTACT (Contact_id, Fname, Mname, Lname) VALUES (284, "Delbert", "", "Chaplyn");
INSERT INTO PHONE (Contact_id, Phone_type, Area_code, Number) VALUES (284, "Work", "303", "303-687-2112");
INSERT INTO PHONE (Contact_id, Phone_type, Area_code, Number) VALUES (283, "Cell", "752", "752-383-6580");
INSERT INTO ADDRESS (Contact_id, Address_type, Address, City, State, Zip) VALUES (284, "Home", "2194 Messerschmidt Lane", "Richardson", "Texas", "75001");
INSERT INTO DATE (Contact_id, Date_type, Date) VALUES (284, "BirthDate", "1992-01-25");
INSERT INTO CONTACT (Contact_id, Fname, Mname, Lname) VALUES (285, "Sidonia", "", "Alderson");
INSERT INTO PHONE (Contact_id, Phone_type, Area_code, Number) VALUES (285, "Work", "119", "119-142-4923");
INSERT INTO PHONE (Contact_id, Phone_type, Area_code, Number) VALUES (285, "Cell", "773", "773-473-4110");
INSERT INTO ADDRESS (Contact_id, Address_type, Address, City, State, Zip) VALUES (285, "Home", "1 Monterey Point", "Dallas", "Texas", "75055");
INSERT INTO DATE (Contact_id, Date_type, Date) VALUES (284, "BirthDate", "1992-01-25");
INSERT INTO CONTACT (Contact_id, Fname, Mname, Lname) VALUES (286, "Kyrstin", "Hollyanne", "Tumpane");
INSERT INTO PHONE (Contact_id, Phone_type, Area_code, Number) VALUES (286, "Work", "361", "361-841-9483");
INSERT INTO PHONE (Contact_id, Phone_type, Area_code, Number) VALUES (286, "Cell", "538", "538-587-2812");
INSERT INTO ADDRESS (Contact_id, Address_type, Address, City, State, Zip) VALUES (286, "Work", "59935 High Crossing Park", "Richardson", "Texas", "75003");
INSERT INTO DATE (Contact_id, Date_type, Date) VALUES (286, "BirthDate", "1970-12-08");
INSERT INTO CONTACT (Contact_id, Fname, Mname, Lname) VALUES (287, "Nev", "Row", "Hotton");
INSERT INTO PHONE (Contact_id, Phone_type, Area_code, Number) VALUES (287, "Work", "445", "445-463-2036");
INSERT INTO PHONE (Contact_id, Phone_type, Area_code, Number) VALUES (287, "Cell", "700", "700-525-5413");
INSERT INTO ADDRESS (Contact_id, Address_type, Address, City, State, Zip) VALUES (287, "Home", "3 Menomonie Court", "Plano", "Texas", "75050");
INSERT INTO DATE (Contact_id, Date_type, Date) VALUES (287, "BirthDate", "1965-07-02");
INSERT INTO CONTACT (Contact_id, Fname, Mname, Lname) VALUES (288, "Appolonia", "Estevan", "Fannon");
INSERT INTO PHONE (Contact_id, Phone_type, Area_code, Number) VALUES (288, "Work", "940", "940-283-2494");
INSERT INTO PHONE (Contact_id, Phone_type, Area_code, Number) VALUES (288, "Cell", "260", "260-897-3964");
INSERT INTO ADDRESS (Contact_id, Address_type, Address, City, State, Zip) VALUES (288, "Work", "11982 Fordem Alley", "Allen", "Texas", "75009");
INSERT INTO DATE (Contact_id, Date_type, Date) VALUES (287, "BirthDate", "1965-07-02");
INSERT INTO CONTACT (Contact_id, Fname, Mname, Lname) VALUES (289, "Riki", "", "Hearnes");
INSERT INTO PHONE (Contact_id, Phone_type, Area_code, Number) VALUES (289, "Home", "524", "524-230-9991");
INSERT INTO PHONE (Contact_id, Phone_type, Area_code, Number) VALUES (289, "Cell", "433", "433-532-3375");
INSERT INTO ADDRESS (Contact_id, Address_type, Address, City, State, Zip) VALUES (288, "Work", "11982 Fordem Alley", "Allen", "Texas", "75009");
INSERT INTO DATE (Contact_id, Date_type, Date) VALUES (289, "BirthDate", "1968-11-06");
INSERT INTO CONTACT (Contact_id, Fname, Mname, Lname) VALUES (290, "Brantley", "", "Fowlds");
INSERT INTO PHONE (Contact_id, Phone_type, Area_code, Number) VALUES (290, "Work", "609", "609-397-8181");
INSERT INTO PHONE (Contact_id, Phone_type, Area_code, Number) VALUES (290, "Cell", "901", "901-256-3152");
INSERT INTO ADDRESS (Contact_id, Address_type, Address, City, State, Zip) VALUES (290, "Work", "318 Grover Hill", "Dallas", "Texas", "75005");
INSERT INTO DATE (Contact_id, Date_type, Date) VALUES (289, "BirthDate", "1968-11-06");
INSERT INTO CONTACT (Contact_id, Fname, Mname, Lname) VALUES (291, "Thorndike", "", "Daenen");
INSERT INTO PHONE (Contact_id, Phone_type, Area_code, Number) VALUES (291, "Home", "614", "614-466-2418");
INSERT INTO PHONE (Contact_id, Phone_type, Area_code, Number) VALUES (291, "Cell", "138", "138-663-4933");
INSERT INTO ADDRESS (Contact_id, Address_type, Address, City, State, Zip) VALUES (291, "Work", "91 Barnett Drive", "Richardson", "Texas", "75008");
INSERT INTO DATE (Contact_id, Date_type, Date) VALUES (291, "BirthDate", "1971-04-27");
INSERT INTO CONTACT (Contact_id, Fname, Mname, Lname) VALUES (292, "Susanetta", "", "Janny");
INSERT INTO PHONE (Contact_id, Phone_type, Area_code, Number) VALUES (291, "Home", "614", "614-466-2418");
INSERT INTO PHONE (Contact_id, Phone_type, Area_code, Number) VALUES (291, "Cell", "138", "138-663-4933");
INSERT INTO ADDRESS (Contact_id, Address_type, Address, City, State, Zip) VALUES (292, "Work", "323 Westridge Alley", "Richardson", "Texas", "75002");
INSERT INTO DATE (Contact_id, Date_type, Date) VALUES (292, "BirthDate", "1991-09-11");
INSERT INTO CONTACT (Contact_id, Fname, Mname, Lname) VALUES (293, "Madelena", "", "Stannett");
INSERT INTO PHONE (Contact_id, Phone_type, Area_code, Number) VALUES (291, "Home", "614", "614-466-2418");
INSERT INTO PHONE (Contact_id, Phone_type, Area_code, Number) VALUES (293, "Cell", "739", "739-816-0099");
INSERT INTO ADDRESS (Contact_id, Address_type, Address, City, State, Zip) VALUES (293, "Home", "36365 Esch Road", "Dallas", "Texas", "");
INSERT INTO DATE (Contact_id, Date_type, Date) VALUES (293, "BirthDate", "1982-12-11");
INSERT INTO CONTACT (Contact_id, Fname, Mname, Lname) VALUES (294, "Pavia", "", "Cantor");
INSERT INTO PHONE (Contact_id, Phone_type, Area_code, Number) VALUES (294, "Work", "415", "415-391-8624");
INSERT INTO PHONE (Contact_id, Phone_type, Area_code, Number) VALUES (294, "Cell", "953", "953-634-4168");
INSERT INTO ADDRESS (Contact_id, Address_type, Address, City, State, Zip) VALUES (294, "Home", "75 Red Cloud Trail", "Richardson", "Texas", "");
INSERT INTO DATE (Contact_id, Date_type, Date) VALUES (293, "BirthDate", "1982-12-11");
INSERT INTO CONTACT (Contact_id, Fname, Mname, Lname) VALUES (295, "Valaria", "", "Pfeffel");
INSERT INTO PHONE (Contact_id, Phone_type, Area_code, Number) VALUES (295, "Work", "620", "620-846-8310");
INSERT INTO PHONE (Contact_id, Phone_type, Area_code, Number) VALUES (295, "Cell", "921", "921-335-4238");
INSERT INTO ADDRESS (Contact_id, Address_type, Address, City, State, Zip) VALUES (295, "Home", "1174 Sullivan Avenue", "Allen", "Texas", "75040");
INSERT INTO DATE (Contact_id, Date_type, Date) VALUES (295, "BirthDate", "1975-10-13");
INSERT INTO CONTACT (Contact_id, Fname, Mname, Lname) VALUES (296, "Verile", "", "Pervoe");
INSERT INTO PHONE (Contact_id, Phone_type, Area_code, Number) VALUES (296, "Work", "246", "246-751-8770");
INSERT INTO PHONE (Contact_id, Phone_type, Area_code, Number) VALUES (296, "Cell", "582", "582-587-1230");
INSERT INTO ADDRESS (Contact_id, Address_type, Address, City, State, Zip) VALUES (296, "Work", "4137 Almo Street", "Richardson", "Texas", "75004");
INSERT INTO DATE (Contact_id, Date_type, Date) VALUES (296, "BirthDate", "1996-01-02");
INSERT INTO CONTACT (Contact_id, Fname, Mname, Lname) VALUES (297, "Merrel", "", "Borell");
INSERT INTO PHONE (Contact_id, Phone_type, Area_code, Number) VALUES (297, "Work", "131", "131-274-4339");
INSERT INTO PHONE (Contact_id, Phone_type, Area_code, Number) VALUES (296, "Cell", "582", "582-587-1230");
INSERT INTO ADDRESS (Contact_id, Address_type, Address, City, State, Zip) VALUES (296, "Work", "4137 Almo Street", "Richardson", "Texas", "75004");
INSERT INTO DATE (Contact_id, Date_type, Date) VALUES (296, "BirthDate", "1996-01-02");
INSERT INTO CONTACT (Contact_id, Fname, Mname, Lname) VALUES (298, "Clayborn", "Lillis", "Taylorson");
INSERT INTO PHONE (Contact_id, Phone_type, Area_code, Number) VALUES (298, "Work", "768", "768-943-3582");
INSERT INTO PHONE (Contact_id, Phone_type, Area_code, Number) VALUES (298, "Cell", "732", "732-280-5706");
INSERT INTO ADDRESS (Contact_id, Address_type, Address, City, State, Zip) VALUES (298, "Home", "2317 Annamark Alley", "Dallas", "Texas", "");
INSERT INTO DATE (Contact_id, Date_type, Date) VALUES (298, "BirthDate", "1980-11-06");
INSERT INTO CONTACT (Contact_id, Fname, Mname, Lname) VALUES (299, "Hugh", "Chryste", "Nafzger");
INSERT INTO PHONE (Contact_id, Phone_type, Area_code, Number) VALUES (299, "Work", "396", "396-378-9449");
INSERT INTO PHONE (Contact_id, Phone_type, Area_code, Number) VALUES (299, "Cell", "653", "653-199-8225");
INSERT INTO ADDRESS (Contact_id, Address_type, Address, City, State, Zip) VALUES (299, "Home", "37 Sachtjen Center", "Plano", "Texas", "75021");
INSERT INTO DATE (Contact_id, Date_type, Date) VALUES (299, "BirthDate", "1974-06-29");
INSERT INTO CONTACT (Contact_id, Fname, Mname, Lname) VALUES (300, "Bartlett", "", "Edmead");
INSERT INTO PHONE (Contact_id, Phone_type, Area_code, Number) VALUES (300, "Work", "685", "685-780-7436");
INSERT INTO PHONE (Contact_id, Phone_type, Area_code, Number) VALUES (300, "Cell", "846", "846-766-7200");
INSERT INTO ADDRESS (Contact_id, Address_type, Address, City, State, Zip) VALUES (300, "Work", "8357 Lakewood Point", "Plano", "Texas", "75002");
INSERT INTO DATE (Contact_id, Date_type, Date) VALUES (299, "BirthDate", "1974-06-29");
INSERT INTO CONTACT (Contact_id, Fname, Mname, Lname) VALUES (301, "Karin", "Juana", "Szymanowicz");
INSERT INTO PHONE (Contact_id, Phone_type, Area_code, Number) VALUES (301, "Work", "109", "109-441-2458");
INSERT INTO PHONE (Contact_id, Phone_type, Area_code, Number) VALUES (301, "Cell", "896", "896-317-8751");
INSERT INTO ADDRESS (Contact_id, Address_type, Address, City, State, Zip) VALUES (301, "Home", "632 Graedel Place", "Addison", "Texas", "");
INSERT INTO DATE (Contact_id, Date_type, Date) VALUES (301, "BirthDate", "1987-11-22");
INSERT INTO CONTACT (Contact_id, Fname, Mname, Lname) VALUES (302, "Marshall", "", "Capehorn");
INSERT INTO PHONE (Contact_id, Phone_type, Area_code, Number) VALUES (302, "Work", "913", "913-906-8441");
INSERT INTO PHONE (Contact_id, Phone_type, Area_code, Number) VALUES (302, "Cell", "154", "154-328-0392");
INSERT INTO ADDRESS (Contact_id, Address_type, Address, City, State, Zip) VALUES (302, "Home", "37 Mayer Way", "Plano", "Texas", "");
INSERT INTO DATE (Contact_id, Date_type, Date) VALUES (302, "BirthDate", "1964-01-08");
INSERT INTO CONTACT (Contact_id, Fname, Mname, Lname) VALUES (303, "Mose", "", "Derrick");
INSERT INTO PHONE (Contact_id, Phone_type, Area_code, Number) VALUES (303, "Home", "590", "590-859-9229");
INSERT INTO PHONE (Contact_id, Phone_type, Area_code, Number) VALUES (303, "Cell", "119", "119-729-4765");
INSERT INTO ADDRESS (Contact_id, Address_type, Address, City, State, Zip) VALUES (303, "Home", "563 Mockingbird Point", "Richardson", "Texas", "75035");
INSERT INTO DATE (Contact_id, Date_type, Date) VALUES (302, "BirthDate", "1964-01-08");
INSERT INTO CONTACT (Contact_id, Fname, Mname, Lname) VALUES (304, "Phillipe", "", "Wrinch");
INSERT INTO PHONE (Contact_id, Phone_type, Area_code, Number) VALUES (304, "Work", "170", "170-443-0516");
INSERT INTO PHONE (Contact_id, Phone_type, Area_code, Number) VALUES (304, "Cell", "840", "840-147-0576");
INSERT INTO ADDRESS (Contact_id, Address_type, Address, City, State, Zip) VALUES (304, "Work", "5917 Upham Point", "Addison", "Texas", "75005");
INSERT INTO DATE (Contact_id, Date_type, Date) VALUES (304, "BirthDate", "1970-12-13");
INSERT INTO CONTACT (Contact_id, Fname, Mname, Lname) VALUES (305, "Annabelle", "Aldridge", "Romer");
INSERT INTO PHONE (Contact_id, Phone_type, Area_code, Number) VALUES (305, "Work", "897", "897-924-9172");
INSERT INTO PHONE (Contact_id, Phone_type, Area_code, Number) VALUES (305, "Cell", "113", "113-241-1349");
INSERT INTO ADDRESS (Contact_id, Address_type, Address, City, State, Zip) VALUES (304, "Work", "5917 Upham Point", "Addison", "Texas", "75005");
INSERT INTO DATE (Contact_id, Date_type, Date) VALUES (304, "BirthDate", "1970-12-13");
INSERT INTO CONTACT (Contact_id, Fname, Mname, Lname) VALUES (306, "Obie", "Moe", "Deverall");
INSERT INTO PHONE (Contact_id, Phone_type, Area_code, Number) VALUES (306, "Work", "962", "962-769-8706");
INSERT INTO PHONE (Contact_id, Phone_type, Area_code, Number) VALUES (306, "Cell", "178", "178-700-0270");
INSERT INTO ADDRESS (Contact_id, Address_type, Address, City, State, Zip) VALUES (304, "Work", "5917 Upham Point", "Addison", "Texas", "75005");
INSERT INTO DATE (Contact_id, Date_type, Date) VALUES (306, "BirthDate", "1981-09-20");
INSERT INTO CONTACT (Contact_id, Fname, Mname, Lname) VALUES (307, "Therese", "", "Nockolds");
INSERT INTO PHONE (Contact_id, Phone_type, Area_code, Number) VALUES (307, "Work", "158", "158-140-9215");
INSERT INTO PHONE (Contact_id, Phone_type, Area_code, Number) VALUES (307, "Cell", "375", "375-407-0598");
INSERT INTO ADDRESS (Contact_id, Address_type, Address, City, State, Zip) VALUES (307, "Home", "26 Erie Hill", "Richardson", "Texas", "75075");
INSERT INTO DATE (Contact_id, Date_type, Date) VALUES (306, "BirthDate", "1981-09-20");
INSERT INTO CONTACT (Contact_id, Fname, Mname, Lname) VALUES (308, "Maureene", "Margret", "Sute");
INSERT INTO PHONE (Contact_id, Phone_type, Area_code, Number) VALUES (308, "Home", "416", "416-967-8297");
INSERT INTO PHONE (Contact_id, Phone_type, Area_code, Number) VALUES (308, "Cell", "573", "573-758-2931");
INSERT INTO ADDRESS (Contact_id, Address_type, Address, City, State, Zip) VALUES (308, "Work", "626 Lakewood Gardens Circle", "Plano", "Texas", "75005");
INSERT INTO DATE (Contact_id, Date_type, Date) VALUES (308, "BirthDate", "1983-08-11");
INSERT INTO CONTACT (Contact_id, Fname, Mname, Lname) VALUES (309, "Wolfie", "", "Trice");
INSERT INTO PHONE (Contact_id, Phone_type, Area_code, Number) VALUES (309, "Work", "230", "230-417-5878");
INSERT INTO PHONE (Contact_id, Phone_type, Area_code, Number) VALUES (309, "Cell", "788", "788-262-8232");
INSERT INTO ADDRESS (Contact_id, Address_type, Address, City, State, Zip) VALUES (309, "Work", "0 Del Sol Avenue", "Addison", "Texas", "75003");
INSERT INTO DATE (Contact_id, Date_type, Date) VALUES (309, "BirthDate", "1991-02-15");
INSERT INTO CONTACT (Contact_id, Fname, Mname, Lname) VALUES (310, "Amandi", "Talbert", "Scollard");
INSERT INTO PHONE (Contact_id, Phone_type, Area_code, Number) VALUES (310, "Work", "607", "607-115-0976");
INSERT INTO PHONE (Contact_id, Phone_type, Area_code, Number) VALUES (310, "Cell", "525", "525-859-0181");
INSERT INTO ADDRESS (Contact_id, Address_type, Address, City, State, Zip) VALUES (310, "Work", "39649 Esker Center", "Dallas", "Texas", "75005");
INSERT INTO DATE (Contact_id, Date_type, Date) VALUES (310, "BirthDate", "1983-05-02");
INSERT INTO CONTACT (Contact_id, Fname, Mname, Lname) VALUES (311, "Erma", "", "Pryell");
INSERT INTO PHONE (Contact_id, Phone_type, Area_code, Number) VALUES (311, "Home", "917", "917-730-3401");
INSERT INTO PHONE (Contact_id, Phone_type, Area_code, Number) VALUES (311, "Cell", "104", "104-832-7245");
INSERT INTO ADDRESS (Contact_id, Address_type, Address, City, State, Zip) VALUES (311, "Home", "5598 Waxwing Crossing", "Richardson", "Texas", "75029");
INSERT INTO DATE (Contact_id, Date_type, Date) VALUES (311, "BirthDate", "1979-10-24");
INSERT INTO CONTACT (Contact_id, Fname, Mname, Lname) VALUES (312, "Jerrilee", "", "Ramelet");
INSERT INTO PHONE (Contact_id, Phone_type, Area_code, Number) VALUES (312, "Home", "402", "402-771-7293");
INSERT INTO PHONE (Contact_id, Phone_type, Area_code, Number) VALUES (312, "Cell", "699", "699-189-6305");
INSERT INTO ADDRESS (Contact_id, Address_type, Address, City, State, Zip) VALUES (312, "Home", "3 Bayside Way", "Richardson", "Texas", "75010");
INSERT INTO DATE (Contact_id, Date_type, Date) VALUES (311, "BirthDate", "1979-10-24");
INSERT INTO CONTACT (Contact_id, Fname, Mname, Lname) VALUES (313, "Wileen", "Gualterio", "Patrono");
INSERT INTO PHONE (Contact_id, Phone_type, Area_code, Number) VALUES (312, "Home", "402", "402-771-7293");
INSERT INTO PHONE (Contact_id, Phone_type, Area_code, Number) VALUES (313, "Cell", "417", "417-811-4669");
INSERT INTO ADDRESS (Contact_id, Address_type, Address, City, State, Zip) VALUES (313, "Work", "7726 Anderson Park", "Plano", "Texas", "75002");
INSERT INTO DATE (Contact_id, Date_type, Date) VALUES (313, "BirthDate", "1970-01-21");
INSERT INTO CONTACT (Contact_id, Fname, Mname, Lname) VALUES (314, "Alejandro", "Betta", "Baylie");
INSERT INTO PHONE (Contact_id, Phone_type, Area_code, Number) VALUES (314, "Work", "979", "979-941-2868");
INSERT INTO PHONE (Contact_id, Phone_type, Area_code, Number) VALUES (314, "Cell", "841", "841-660-4138");
INSERT INTO ADDRESS (Contact_id, Address_type, Address, City, State, Zip) VALUES (314, "Work", "59368 Briar Crest Crossing", "Allen", "Texas", "75007");
INSERT INTO DATE (Contact_id, Date_type, Date) VALUES (314, "BirthDate", "1994-08-06");
INSERT INTO CONTACT (Contact_id, Fname, Mname, Lname) VALUES (315, "Kass", "Jillayne", "Hull");
INSERT INTO PHONE (Contact_id, Phone_type, Area_code, Number) VALUES (314, "Work", "979", "979-941-2868");
INSERT INTO PHONE (Contact_id, Phone_type, Area_code, Number) VALUES (315, "Cell", "246", "246-314-6200");
INSERT INTO ADDRESS (Contact_id, Address_type, Address, City, State, Zip) VALUES (315, "Work", "8191 Holmberg Avenue", "Allen", "Texas", "75002");
INSERT INTO DATE (Contact_id, Date_type, Date) VALUES (315, "BirthDate", "1982-04-25");
INSERT INTO CONTACT (Contact_id, Fname, Mname, Lname) VALUES (316, "Starr", "", "Sappy");
INSERT INTO PHONE (Contact_id, Phone_type, Area_code, Number) VALUES (316, "Home", "998", "998-366-3986");
INSERT INTO PHONE (Contact_id, Phone_type, Area_code, Number) VALUES (316, "Cell", "765", "765-819-3904");
INSERT INTO ADDRESS (Contact_id, Address_type, Address, City, State, Zip) VALUES (316, "Home", "83 Nova Park", "Plano", "Texas", "");
INSERT INTO DATE (Contact_id, Date_type, Date) VALUES (316, "BirthDate", "1966-10-03");
INSERT INTO CONTACT (Contact_id, Fname, Mname, Lname) VALUES (317, "Gabriel", "Vernon", "Ivasechko");
INSERT INTO PHONE (Contact_id, Phone_type, Area_code, Number) VALUES (317, "Work", "398", "398-737-4833");
INSERT INTO PHONE (Contact_id, Phone_type, Area_code, Number) VALUES (317, "Cell", "474", "474-102-5611");
INSERT INTO ADDRESS (Contact_id, Address_type, Address, City, State, Zip) VALUES (317, "Home", "597 Schmedeman Point", "Dallas", "Texas", "");
INSERT INTO DATE (Contact_id, Date_type, Date) VALUES (317, "BirthDate", "1965-06-14");
INSERT INTO CONTACT (Contact_id, Fname, Mname, Lname) VALUES (318, "Brent", "", "Bransdon");
INSERT INTO PHONE (Contact_id, Phone_type, Area_code, Number) VALUES (318, "Work", "443", "443-334-6477");
INSERT INTO PHONE (Contact_id, Phone_type, Area_code, Number) VALUES (318, "Cell", "814", "814-327-8268");
INSERT INTO ADDRESS (Contact_id, Address_type, Address, City, State, Zip) VALUES (318, "Home", "8232 Chive Point", "Plano", "Texas", "75042");
INSERT INTO DATE (Contact_id, Date_type, Date) VALUES (317, "BirthDate", "1965-06-14");
INSERT INTO CONTACT (Contact_id, Fname, Mname, Lname) VALUES (319, "Kathryne", "", "Ravilious");
INSERT INTO PHONE (Contact_id, Phone_type, Area_code, Number) VALUES (319, "Home", "795", "795-348-8410");
INSERT INTO PHONE (Contact_id, Phone_type, Area_code, Number) VALUES (319, "Cell", "271", "271-620-3459");
INSERT INTO ADDRESS (Contact_id, Address_type, Address, City, State, Zip) VALUES (319, "Home", "8 Packers Lane", "Plano", "Texas", "");
INSERT INTO DATE (Contact_id, Date_type, Date) VALUES (317, "BirthDate", "1965-06-14");
INSERT INTO CONTACT (Contact_id, Fname, Mname, Lname) VALUES (320, "Dorise", "", "Willbourne");
INSERT INTO PHONE (Contact_id, Phone_type, Area_code, Number) VALUES (320, "Work", "390", "390-842-6160");
INSERT INTO PHONE (Contact_id, Phone_type, Area_code, Number) VALUES (320, "Cell", "450", "450-835-5005");
INSERT INTO ADDRESS (Contact_id, Address_type, Address, City, State, Zip) VALUES (320, "Work", "38748 Merry Lane", "Plano", "Texas", "75009");
INSERT INTO DATE (Contact_id, Date_type, Date) VALUES (317, "BirthDate", "1965-06-14");
INSERT INTO CONTACT (Contact_id, Fname, Mname, Lname) VALUES (321, "Dodie", "", "Tripon");
INSERT INTO PHONE (Contact_id, Phone_type, Area_code, Number) VALUES (321, "Work", "958", "958-520-7861");
INSERT INTO PHONE (Contact_id, Phone_type, Area_code, Number) VALUES (321, "Cell", "760", "760-889-6313");
INSERT INTO ADDRESS (Contact_id, Address_type, Address, City, State, Zip) VALUES (320, "Work", "38748 Merry Lane", "Plano", "Texas", "75009");
INSERT INTO DATE (Contact_id, Date_type, Date) VALUES (321, "BirthDate", "1991-08-11");
INSERT INTO CONTACT (Contact_id, Fname, Mname, Lname) VALUES (322, "Lauritz", "Hilary", "Burnyate");
INSERT INTO PHONE (Contact_id, Phone_type, Area_code, Number) VALUES (322, "Home", "106", "106-320-8656");
INSERT INTO PHONE (Contact_id, Phone_type, Area_code, Number) VALUES (322, "Cell", "778", "778-705-5374");
INSERT INTO ADDRESS (Contact_id, Address_type, Address, City, State, Zip) VALUES (320, "Work", "38748 Merry Lane", "Plano", "Texas", "75009");
INSERT INTO DATE (Contact_id, Date_type, Date) VALUES (321, "BirthDate", "1991-08-11");
INSERT INTO CONTACT (Contact_id, Fname, Mname, Lname) VALUES (323, "Alleyn", "", "Nowakowska");
INSERT INTO PHONE (Contact_id, Phone_type, Area_code, Number) VALUES (323, "Home", "175", "175-139-8966");
INSERT INTO PHONE (Contact_id, Phone_type, Area_code, Number) VALUES (323, "Cell", "958", "958-856-0549");
INSERT INTO ADDRESS (Contact_id, Address_type, Address, City, State, Zip) VALUES (323, "Work", "449 Stang Court", "Richardson", "Texas", "75001");
INSERT INTO DATE (Contact_id, Date_type, Date) VALUES (323, "BirthDate", "1964-01-10");
INSERT INTO CONTACT (Contact_id, Fname, Mname, Lname) VALUES (324, "Vernon", "", "Shurmore");
INSERT INTO PHONE (Contact_id, Phone_type, Area_code, Number) VALUES (324, "Home", "114", "114-109-2699");
INSERT INTO PHONE (Contact_id, Phone_type, Area_code, Number) VALUES (324, "Cell", "160", "160-418-9351");
INSERT INTO ADDRESS (Contact_id, Address_type, Address, City, State, Zip) VALUES (324, "Work", "3 Harbort Pass", "Dallas", "Texas", "75006");
INSERT INTO DATE (Contact_id, Date_type, Date) VALUES (324, "BirthDate", "1966-02-19");
INSERT INTO CONTACT (Contact_id, Fname, Mname, Lname) VALUES (325, "Milka", "Laetitia", "Phlippsen");
INSERT INTO PHONE (Contact_id, Phone_type, Area_code, Number) VALUES (325, "Work", "474", "474-345-8269");
INSERT INTO PHONE (Contact_id, Phone_type, Area_code, Number) VALUES (325, "Cell", "733", "733-536-4162");
INSERT INTO ADDRESS (Contact_id, Address_type, Address, City, State, Zip) VALUES (325, "Work", "9 Hansons Terrace", "Addison", "Texas", "75007");
INSERT INTO DATE (Contact_id, Date_type, Date) VALUES (325, "BirthDate", "1977-12-02");
INSERT INTO CONTACT (Contact_id, Fname, Mname, Lname) VALUES (326, "Dulci", "Olympia", "Mellmer");
INSERT INTO PHONE (Contact_id, Phone_type, Area_code, Number) VALUES (326, "Work", "636", "636-215-2441");
INSERT INTO PHONE (Contact_id, Phone_type, Area_code, Number) VALUES (326, "Cell", "472", "472-676-4057");
INSERT INTO ADDRESS (Contact_id, Address_type, Address, City, State, Zip) VALUES (326, "Home", "45 Miller Trail", "Plano", "Texas", "75042");
INSERT INTO DATE (Contact_id, Date_type, Date) VALUES (325, "BirthDate", "1977-12-02");
INSERT INTO CONTACT (Contact_id, Fname, Mname, Lname) VALUES (327, "Nicolea", "Karrah", "Honisch");
INSERT INTO PHONE (Contact_id, Phone_type, Area_code, Number) VALUES (327, "Home", "701", "701-951-6627");
INSERT INTO PHONE (Contact_id, Phone_type, Area_code, Number) VALUES (327, "Cell", "409", "409-417-0486");
INSERT INTO ADDRESS (Contact_id, Address_type, Address, City, State, Zip) VALUES (327, "Work", "409 Mayfield Trail", "Allen", "Texas", "75001");
INSERT INTO DATE (Contact_id, Date_type, Date) VALUES (325, "BirthDate", "1977-12-02");
INSERT INTO CONTACT (Contact_id, Fname, Mname, Lname) VALUES (328, "Melony", "Evita", "Stych");
INSERT INTO PHONE (Contact_id, Phone_type, Area_code, Number) VALUES (328, "Work", "218", "218-566-8321");
INSERT INTO PHONE (Contact_id, Phone_type, Area_code, Number) VALUES (328, "Cell", "307", "307-710-4260");
INSERT INTO ADDRESS (Contact_id, Address_type, Address, City, State, Zip) VALUES (328, "Home", "087 Duke Pass", "Dallas", "Texas", "75005");
INSERT INTO DATE (Contact_id, Date_type, Date) VALUES (328, "BirthDate", "1991-06-10");
INSERT INTO CONTACT (Contact_id, Fname, Mname, Lname) VALUES (329, "Leonhard", "", "Whitter");
INSERT INTO PHONE (Contact_id, Phone_type, Area_code, Number) VALUES (328, "Work", "218", "218-566-8321");
INSERT INTO PHONE (Contact_id, Phone_type, Area_code, Number) VALUES (329, "Cell", "764", "764-688-7211");
INSERT INTO ADDRESS (Contact_id, Address_type, Address, City, State, Zip) VALUES (329, "Work", "5 Golf Avenue", "Dallas", "Texas", "75003");
INSERT INTO DATE (Contact_id, Date_type, Date) VALUES (329, "BirthDate", "1967-11-04");
INSERT INTO CONTACT (Contact_id, Fname, Mname, Lname) VALUES (330, "Rafaelia", "Nathan", "Mapes");
INSERT INTO PHONE (Contact_id, Phone_type, Area_code, Number) VALUES (330, "Work", "780", "780-766-5194");
INSERT INTO PHONE (Contact_id, Phone_type, Area_code, Number) VALUES (330, "Cell", "848", "848-331-1605");
INSERT INTO ADDRESS (Contact_id, Address_type, Address, City, State, Zip) VALUES (330, "Home", "2737 School Avenue", "Richardson", "Texas", "75061");
INSERT INTO DATE (Contact_id, Date_type, Date) VALUES (330, "BirthDate", "1978-12-26");
INSERT INTO CONTACT (Contact_id, Fname, Mname, Lname) VALUES (331, "Krishna", "Nancey", "Chable");
INSERT INTO PHONE (Contact_id, Phone_type, Area_code, Number) VALUES (330, "Work", "780", "780-766-5194");
INSERT INTO PHONE (Contact_id, Phone_type, Area_code, Number) VALUES (331, "Cell", "149", "149-358-4766");
INSERT INTO ADDRESS (Contact_id, Address_type, Address, City, State, Zip) VALUES (331, "Work", "8 Mockingbird Place", "Addison", "Texas", "75004");
INSERT INTO DATE (Contact_id, Date_type, Date) VALUES (331, "BirthDate", "1991-08-22");
INSERT INTO CONTACT (Contact_id, Fname, Mname, Lname) VALUES (332, "Cristina", "Clary", "Clayborn");
INSERT INTO PHONE (Contact_id, Phone_type, Area_code, Number) VALUES (332, "Home", "225", "225-868-9797");
INSERT INTO PHONE (Contact_id, Phone_type, Area_code, Number) VALUES (332, "Cell", "246", "246-709-2158");
INSERT INTO ADDRESS (Contact_id, Address_type, Address, City, State, Zip) VALUES (332, "Home", "2 Randy Way", "Addison", "Texas", "75076");
INSERT INTO DATE (Contact_id, Date_type, Date) VALUES (332, "BirthDate", "1996-04-01");
INSERT INTO CONTACT (Contact_id, Fname, Mname, Lname) VALUES (333, "Alister", "Chelsie", "Woodsford");
INSERT INTO PHONE (Contact_id, Phone_type, Area_code, Number) VALUES (333, "Work", "317", "317-903-7792");
INSERT INTO PHONE (Contact_id, Phone_type, Area_code, Number) VALUES (333, "Cell", "771", "771-692-8893");
INSERT INTO ADDRESS (Contact_id, Address_type, Address, City, State, Zip) VALUES (333, "Work", "5289 Jay Park", "Plano", "Texas", "75005");
INSERT INTO DATE (Contact_id, Date_type, Date) VALUES (332, "BirthDate", "1996-04-01");
INSERT INTO CONTACT (Contact_id, Fname, Mname, Lname) VALUES (334, "Melisandra", "Carce", "Josefowicz");
INSERT INTO PHONE (Contact_id, Phone_type, Area_code, Number) VALUES (334, "Work", "685", "685-967-8364");
INSERT INTO PHONE (Contact_id, Phone_type, Area_code, Number) VALUES (334, "Cell", "132", "132-906-7999");
INSERT INTO ADDRESS (Contact_id, Address_type, Address, City, State, Zip) VALUES (334, "Home", "474 Weeping Birch Park", "Dallas", "Texas", "75048");
INSERT INTO DATE (Contact_id, Date_type, Date) VALUES (334, "BirthDate", "1994-11-02");
INSERT INTO CONTACT (Contact_id, Fname, Mname, Lname) VALUES (335, "Ferguson", "Prinz", "Peirpoint");
INSERT INTO PHONE (Contact_id, Phone_type, Area_code, Number) VALUES (334, "Work", "685", "685-967-8364");
INSERT INTO PHONE (Contact_id, Phone_type, Area_code, Number) VALUES (335, "Cell", "885", "885-579-2681");
INSERT INTO ADDRESS (Contact_id, Address_type, Address, City, State, Zip) VALUES (335, "Home", "5762 Toban Alley", "Addison", "Texas", "75048");
INSERT INTO DATE (Contact_id, Date_type, Date) VALUES (334, "BirthDate", "1994-11-02");
INSERT INTO CONTACT (Contact_id, Fname, Mname, Lname) VALUES (336, "Ryun", "Mitchel", "Reightley");
INSERT INTO PHONE (Contact_id, Phone_type, Area_code, Number) VALUES (336, "Work", "970", "970-988-0877");
INSERT INTO PHONE (Contact_id, Phone_type, Area_code, Number) VALUES (336, "Cell", "161", "161-223-5730");
INSERT INTO ADDRESS (Contact_id, Address_type, Address, City, State, Zip) VALUES (336, "Home", "944 Porter Crossing", "Addison", "Texas", "75041");
INSERT INTO DATE (Contact_id, Date_type, Date) VALUES (336, "BirthDate", "1971-04-08");
INSERT INTO CONTACT (Contact_id, Fname, Mname, Lname) VALUES (337, "Ken", "", "Iacopetti");
INSERT INTO PHONE (Contact_id, Phone_type, Area_code, Number) VALUES (337, "Work", "427", "427-539-2916");
INSERT INTO PHONE (Contact_id, Phone_type, Area_code, Number) VALUES (337, "Cell", "599", "599-700-6909");
INSERT INTO ADDRESS (Contact_id, Address_type, Address, City, State, Zip) VALUES (337, "Work", "65279 Dakota Avenue", "Richardson", "Texas", "75009");
INSERT INTO DATE (Contact_id, Date_type, Date) VALUES (337, "BirthDate", "1986-10-25");
INSERT INTO CONTACT (Contact_id, Fname, Mname, Lname) VALUES (338, "Rosemary", "Jermain", "Pynn");
INSERT INTO PHONE (Contact_id, Phone_type, Area_code, Number) VALUES (338, "Work", "201", "201-398-4375");
INSERT INTO PHONE (Contact_id, Phone_type, Area_code, Number) VALUES (337, "Cell", "599", "599-700-6909");
INSERT INTO ADDRESS (Contact_id, Address_type, Address, City, State, Zip) VALUES (338, "Home", "1 Sachs Way", "Addison", "Texas", "");
INSERT INTO DATE (Contact_id, Date_type, Date) VALUES (338, "BirthDate", "1974-02-02");
INSERT INTO CONTACT (Contact_id, Fname, Mname, Lname) VALUES (339, "Lisetta", "Wren", "Harlin");
INSERT INTO PHONE (Contact_id, Phone_type, Area_code, Number) VALUES (339, "Home", "142", "142-284-8389");
INSERT INTO PHONE (Contact_id, Phone_type, Area_code, Number) VALUES (339, "Cell", "635", "635-593-9994");
INSERT INTO ADDRESS (Contact_id, Address_type, Address, City, State, Zip) VALUES (339, "Home", "53 Hermina Plaza", "Richardson", "Texas", "75015");
INSERT INTO DATE (Contact_id, Date_type, Date) VALUES (339, "BirthDate", "1978-05-01");
INSERT INTO CONTACT (Contact_id, Fname, Mname, Lname) VALUES (340, "Melanie", "Stacy", "Ashforth");
INSERT INTO PHONE (Contact_id, Phone_type, Area_code, Number) VALUES (339, "Home", "142", "142-284-8389");
INSERT INTO PHONE (Contact_id, Phone_type, Area_code, Number) VALUES (340, "Cell", "954", "954-704-6957");
INSERT INTO ADDRESS (Contact_id, Address_type, Address, City, State, Zip) VALUES (340, "Work", "8504 Sunfield Hill", "Richardson", "Texas", "75004");
INSERT INTO DATE (Contact_id, Date_type, Date) VALUES (340, "BirthDate", "1975-03-26");
INSERT INTO CONTACT (Contact_id, Fname, Mname, Lname) VALUES (341, "Devy", "Fidelio", "Janczewski");
INSERT INTO PHONE (Contact_id, Phone_type, Area_code, Number) VALUES (341, "Work", "325", "325-943-8882");
INSERT INTO PHONE (Contact_id, Phone_type, Area_code, Number) VALUES (341, "Cell", "538", "538-136-8119");
INSERT INTO ADDRESS (Contact_id, Address_type, Address, City, State, Zip) VALUES (341, "Work", "9 Truax Court", "Plano", "Texas", "75006");
INSERT INTO DATE (Contact_id, Date_type, Date) VALUES (340, "BirthDate", "1975-03-26");
INSERT INTO CONTACT (Contact_id, Fname, Mname, Lname) VALUES (342, "Gannie", "Samuele", "Josephsen");
INSERT INTO PHONE (Contact_id, Phone_type, Area_code, Number) VALUES (342, "Home", "857", "857-707-7664");
INSERT INTO PHONE (Contact_id, Phone_type, Area_code, Number) VALUES (342, "Cell", "933", "933-245-1342");
INSERT INTO ADDRESS (Contact_id, Address_type, Address, City, State, Zip) VALUES (342, "Work", "795 Merchant Center", "Addison", "Texas", "75008");
INSERT INTO DATE (Contact_id, Date_type, Date) VALUES (340, "BirthDate", "1975-03-26");
INSERT INTO CONTACT (Contact_id, Fname, Mname, Lname) VALUES (343, "Drucill", "", "Barbour");
INSERT INTO PHONE (Contact_id, Phone_type, Area_code, Number) VALUES (342, "Home", "857", "857-707-7664");
INSERT INTO PHONE (Contact_id, Phone_type, Area_code, Number) VALUES (343, "Cell", "318", "318-945-1954");
INSERT INTO ADDRESS (Contact_id, Address_type, Address, City, State, Zip) VALUES (343, "Home", "79 Onsgard Drive", "Plano", "Texas", "");
INSERT INTO DATE (Contact_id, Date_type, Date) VALUES (343, "BirthDate", "1971-11-26");
INSERT INTO CONTACT (Contact_id, Fname, Mname, Lname) VALUES (344, "Julietta", "Yetty", "O'Hollegan");
INSERT INTO PHONE (Contact_id, Phone_type, Area_code, Number) VALUES (344, "Work", "681", "681-400-2720");
INSERT INTO PHONE (Contact_id, Phone_type, Area_code, Number) VALUES (344, "Cell", "742", "742-597-4893");
INSERT INTO ADDRESS (Contact_id, Address_type, Address, City, State, Zip) VALUES (344, "Home", "4899 Fremont Way", "Addison", "Texas", "");
INSERT INTO DATE (Contact_id, Date_type, Date) VALUES (344, "BirthDate", "1977-08-24");
INSERT INTO CONTACT (Contact_id, Fname, Mname, Lname) VALUES (345, "Vyky", "", "MacRedmond");
INSERT INTO PHONE (Contact_id, Phone_type, Area_code, Number) VALUES (345, "Work", "370", "370-202-5960");
INSERT INTO PHONE (Contact_id, Phone_type, Area_code, Number) VALUES (345, "Cell", "928", "928-252-8876");
INSERT INTO ADDRESS (Contact_id, Address_type, Address, City, State, Zip) VALUES (345, "Work", "29889 Bunting Trail", "Richardson", "Texas", "75009");
INSERT INTO DATE (Contact_id, Date_type, Date) VALUES (344, "BirthDate", "1977-08-24");
INSERT INTO CONTACT (Contact_id, Fname, Mname, Lname) VALUES (346, "Fergus", "", "Shergold");
INSERT INTO PHONE (Contact_id, Phone_type, Area_code, Number) VALUES (346, "Home", "538", "538-735-6171");
INSERT INTO PHONE (Contact_id, Phone_type, Area_code, Number) VALUES (346, "Cell", "384", "384-325-2018");
INSERT INTO ADDRESS (Contact_id, Address_type, Address, City, State, Zip) VALUES (346, "Work", "8 Homewood Hill", "Allen", "Texas", "75009");
INSERT INTO DATE (Contact_id, Date_type, Date) VALUES (344, "BirthDate", "1977-08-24");
INSERT INTO CONTACT (Contact_id, Fname, Mname, Lname) VALUES (347, "Dareen", "", "Hansill");
INSERT INTO PHONE (Contact_id, Phone_type, Area_code, Number) VALUES (347, "Home", "647", "647-127-4086");
INSERT INTO PHONE (Contact_id, Phone_type, Area_code, Number) VALUES (347, "Cell", "289", "289-546-6050");
INSERT INTO ADDRESS (Contact_id, Address_type, Address, City, State, Zip) VALUES (347, "Home", "52 Morningstar Road", "Plano", "Texas", "75043");
INSERT INTO DATE (Contact_id, Date_type, Date) VALUES (347, "BirthDate", "1969-11-21");
INSERT INTO CONTACT (Contact_id, Fname, Mname, Lname) VALUES (348, "Cointon", "", "Claiden");
INSERT INTO PHONE (Contact_id, Phone_type, Area_code, Number) VALUES (348, "Home", "346", "346-244-6524");
INSERT INTO PHONE (Contact_id, Phone_type, Area_code, Number) VALUES (348, "Cell", "669", "669-658-9712");
INSERT INTO ADDRESS (Contact_id, Address_type, Address, City, State, Zip) VALUES (348, "Work", "1678 Kings Court", "Dallas", "Texas", "75007");
INSERT INTO DATE (Contact_id, Date_type, Date) VALUES (347, "BirthDate", "1969-11-21");
INSERT INTO CONTACT (Contact_id, Fname, Mname, Lname) VALUES (349, "Quillan", "", "Hixley");
INSERT INTO PHONE (Contact_id, Phone_type, Area_code, Number) VALUES (349, "Work", "945", "945-956-2686");
INSERT INTO PHONE (Contact_id, Phone_type, Area_code, Number) VALUES (349, "Cell", "716", "716-616-9811");
INSERT INTO ADDRESS (Contact_id, Address_type, Address, City, State, Zip) VALUES (349, "Work", "7906 Dovetail Hill", "Richardson", "Texas", "75005");
INSERT INTO DATE (Contact_id, Date_type, Date) VALUES (349, "BirthDate", "1978-11-30");
INSERT INTO CONTACT (Contact_id, Fname, Mname, Lname) VALUES (350, "Zeb", "", "Stirling");
INSERT INTO PHONE (Contact_id, Phone_type, Area_code, Number) VALUES (350, "Work", "790", "790-506-3204");
INSERT INTO PHONE (Contact_id, Phone_type, Area_code, Number) VALUES (350, "Cell", "226", "226-607-7620");
INSERT INTO ADDRESS (Contact_id, Address_type, Address, City, State, Zip) VALUES (350, "Home", "3852 Fallview Pass", "Richardson", "Texas", "75034");
INSERT INTO DATE (Contact_id, Date_type, Date) VALUES (350, "BirthDate", "1994-07-14");
INSERT INTO CONTACT (Contact_id, Fname, Mname, Lname) VALUES (351, "Phil", "Vincent", "Wroughton");
INSERT INTO PHONE (Contact_id, Phone_type, Area_code, Number) VALUES (351, "Work", "887", "887-802-1736");
INSERT INTO PHONE (Contact_id, Phone_type, Area_code, Number) VALUES (351, "Cell", "568", "568-437-8548");
INSERT INTO ADDRESS (Contact_id, Address_type, Address, City, State, Zip) VALUES (351, "Work", "595 Mesta Center", "Richardson", "Texas", "75004");
INSERT INTO DATE (Contact_id, Date_type, Date) VALUES (350, "BirthDate", "1994-07-14");
INSERT INTO CONTACT (Contact_id, Fname, Mname, Lname) VALUES (352, "Maria", "", "Cuerdale");
INSERT INTO PHONE (Contact_id, Phone_type, Area_code, Number) VALUES (352, "Work", "338", "338-506-2497");
INSERT INTO PHONE (Contact_id, Phone_type, Area_code, Number) VALUES (352, "Cell", "471", "471-483-0862");
INSERT INTO ADDRESS (Contact_id, Address_type, Address, City, State, Zip) VALUES (352, "Work", "558 Annamark Parkway", "Addison", "Texas", "75008");
INSERT INTO DATE (Contact_id, Date_type, Date) VALUES (350, "BirthDate", "1994-07-14");
INSERT INTO CONTACT (Contact_id, Fname, Mname, Lname) VALUES (353, "Sarah", "Stacey", "Dillamore");
INSERT INTO PHONE (Contact_id, Phone_type, Area_code, Number) VALUES (352, "Work", "338", "338-506-2497");
INSERT INTO PHONE (Contact_id, Phone_type, Area_code, Number) VALUES (353, "Cell", "162", "162-579-5330");
INSERT INTO ADDRESS (Contact_id, Address_type, Address, City, State, Zip) VALUES (353, "Home", "9 Lighthouse Bay Court", "Allen", "Texas", "75031");
INSERT INTO DATE (Contact_id, Date_type, Date) VALUES (350, "BirthDate", "1994-07-14");
INSERT INTO CONTACT (Contact_id, Fname, Mname, Lname) VALUES (354, "Bondie", "Daisie", "James");
INSERT INTO PHONE (Contact_id, Phone_type, Area_code, Number) VALUES (354, "Work", "184", "184-568-3761");
INSERT INTO PHONE (Contact_id, Phone_type, Area_code, Number) VALUES (354, "Cell", "733", "733-556-6269");
INSERT INTO ADDRESS (Contact_id, Address_type, Address, City, State, Zip) VALUES (354, "Home", "1 Namekagon Hill", "Allen", "Texas", "");
INSERT INTO DATE (Contact_id, Date_type, Date) VALUES (350, "BirthDate", "1994-07-14");
INSERT INTO CONTACT (Contact_id, Fname, Mname, Lname) VALUES (355, "Bunnie", "Elmo", "Gettins");
INSERT INTO PHONE (Contact_id, Phone_type, Area_code, Number) VALUES (354, "Work", "184", "184-568-3761");
INSERT INTO PHONE (Contact_id, Phone_type, Area_code, Number) VALUES (355, "Cell", "833", "833-658-0432");
INSERT INTO ADDRESS (Contact_id, Address_type, Address, City, State, Zip) VALUES (355, "Work", "93 Ruskin Hill", "Richardson", "Texas", "75002");
INSERT INTO DATE (Contact_id, Date_type, Date) VALUES (355, "BirthDate", "1988-04-09");
INSERT INTO CONTACT (Contact_id, Fname, Mname, Lname) VALUES (356, "Julina", "Melesa", "Streetley");
INSERT INTO PHONE (Contact_id, Phone_type, Area_code, Number) VALUES (354, "Work", "184", "184-568-3761");
INSERT INTO PHONE (Contact_id, Phone_type, Area_code, Number) VALUES (356, "Cell", "470", "470-788-5580");
INSERT INTO ADDRESS (Contact_id, Address_type, Address, City, State, Zip) VALUES (356, "Work", "9359 Independence Road", "Addison", "Texas", "75004");
INSERT INTO DATE (Contact_id, Date_type, Date) VALUES (355, "BirthDate", "1988-04-09");
INSERT INTO CONTACT (Contact_id, Fname, Mname, Lname) VALUES (357, "Ben", "", "Messier");
INSERT INTO PHONE (Contact_id, Phone_type, Area_code, Number) VALUES (357, "Work", "909", "909-215-4838");
INSERT INTO PHONE (Contact_id, Phone_type, Area_code, Number) VALUES (357, "Cell", "618", "618-361-8546");
INSERT INTO ADDRESS (Contact_id, Address_type, Address, City, State, Zip) VALUES (357, "Work", "20 Florence Road", "Addison", "Texas", "75003");
INSERT INTO DATE (Contact_id, Date_type, Date) VALUES (355, "BirthDate", "1988-04-09");
INSERT INTO CONTACT (Contact_id, Fname, Mname, Lname) VALUES (358, "Rocky", "Allyn", "Magor");
INSERT INTO PHONE (Contact_id, Phone_type, Area_code, Number) VALUES (358, "Work", "879", "879-797-1124");
INSERT INTO PHONE (Contact_id, Phone_type, Area_code, Number) VALUES (358, "Cell", "932", "932-912-9931");
INSERT INTO ADDRESS (Contact_id, Address_type, Address, City, State, Zip) VALUES (358, "Work", "7481 Orin Crossing", "Dallas", "Texas", "75001");
INSERT INTO DATE (Contact_id, Date_type, Date) VALUES (355, "BirthDate", "1988-04-09");
INSERT INTO CONTACT (Contact_id, Fname, Mname, Lname) VALUES (359, "Alwyn", "", "Menaul");
INSERT INTO PHONE (Contact_id, Phone_type, Area_code, Number) VALUES (359, "Home", "266", "266-263-9469");
INSERT INTO PHONE (Contact_id, Phone_type, Area_code, Number) VALUES (359, "Cell", "596", "596-502-0473");
INSERT INTO ADDRESS (Contact_id, Address_type, Address, City, State, Zip) VALUES (359, "Home", "95 Mallory Point", "Plano", "Texas", "");
INSERT INTO DATE (Contact_id, Date_type, Date) VALUES (359, "BirthDate", "1973-04-23");
INSERT INTO CONTACT (Contact_id, Fname, Mname, Lname) VALUES (360, "Maddy", "Pansy", "D'Ambrogi");
INSERT INTO PHONE (Contact_id, Phone_type, Area_code, Number) VALUES (360, "Home", "730", "730-107-2205");
INSERT INTO PHONE (Contact_id, Phone_type, Area_code, Number) VALUES (360, "Cell", "864", "864-376-6906");
INSERT INTO ADDRESS (Contact_id, Address_type, Address, City, State, Zip) VALUES (360, "Home", "1131 Marquette Parkway", "Richardson", "Texas", "75031");
INSERT INTO DATE (Contact_id, Date_type, Date) VALUES (359, "BirthDate", "1973-04-23");
INSERT INTO CONTACT (Contact_id, Fname, Mname, Lname) VALUES (361, "Brandice", "Junina", "Grebert");
INSERT INTO PHONE (Contact_id, Phone_type, Area_code, Number) VALUES (360, "Home", "730", "730-107-2205");
INSERT INTO PHONE (Contact_id, Phone_type, Area_code, Number) VALUES (361, "Cell", "797", "797-503-8595");
INSERT INTO ADDRESS (Contact_id, Address_type, Address, City, State, Zip) VALUES (361, "Home", "988 Vernon Avenue", "Plano", "Texas", "75086");
INSERT INTO DATE (Contact_id, Date_type, Date) VALUES (361, "BirthDate", "1965-04-09");
INSERT INTO CONTACT (Contact_id, Fname, Mname, Lname) VALUES (362, "Mozes", "", "Grzeszczak");
INSERT INTO PHONE (Contact_id, Phone_type, Area_code, Number) VALUES (360, "Home", "730", "730-107-2205");
INSERT INTO PHONE (Contact_id, Phone_type, Area_code, Number) VALUES (362, "Cell", "403", "403-213-9920");
INSERT INTO ADDRESS (Contact_id, Address_type, Address, City, State, Zip) VALUES (362, "Work", "9 Ramsey Point", "Dallas", "Texas", "75003");
INSERT INTO DATE (Contact_id, Date_type, Date) VALUES (362, "BirthDate", "1975-05-23");
INSERT INTO CONTACT (Contact_id, Fname, Mname, Lname) VALUES (363, "Christie", "Morganica", "Silverson");
INSERT INTO PHONE (Contact_id, Phone_type, Area_code, Number) VALUES (360, "Home", "730", "730-107-2205");
INSERT INTO PHONE (Contact_id, Phone_type, Area_code, Number) VALUES (363, "Cell", "780", "780-333-1752");
INSERT INTO ADDRESS (Contact_id, Address_type, Address, City, State, Zip) VALUES (363, "Work", "5 Schlimgen Junction", "Plano", "Texas", "75001");
INSERT INTO DATE (Contact_id, Date_type, Date) VALUES (363, "BirthDate", "1974-04-11");
INSERT INTO CONTACT (Contact_id, Fname, Mname, Lname) VALUES (364, "Armand", "", "Shuttell");
INSERT INTO PHONE (Contact_id, Phone_type, Area_code, Number) VALUES (364, "Work", "504", "504-337-0116");
INSERT INTO PHONE (Contact_id, Phone_type, Area_code, Number) VALUES (364, "Cell", "857", "857-353-9811");
INSERT INTO ADDRESS (Contact_id, Address_type, Address, City, State, Zip) VALUES (364, "Work", "78 Anhalt Way", "Dallas", "Texas", "75006");
INSERT INTO DATE (Contact_id, Date_type, Date) VALUES (363, "BirthDate", "1974-04-11");
INSERT INTO CONTACT (Contact_id, Fname, Mname, Lname) VALUES (365, "Tyson", "Whitney", "Thonason");
INSERT INTO PHONE (Contact_id, Phone_type, Area_code, Number) VALUES (365, "Work", "377", "377-536-3273");
INSERT INTO PHONE (Contact_id, Phone_type, Area_code, Number) VALUES (365, "Cell", "929", "929-204-2594");
INSERT INTO ADDRESS (Contact_id, Address_type, Address, City, State, Zip) VALUES (365, "Home", "85 Mandrake Street", "Allen", "Texas", "");
INSERT INTO DATE (Contact_id, Date_type, Date) VALUES (365, "BirthDate", "1991-03-20");
INSERT INTO CONTACT (Contact_id, Fname, Mname, Lname) VALUES (366, "Antonella", "Giffard", "Graveson");
INSERT INTO PHONE (Contact_id, Phone_type, Area_code, Number) VALUES (366, "Work", "948", "948-644-8406");
INSERT INTO PHONE (Contact_id, Phone_type, Area_code, Number) VALUES (366, "Cell", "402", "402-523-1467");
INSERT INTO ADDRESS (Contact_id, Address_type, Address, City, State, Zip) VALUES (366, "Work", "68 Crownhardt Drive", "Addison", "Texas", "75001");
INSERT INTO DATE (Contact_id, Date_type, Date) VALUES (366, "BirthDate", "1982-04-21");
INSERT INTO CONTACT (Contact_id, Fname, Mname, Lname) VALUES (367, "Bailey", "Ariel", "Huckerby");
INSERT INTO PHONE (Contact_id, Phone_type, Area_code, Number) VALUES (367, "Work", "101", "101-854-8404");
INSERT INTO PHONE (Contact_id, Phone_type, Area_code, Number) VALUES (367, "Cell", "301", "301-167-5280");
INSERT INTO ADDRESS (Contact_id, Address_type, Address, City, State, Zip) VALUES (366, "Work", "68 Crownhardt Drive", "Addison", "Texas", "75001");
INSERT INTO DATE (Contact_id, Date_type, Date) VALUES (367, "BirthDate", "1987-03-10");
INSERT INTO CONTACT (Contact_id, Fname, Mname, Lname) VALUES (368, "Del", "", "Thrussell");
INSERT INTO PHONE (Contact_id, Phone_type, Area_code, Number) VALUES (367, "Work", "101", "101-854-8404");
INSERT INTO PHONE (Contact_id, Phone_type, Area_code, Number) VALUES (368, "Cell", "716", "716-962-9064");
INSERT INTO ADDRESS (Contact_id, Address_type, Address, City, State, Zip) VALUES (368, "Home", "12 Springs Drive", "Allen", "Texas", "75089");
INSERT INTO DATE (Contact_id, Date_type, Date) VALUES (367, "BirthDate", "1987-03-10");
INSERT INTO CONTACT (Contact_id, Fname, Mname, Lname) VALUES (369, "Dorice", "Matthiew", "Isley");
INSERT INTO PHONE (Contact_id, Phone_type, Area_code, Number) VALUES (367, "Work", "101", "101-854-8404");
INSERT INTO PHONE (Contact_id, Phone_type, Area_code, Number) VALUES (369, "Cell", "654", "654-969-1212");
INSERT INTO ADDRESS (Contact_id, Address_type, Address, City, State, Zip) VALUES (369, "Work", "8437 Debra Street", "Richardson", "Texas", "75001");
INSERT INTO DATE (Contact_id, Date_type, Date) VALUES (367, "BirthDate", "1987-03-10");
INSERT INTO CONTACT (Contact_id, Fname, Mname, Lname) VALUES (370, "Cymbre", "Killie", "Summerson");
INSERT INTO PHONE (Contact_id, Phone_type, Area_code, Number) VALUES (370, "Work", "416", "416-879-8878");
INSERT INTO PHONE (Contact_id, Phone_type, Area_code, Number) VALUES (370, "Cell", "317", "317-229-1546");
INSERT INTO ADDRESS (Contact_id, Address_type, Address, City, State, Zip) VALUES (370, "Work", "56443 Merchant Court", "Dallas", "Texas", "75002");
INSERT INTO DATE (Contact_id, Date_type, Date) VALUES (367, "BirthDate", "1987-03-10");
INSERT INTO CONTACT (Contact_id, Fname, Mname, Lname) VALUES (371, "Samara", "Jo-ann", "Lanchester");
INSERT INTO PHONE (Contact_id, Phone_type, Area_code, Number) VALUES (371, "Work", "604", "604-545-2282");
INSERT INTO PHONE (Contact_id, Phone_type, Area_code, Number) VALUES (371, "Cell", "489", "489-298-2101");
INSERT INTO ADDRESS (Contact_id, Address_type, Address, City, State, Zip) VALUES (371, "Work", "27520 Coleman Junction", "Addison", "Texas", "75001");
INSERT INTO DATE (Contact_id, Date_type, Date) VALUES (367, "BirthDate", "1987-03-10");
INSERT INTO CONTACT (Contact_id, Fname, Mname, Lname) VALUES (372, "Fidole", "Meta", "Tonna");
INSERT INTO PHONE (Contact_id, Phone_type, Area_code, Number) VALUES (371, "Work", "604", "604-545-2282");
INSERT INTO PHONE (Contact_id, Phone_type, Area_code, Number) VALUES (372, "Cell", "496", "496-842-3379");
INSERT INTO ADDRESS (Contact_id, Address_type, Address, City, State, Zip) VALUES (372, "Work", "79 Farragut Junction", "Addison", "Texas", "75008");
INSERT INTO DATE (Contact_id, Date_type, Date) VALUES (367, "BirthDate", "1987-03-10");
INSERT INTO CONTACT (Contact_id, Fname, Mname, Lname) VALUES (373, "Loree", "Risa", "Kilroy");
INSERT INTO PHONE (Contact_id, Phone_type, Area_code, Number) VALUES (373, "Home", "725", "725-649-0235");
INSERT INTO PHONE (Contact_id, Phone_type, Area_code, Number) VALUES (373, "Cell", "307", "307-231-2915");
INSERT INTO ADDRESS (Contact_id, Address_type, Address, City, State, Zip) VALUES (373, "Work", "34948 Sunnyside Center", "Dallas", "Texas", "75007");
INSERT INTO DATE (Contact_id, Date_type, Date) VALUES (373, "BirthDate", "1980-10-10");
INSERT INTO CONTACT (Contact_id, Fname, Mname, Lname) VALUES (374, "Lindsay", "", "Litt");
INSERT INTO PHONE (Contact_id, Phone_type, Area_code, Number) VALUES (374, "Home", "668", "668-288-6001");
INSERT INTO PHONE (Contact_id, Phone_type, Area_code, Number) VALUES (374, "Cell", "601", "601-142-2316");
INSERT INTO ADDRESS (Contact_id, Address_type, Address, City, State, Zip) VALUES (374, "Work", "3233 Southridge Parkway", "Allen", "Texas", "75006");
INSERT INTO DATE (Contact_id, Date_type, Date) VALUES (374, "BirthDate", "1970-08-02");
INSERT INTO CONTACT (Contact_id, Fname, Mname, Lname) VALUES (375, "Merrilee", "Holly-anne", "Raxworthy");
INSERT INTO PHONE (Contact_id, Phone_type, Area_code, Number) VALUES (375, "Home", "596", "596-847-5055");
INSERT INTO PHONE (Contact_id, Phone_type, Area_code, Number) VALUES (375, "Cell", "801", "801-567-5147");
INSERT INTO ADDRESS (Contact_id, Address_type, Address, City, State, Zip) VALUES (375, "Work", "6 Sauthoff Park", "Dallas", "Texas", "75001");
INSERT INTO DATE (Contact_id, Date_type, Date) VALUES (374, "BirthDate", "1970-08-02");
INSERT INTO CONTACT (Contact_id, Fname, Mname, Lname) VALUES (376, "Konrad", "Royall", "Reuble");
INSERT INTO PHONE (Contact_id, Phone_type, Area_code, Number) VALUES (376, "Work", "675", "675-945-1790");
INSERT INTO PHONE (Contact_id, Phone_type, Area_code, Number) VALUES (376, "Cell", "361", "361-713-1548");
INSERT INTO ADDRESS (Contact_id, Address_type, Address, City, State, Zip) VALUES (375, "Work", "6 Sauthoff Park", "Dallas", "Texas", "75001");
INSERT INTO DATE (Contact_id, Date_type, Date) VALUES (376, "BirthDate", "1973-02-13");
INSERT INTO CONTACT (Contact_id, Fname, Mname, Lname) VALUES (377, "Brit", "Laureen", "Treby");
INSERT INTO PHONE (Contact_id, Phone_type, Area_code, Number) VALUES (377, "Work", "391", "391-193-8566");
INSERT INTO PHONE (Contact_id, Phone_type, Area_code, Number) VALUES (377, "Cell", "791", "791-318-8485");
INSERT INTO ADDRESS (Contact_id, Address_type, Address, City, State, Zip) VALUES (377, "Home", "9322 Armistice Park", "Plano", "Texas", "75032");
INSERT INTO DATE (Contact_id, Date_type, Date) VALUES (377, "BirthDate", "1994-07-07");
INSERT INTO CONTACT (Contact_id, Fname, Mname, Lname) VALUES (378, "Rosanna", "Bari", "Marchenko");
INSERT INTO PHONE (Contact_id, Phone_type, Area_code, Number) VALUES (378, "Work", "864", "864-330-9633");
INSERT INTO PHONE (Contact_id, Phone_type, Area_code, Number) VALUES (378, "Cell", "517", "517-774-9742");
INSERT INTO ADDRESS (Contact_id, Address_type, Address, City, State, Zip) VALUES (378, "Home", "98252 Manufacturers Parkway", "Allen", "Texas", "75092");
INSERT INTO DATE (Contact_id, Date_type, Date) VALUES (378, "BirthDate", "1990-03-22");
INSERT INTO CONTACT (Contact_id, Fname, Mname, Lname) VALUES (379, "Pearle", "", "Bendson");
INSERT INTO PHONE (Contact_id, Phone_type, Area_code, Number) VALUES (379, "Home", "815", "815-424-8560");
INSERT INTO PHONE (Contact_id, Phone_type, Area_code, Number) VALUES (379, "Cell", "917", "917-581-1409");
INSERT INTO ADDRESS (Contact_id, Address_type, Address, City, State, Zip) VALUES (379, "Work", "22 Burrows Circle", "Plano", "Texas", "75003");
INSERT INTO DATE (Contact_id, Date_type, Date) VALUES (379, "BirthDate", "1971-07-04");
INSERT INTO CONTACT (Contact_id, Fname, Mname, Lname) VALUES (380, "Arlana", "", "Antunez");
INSERT INTO PHONE (Contact_id, Phone_type, Area_code, Number) VALUES (380, "Work", "248", "248-192-5921");
INSERT INTO PHONE (Contact_id, Phone_type, Area_code, Number) VALUES (380, "Cell", "975", "975-592-3460");
INSERT INTO ADDRESS (Contact_id, Address_type, Address, City, State, Zip) VALUES (379, "Work", "22 Burrows Circle", "Plano", "Texas", "75003");
INSERT INTO DATE (Contact_id, Date_type, Date) VALUES (380, "BirthDate", "1983-04-19");
INSERT INTO CONTACT (Contact_id, Fname, Mname, Lname) VALUES (381, "Samara", "", "Kneesha");
INSERT INTO PHONE (Contact_id, Phone_type, Area_code, Number) VALUES (381, "Work", "386", "386-671-7528");
INSERT INTO PHONE (Contact_id, Phone_type, Area_code, Number) VALUES (381, "Cell", "916", "916-497-8573");
INSERT INTO ADDRESS (Contact_id, Address_type, Address, City, State, Zip) VALUES (381, "Work", "9813 Brickson Park Pass", "Addison", "Texas", "75004");
INSERT INTO DATE (Contact_id, Date_type, Date) VALUES (380, "BirthDate", "1983-04-19");
INSERT INTO CONTACT (Contact_id, Fname, Mname, Lname) VALUES (382, "Hulda", "", "Yakuntsov");
INSERT INTO PHONE (Contact_id, Phone_type, Area_code, Number) VALUES (382, "Work", "280", "280-444-8902");
INSERT INTO PHONE (Contact_id, Phone_type, Area_code, Number) VALUES (382, "Cell", "418", "418-679-8335");
INSERT INTO ADDRESS (Contact_id, Address_type, Address, City, State, Zip) VALUES (382, "Work", "1 Golf Circle", "Plano", "Texas", "75001");
INSERT INTO DATE (Contact_id, Date_type, Date) VALUES (380, "BirthDate", "1983-04-19");
INSERT INTO CONTACT (Contact_id, Fname, Mname, Lname) VALUES (383, "Jerry", "", "Chastaing");
INSERT INTO PHONE (Contact_id, Phone_type, Area_code, Number) VALUES (382, "Work", "280", "280-444-8902");
INSERT INTO PHONE (Contact_id, Phone_type, Area_code, Number) VALUES (383, "Cell", "876", "876-831-4057");
INSERT INTO ADDRESS (Contact_id, Address_type, Address, City, State, Zip) VALUES (383, "Work", "06 Anniversary Crossing", "Addison", "Texas", "75001");
INSERT INTO DATE (Contact_id, Date_type, Date) VALUES (383, "BirthDate", "1983-05-03");
INSERT INTO CONTACT (Contact_id, Fname, Mname, Lname) VALUES (384, "Iorgo", "Adah", "Boddymead");
INSERT INTO PHONE (Contact_id, Phone_type, Area_code, Number) VALUES (384, "Home", "728", "728-482-0392");
INSERT INTO PHONE (Contact_id, Phone_type, Area_code, Number) VALUES (384, "Cell", "948", "948-770-0844");
INSERT INTO ADDRESS (Contact_id, Address_type, Address, City, State, Zip) VALUES (384, "Work", "9 Mifflin Point", "Richardson", "Texas", "75001");
INSERT INTO DATE (Contact_id, Date_type, Date) VALUES (383, "BirthDate", "1983-05-03");
INSERT INTO CONTACT (Contact_id, Fname, Mname, Lname) VALUES (385, "Monika", "", "Rault");
INSERT INTO PHONE (Contact_id, Phone_type, Area_code, Number) VALUES (385, "Work", "941", "941-950-6164");
INSERT INTO PHONE (Contact_id, Phone_type, Area_code, Number) VALUES (385, "Cell", "308", "308-669-7144");
INSERT INTO ADDRESS (Contact_id, Address_type, Address, City, State, Zip) VALUES (385, "Home", "09 Farragut Way", "Dallas", "Texas", "75003");
INSERT INTO DATE (Contact_id, Date_type, Date) VALUES (383, "BirthDate", "1983-05-03");
INSERT INTO CONTACT (Contact_id, Fname, Mname, Lname) VALUES (386, "Bevvy", "", "Heddon");
INSERT INTO PHONE (Contact_id, Phone_type, Area_code, Number) VALUES (386, "Work", "625", "625-597-7748");
INSERT INTO PHONE (Contact_id, Phone_type, Area_code, Number) VALUES (386, "Cell", "577", "577-509-8589");
INSERT INTO ADDRESS (Contact_id, Address_type, Address, City, State, Zip) VALUES (386, "Work", "307 Anhalt Point", "Addison", "Texas", "75006");
INSERT INTO DATE (Contact_id, Date_type, Date) VALUES (383, "BirthDate", "1983-05-03");
INSERT INTO CONTACT (Contact_id, Fname, Mname, Lname) VALUES (387, "Mariana", "", "Donati");
INSERT INTO PHONE (Contact_id, Phone_type, Area_code, Number) VALUES (387, "Work", "906", "906-764-3201");
INSERT INTO PHONE (Contact_id, Phone_type, Area_code, Number) VALUES (387, "Cell", "610", "610-520-1894");
INSERT INTO ADDRESS (Contact_id, Address_type, Address, City, State, Zip) VALUES (387, "Work", "6 Canary Center", "Addison", "Texas", "75004");
INSERT INTO DATE (Contact_id, Date_type, Date) VALUES (387, "BirthDate", "1982-11-18");
INSERT INTO CONTACT (Contact_id, Fname, Mname, Lname) VALUES (388, "Kinsley", "", "Bridgestock");
INSERT INTO PHONE (Contact_id, Phone_type, Area_code, Number) VALUES (388, "Work", "178", "178-568-9297");
INSERT INTO PHONE (Contact_id, Phone_type, Area_code, Number) VALUES (388, "Cell", "270", "270-500-4689");
INSERT INTO ADDRESS (Contact_id, Address_type, Address, City, State, Zip) VALUES (388, "Work", "88 Mifflin Hill", "Dallas", "Texas", "75003");
INSERT INTO DATE (Contact_id, Date_type, Date) VALUES (388, "BirthDate", "1981-05-29");
INSERT INTO CONTACT (Contact_id, Fname, Mname, Lname) VALUES (389, "Ilse", "Hamlin", "Martinec");
INSERT INTO PHONE (Contact_id, Phone_type, Area_code, Number) VALUES (389, "Work", "362", "362-277-0473");
INSERT INTO PHONE (Contact_id, Phone_type, Area_code, Number) VALUES (389, "Cell", "247", "247-136-6714");
INSERT INTO ADDRESS (Contact_id, Address_type, Address, City, State, Zip) VALUES (389, "Home", "5 Sunfield Trail", "Plano", "Texas", "75018");
INSERT INTO DATE (Contact_id, Date_type, Date) VALUES (389, "BirthDate", "1980-05-10");
INSERT INTO CONTACT (Contact_id, Fname, Mname, Lname) VALUES (390, "Katheryn", "Dorita", "Derx");
INSERT INTO PHONE (Contact_id, Phone_type, Area_code, Number) VALUES (390, "Work", "911", "911-265-4340");
INSERT INTO PHONE (Contact_id, Phone_type, Area_code, Number) VALUES (390, "Cell", "212", "212-973-3833");
INSERT INTO ADDRESS (Contact_id, Address_type, Address, City, State, Zip) VALUES (390, "Work", "041 Grover Avenue", "Richardson", "Texas", "75008");
INSERT INTO DATE (Contact_id, Date_type, Date) VALUES (390, "BirthDate", "1966-05-17");
INSERT INTO CONTACT (Contact_id, Fname, Mname, Lname) VALUES (391, "Tuck", "Glyn", "Leat");
INSERT INTO PHONE (Contact_id, Phone_type, Area_code, Number) VALUES (391, "Work", "257", "257-126-5945");
INSERT INTO PHONE (Contact_id, Phone_type, Area_code, Number) VALUES (391, "Cell", "690", "690-629-8142");
INSERT INTO ADDRESS (Contact_id, Address_type, Address, City, State, Zip) VALUES (391, "Home", "4216 Ridgeview Way", "Plano", "Texas", "75093");
INSERT INTO DATE (Contact_id, Date_type, Date) VALUES (391, "BirthDate", "1980-12-24");
INSERT INTO CONTACT (Contact_id, Fname, Mname, Lname) VALUES (392, "Gustave", "", "Benedtti");
INSERT INTO PHONE (Contact_id, Phone_type, Area_code, Number) VALUES (392, "Work", "386", "386-168-1195");
INSERT INTO PHONE (Contact_id, Phone_type, Area_code, Number) VALUES (392, "Cell", "963", "963-162-6782");
INSERT INTO ADDRESS (Contact_id, Address_type, Address, City, State, Zip) VALUES (392, "Work", "91 Katie Lane", "Dallas", "Texas", "75002");
INSERT INTO DATE (Contact_id, Date_type, Date) VALUES (392, "BirthDate", "1974-05-01");
INSERT INTO CONTACT (Contact_id, Fname, Mname, Lname) VALUES (393, "Marietta", "", "Cridlin");
INSERT INTO PHONE (Contact_id, Phone_type, Area_code, Number) VALUES (393, "Home", "440", "440-289-8057");
INSERT INTO PHONE (Contact_id, Phone_type, Area_code, Number) VALUES (393, "Cell", "429", "429-480-2032");
INSERT INTO ADDRESS (Contact_id, Address_type, Address, City, State, Zip) VALUES (393, "Home", "7260 Hudson Street", "Richardson", "Texas", "");
INSERT INTO DATE (Contact_id, Date_type, Date) VALUES (393, "BirthDate", "1970-01-04");
INSERT INTO CONTACT (Contact_id, Fname, Mname, Lname) VALUES (394, "Ellie", "", "Doulton");
INSERT INTO PHONE (Contact_id, Phone_type, Area_code, Number) VALUES (393, "Home", "440", "440-289-8057");
INSERT INTO PHONE (Contact_id, Phone_type, Area_code, Number) VALUES (394, "Cell", "833", "833-420-8697");
INSERT INTO ADDRESS (Contact_id, Address_type, Address, City, State, Zip) VALUES (394, "Work", "20 Barby Parkway", "Addison", "Texas", "75003");
INSERT INTO DATE (Contact_id, Date_type, Date) VALUES (394, "BirthDate", "1980-01-23");
INSERT INTO CONTACT (Contact_id, Fname, Mname, Lname) VALUES (395, "Agathe", "", "Cunde");
INSERT INTO PHONE (Contact_id, Phone_type, Area_code, Number) VALUES (395, "Work", "357", "357-549-9858");
INSERT INTO PHONE (Contact_id, Phone_type, Area_code, Number) VALUES (395, "Cell", "970", "970-795-8180");
INSERT INTO ADDRESS (Contact_id, Address_type, Address, City, State, Zip) VALUES (395, "Work", "634 Schiller Hill", "Plano", "Texas", "75002");
INSERT INTO DATE (Contact_id, Date_type, Date) VALUES (395, "BirthDate", "1989-08-10");
INSERT INTO CONTACT (Contact_id, Fname, Mname, Lname) VALUES (396, "Rosette", "", "Tander");
INSERT INTO PHONE (Contact_id, Phone_type, Area_code, Number) VALUES (395, "Work", "357", "357-549-9858");
INSERT INTO PHONE (Contact_id, Phone_type, Area_code, Number) VALUES (396, "Cell", "890", "890-165-7394");
INSERT INTO ADDRESS (Contact_id, Address_type, Address, City, State, Zip) VALUES (396, "Home", "83453 Clemons Junction", "Allen", "Texas", "");
INSERT INTO DATE (Contact_id, Date_type, Date) VALUES (396, "BirthDate", "1988-05-07");
INSERT INTO CONTACT (Contact_id, Fname, Mname, Lname) VALUES (397, "Carma", "", "Glede");
INSERT INTO PHONE (Contact_id, Phone_type, Area_code, Number) VALUES (397, "Work", "604", "604-874-4819");
INSERT INTO PHONE (Contact_id, Phone_type, Area_code, Number) VALUES (397, "Cell", "879", "879-639-3102");
INSERT INTO ADDRESS (Contact_id, Address_type, Address, City, State, Zip) VALUES (397, "Home", "81 Lillian Crossing", "Plano", "Texas", "75084");
INSERT INTO DATE (Contact_id, Date_type, Date) VALUES (397, "BirthDate", "1966-12-12");
INSERT INTO CONTACT (Contact_id, Fname, Mname, Lname) VALUES (398, "Carroll", "Lorrin", "Garrick");
INSERT INTO PHONE (Contact_id, Phone_type, Area_code, Number) VALUES (398, "Work", "115", "115-121-2435");
INSERT INTO PHONE (Contact_id, Phone_type, Area_code, Number) VALUES (398, "Cell", "453", "453-676-5952");
INSERT INTO ADDRESS (Contact_id, Address_type, Address, City, State, Zip) VALUES (398, "Home", "928 Karstens Place", "Dallas", "Texas", "");
INSERT INTO DATE (Contact_id, Date_type, Date) VALUES (398, "BirthDate", "1990-01-03");
INSERT INTO CONTACT (Contact_id, Fname, Mname, Lname) VALUES (399, "Barclay", "", "Sambles");
INSERT INTO PHONE (Contact_id, Phone_type, Area_code, Number) VALUES (399, "Work", "901", "901-328-3792");
INSERT INTO PHONE (Contact_id, Phone_type, Area_code, Number) VALUES (399, "Cell", "301", "301-780-8939");
INSERT INTO ADDRESS (Contact_id, Address_type, Address, City, State, Zip) VALUES (399, "Work", "33845 Drewry Terrace", "Plano", "Texas", "75002");
INSERT INTO DATE (Contact_id, Date_type, Date) VALUES (399, "BirthDate", "1979-06-11");
INSERT INTO CONTACT (Contact_id, Fname, Mname, Lname) VALUES (400, "Vail", "Zaria", "Phant");
INSERT INTO PHONE (Contact_id, Phone_type, Area_code, Number) VALUES (400, "Work", "709", "709-738-1738");
INSERT INTO PHONE (Contact_id, Phone_type, Area_code, Number) VALUES (399, "Cell", "301", "301-780-8939");
INSERT INTO ADDRESS (Contact_id, Address_type, Address, City, State, Zip) VALUES (400, "Home", "413 Grasskamp Terrace", "Richardson", "Texas", "75003");
INSERT INTO DATE (Contact_id, Date_type, Date) VALUES (399, "BirthDate", "1979-06-11");
INSERT INTO CONTACT (Contact_id, Fname, Mname, Lname) VALUES (401, "Irita", "", "Matyashev");
INSERT INTO PHONE (Contact_id, Phone_type, Area_code, Number) VALUES (401, "Work", "252", "252-286-8767");
INSERT INTO PHONE (Contact_id, Phone_type, Area_code, Number) VALUES (401, "Cell", "819", "819-492-5695");
INSERT INTO ADDRESS (Contact_id, Address_type, Address, City, State, Zip) VALUES (401, "Work", "75007 Village Parkway", "Richardson", "Texas", "75007");
INSERT INTO DATE (Contact_id, Date_type, Date) VALUES (401, "BirthDate", "1996-02-10");
INSERT INTO CONTACT (Contact_id, Fname, Mname, Lname) VALUES (402, "Ranique", "", "Blaxill");
INSERT INTO PHONE (Contact_id, Phone_type, Area_code, Number) VALUES (401, "Work", "252", "252-286-8767");
INSERT INTO PHONE (Contact_id, Phone_type, Area_code, Number) VALUES (402, "Cell", "176", "176-314-4811");
INSERT INTO ADDRESS (Contact_id, Address_type, Address, City, State, Zip) VALUES (402, "Work", "764 Tennyson Center", "Allen", "Texas", "75002");
INSERT INTO DATE (Contact_id, Date_type, Date) VALUES (402, "BirthDate", "1966-04-02");
INSERT INTO CONTACT (Contact_id, Fname, Mname, Lname) VALUES (403, "Yevette", "Tiff", "Molohan");
INSERT INTO PHONE (Contact_id, Phone_type, Area_code, Number) VALUES (401, "Work", "252", "252-286-8767");
INSERT INTO PHONE (Contact_id, Phone_type, Area_code, Number) VALUES (403, "Cell", "346", "346-501-9702");
INSERT INTO ADDRESS (Contact_id, Address_type, Address, City, State, Zip) VALUES (403, "Work", "557 Daystar Parkway", "Allen", "Texas", "75005");
INSERT INTO DATE (Contact_id, Date_type, Date) VALUES (402, "BirthDate", "1966-04-02");
INSERT INTO CONTACT (Contact_id, Fname, Mname, Lname) VALUES (404, "Che", "Philly", "Ivashnyov");
INSERT INTO PHONE (Contact_id, Phone_type, Area_code, Number) VALUES (401, "Work", "252", "252-286-8767");
INSERT INTO PHONE (Contact_id, Phone_type, Area_code, Number) VALUES (403, "Cell", "346", "346-501-9702");
INSERT INTO ADDRESS (Contact_id, Address_type, Address, City, State, Zip) VALUES (404, "Home", "1 Ludington Circle", "Richardson", "Texas", "");
INSERT INTO DATE (Contact_id, Date_type, Date) VALUES (402, "BirthDate", "1966-04-02");
INSERT INTO CONTACT (Contact_id, Fname, Mname, Lname) VALUES (405, "Kaela", "Merry", "Wynne");
INSERT INTO PHONE (Contact_id, Phone_type, Area_code, Number) VALUES (405, "Work", "713", "713-212-4104");
INSERT INTO PHONE (Contact_id, Phone_type, Area_code, Number) VALUES (405, "Cell", "551", "551-497-8817");
INSERT INTO ADDRESS (Contact_id, Address_type, Address, City, State, Zip) VALUES (405, "Work", "74472 Valley Edge Crossing", "Allen", "Texas", "75009");
INSERT INTO DATE (Contact_id, Date_type, Date) VALUES (402, "BirthDate", "1966-04-02");
INSERT INTO CONTACT (Contact_id, Fname, Mname, Lname) VALUES (406, "Reinhold", "", "Merigeau");
INSERT INTO PHONE (Contact_id, Phone_type, Area_code, Number) VALUES (406, "Work", "772", "772-475-8322");
INSERT INTO PHONE (Contact_id, Phone_type, Area_code, Number) VALUES (406, "Cell", "379", "379-446-5516");
INSERT INTO ADDRESS (Contact_id, Address_type, Address, City, State, Zip) VALUES (406, "Home", "77379 Hermina Lane", "Plano", "Texas", "75085");
INSERT INTO DATE (Contact_id, Date_type, Date) VALUES (406, "BirthDate", "1996-11-14");
INSERT INTO CONTACT (Contact_id, Fname, Mname, Lname) VALUES (407, "Mel", "", "Tschirschky");
INSERT INTO PHONE (Contact_id, Phone_type, Area_code, Number) VALUES (407, "Work", "834", "834-605-7974");
INSERT INTO PHONE (Contact_id, Phone_type, Area_code, Number) VALUES (406, "Cell", "379", "379-446-5516");
INSERT INTO ADDRESS (Contact_id, Address_type, Address, City, State, Zip) VALUES (407, "Work", "7 Northwestern Terrace", "Allen", "Texas", "75007");
INSERT INTO DATE (Contact_id, Date_type, Date) VALUES (407, "BirthDate", "1967-12-12");
INSERT INTO CONTACT (Contact_id, Fname, Mname, Lname) VALUES (408, "Amalle", "", "Ferrieres");
INSERT INTO PHONE (Contact_id, Phone_type, Area_code, Number) VALUES (408, "Work", "587", "587-962-3774");
INSERT INTO PHONE (Contact_id, Phone_type, Area_code, Number) VALUES (408, "Cell", "122", "122-772-1670");
INSERT INTO ADDRESS (Contact_id, Address_type, Address, City, State, Zip) VALUES (408, "Work", "906 Mcguire Junction", "Richardson", "Texas", "75009");
INSERT INTO DATE (Contact_id, Date_type, Date) VALUES (408, "BirthDate", "1982-03-25");
INSERT INTO CONTACT (Contact_id, Fname, Mname, Lname) VALUES (409, "Conway", "", "Domoni");
INSERT INTO PHONE (Contact_id, Phone_type, Area_code, Number) VALUES (409, "Work", "779", "779-835-5111");
INSERT INTO PHONE (Contact_id, Phone_type, Area_code, Number) VALUES (409, "Cell", "931", "931-380-6036");
INSERT INTO ADDRESS (Contact_id, Address_type, Address, City, State, Zip) VALUES (409, "Home", "45 Summit Trail", "Dallas", "Texas", "75037");
INSERT INTO DATE (Contact_id, Date_type, Date) VALUES (409, "BirthDate", "1976-03-27");
INSERT INTO CONTACT (Contact_id, Fname, Mname, Lname) VALUES (410, "Carlie", "Kacie", "Marti");
INSERT INTO PHONE (Contact_id, Phone_type, Area_code, Number) VALUES (410, "Home", "286", "286-187-4570");
INSERT INTO PHONE (Contact_id, Phone_type, Area_code, Number) VALUES (410, "Cell", "407", "407-944-3765");
INSERT INTO ADDRESS (Contact_id, Address_type, Address, City, State, Zip) VALUES (410, "Work", "0 7th Avenue", "Plano", "Texas", "75003");
INSERT INTO DATE (Contact_id, Date_type, Date) VALUES (409, "BirthDate", "1976-03-27");
INSERT INTO CONTACT (Contact_id, Fname, Mname, Lname) VALUES (411, "Gillan", "", "Olley");
INSERT INTO PHONE (Contact_id, Phone_type, Area_code, Number) VALUES (411, "Work", "273", "273-175-6814");
INSERT INTO PHONE (Contact_id, Phone_type, Area_code, Number) VALUES (411, "Cell", "482", "482-696-8869");
INSERT INTO ADDRESS (Contact_id, Address_type, Address, City, State, Zip) VALUES (411, "Home", "5 Debs Park", "Allen", "Texas", "75068");
INSERT INTO DATE (Contact_id, Date_type, Date) VALUES (411, "BirthDate", "1989-05-17");
INSERT INTO CONTACT (Contact_id, Fname, Mname, Lname) VALUES (412, "Sullivan", "Chloe", "Branford");
INSERT INTO PHONE (Contact_id, Phone_type, Area_code, Number) VALUES (412, "Work", "451", "451-212-5486");
INSERT INTO PHONE (Contact_id, Phone_type, Area_code, Number) VALUES (412, "Cell", "488", "488-713-4507");
INSERT INTO ADDRESS (Contact_id, Address_type, Address, City, State, Zip) VALUES (412, "Work", "03 Dorton Point", "Addison", "Texas", "75007");
INSERT INTO DATE (Contact_id, Date_type, Date) VALUES (412, "BirthDate", "1969-04-04");
INSERT INTO CONTACT (Contact_id, Fname, Mname, Lname) VALUES (413, "Malanie", "Jacenta", "Bloggett");
INSERT INTO PHONE (Contact_id, Phone_type, Area_code, Number) VALUES (413, "Work", "425", "425-197-3858");
INSERT INTO PHONE (Contact_id, Phone_type, Area_code, Number) VALUES (413, "Cell", "407", "407-607-9732");
INSERT INTO ADDRESS (Contact_id, Address_type, Address, City, State, Zip) VALUES (413, "Home", "978 Buell Circle", "Richardson", "Texas", "");
INSERT INTO DATE (Contact_id, Date_type, Date) VALUES (412, "BirthDate", "1969-04-04");
INSERT INTO CONTACT (Contact_id, Fname, Mname, Lname) VALUES (414, "Boote", "Elonore", "Forsdyke");
INSERT INTO PHONE (Contact_id, Phone_type, Area_code, Number) VALUES (414, "Work", "619", "619-813-3510");
INSERT INTO PHONE (Contact_id, Phone_type, Area_code, Number) VALUES (414, "Cell", "895", "895-876-0800");
INSERT INTO ADDRESS (Contact_id, Address_type, Address, City, State, Zip) VALUES (414, "Home", "696 Esch Way", "Addison", "Texas", "75001");
INSERT INTO DATE (Contact_id, Date_type, Date) VALUES (412, "BirthDate", "1969-04-04");
INSERT INTO CONTACT (Contact_id, Fname, Mname, Lname) VALUES (415, "Remy", "", "Wreight");
INSERT INTO PHONE (Contact_id, Phone_type, Area_code, Number) VALUES (414, "Work", "619", "619-813-3510");
INSERT INTO PHONE (Contact_id, Phone_type, Area_code, Number) VALUES (415, "Cell", "672", "672-198-3035");
INSERT INTO ADDRESS (Contact_id, Address_type, Address, City, State, Zip) VALUES (415, "Work", "0792 Reindahl Terrace", "Plano", "Texas", "75006");
INSERT INTO DATE (Contact_id, Date_type, Date) VALUES (415, "BirthDate", "1969-03-05");
INSERT INTO CONTACT (Contact_id, Fname, Mname, Lname) VALUES (416, "Crystie", "", "Reasce");
INSERT INTO PHONE (Contact_id, Phone_type, Area_code, Number) VALUES (416, "Work", "327", "327-101-0402");
INSERT INTO PHONE (Contact_id, Phone_type, Area_code, Number) VALUES (416, "Cell", "706", "706-806-9461");
INSERT INTO ADDRESS (Contact_id, Address_type, Address, City, State, Zip) VALUES (416, "Home", "9165 Colorado Way", "Richardson", "Texas", "75036");
INSERT INTO DATE (Contact_id, Date_type, Date) VALUES (416, "BirthDate", "1965-10-20");
INSERT INTO CONTACT (Contact_id, Fname, Mname, Lname) VALUES (417, "Harriett", "Niles", "Avon");
INSERT INTO PHONE (Contact_id, Phone_type, Area_code, Number) VALUES (417, "Work", "190", "190-440-8826");
INSERT INTO PHONE (Contact_id, Phone_type, Area_code, Number) VALUES (417, "Cell", "374", "374-441-7592");
INSERT INTO ADDRESS (Contact_id, Address_type, Address, City, State, Zip) VALUES (417, "Work", "816 Riverside Alley", "Addison", "Texas", "75002");
INSERT INTO DATE (Contact_id, Date_type, Date) VALUES (417, "BirthDate", "1975-02-13");
INSERT INTO CONTACT (Contact_id, Fname, Mname, Lname) VALUES (418, "Nat", "Malvin", "Gherardini");
INSERT INTO PHONE (Contact_id, Phone_type, Area_code, Number) VALUES (418, "Work", "810", "810-648-7739");
INSERT INTO PHONE (Contact_id, Phone_type, Area_code, Number) VALUES (418, "Cell", "615", "615-660-2876");
INSERT INTO ADDRESS (Contact_id, Address_type, Address, City, State, Zip) VALUES (418, "Home", "8831 Waxwing Point", "Addison", "Texas", "75012");
INSERT INTO DATE (Contact_id, Date_type, Date) VALUES (417, "BirthDate", "1975-02-13");
INSERT INTO CONTACT (Contact_id, Fname, Mname, Lname) VALUES (419, "Sheela", "", "McAline");
INSERT INTO PHONE (Contact_id, Phone_type, Area_code, Number) VALUES (418, "Work", "810", "810-648-7739");
INSERT INTO PHONE (Contact_id, Phone_type, Area_code, Number) VALUES (419, "Cell", "664", "664-565-4203");
INSERT INTO ADDRESS (Contact_id, Address_type, Address, City, State, Zip) VALUES (419, "Home", "25 Straubel Lane", "Allen", "Texas", "75077");
INSERT INTO DATE (Contact_id, Date_type, Date) VALUES (419, "BirthDate", "1979-03-11");
INSERT INTO CONTACT (Contact_id, Fname, Mname, Lname) VALUES (420, "Haleigh", "Renaud", "Barrand");
INSERT INTO PHONE (Contact_id, Phone_type, Area_code, Number) VALUES (418, "Work", "810", "810-648-7739");
INSERT INTO PHONE (Contact_id, Phone_type, Area_code, Number) VALUES (420, "Cell", "455", "455-220-3403");
INSERT INTO ADDRESS (Contact_id, Address_type, Address, City, State, Zip) VALUES (420, "Work", "430 Mcbride Street", "Richardson", "Texas", "75009");
INSERT INTO DATE (Contact_id, Date_type, Date) VALUES (419, "BirthDate", "1979-03-11");
INSERT INTO CONTACT (Contact_id, Fname, Mname, Lname) VALUES (421, "Cookie", "Maurise", "Disbrow");
INSERT INTO PHONE (Contact_id, Phone_type, Area_code, Number) VALUES (418, "Work", "810", "810-648-7739");
INSERT INTO PHONE (Contact_id, Phone_type, Area_code, Number) VALUES (421, "Cell", "897", "897-443-3157");
INSERT INTO ADDRESS (Contact_id, Address_type, Address, City, State, Zip) VALUES (421, "Work", "0602 Old Shore Place", "Plano", "Texas", "75008");
INSERT INTO DATE (Contact_id, Date_type, Date) VALUES (421, "BirthDate", "1981-08-29");
INSERT INTO CONTACT (Contact_id, Fname, Mname, Lname) VALUES (422, "Hewie", "Maximilian", "Sives");
INSERT INTO PHONE (Contact_id, Phone_type, Area_code, Number) VALUES (422, "Work", "235", "235-186-3222");
INSERT INTO PHONE (Contact_id, Phone_type, Area_code, Number) VALUES (422, "Cell", "243", "243-870-9923");
INSERT INTO ADDRESS (Contact_id, Address_type, Address, City, State, Zip) VALUES (422, "Work", "335 Fremont Park", "Addison", "Texas", "75002");
INSERT INTO DATE (Contact_id, Date_type, Date) VALUES (421, "BirthDate", "1981-08-29");
INSERT INTO CONTACT (Contact_id, Fname, Mname, Lname) VALUES (423, "Desdemona", "", "Wadeson");
INSERT INTO PHONE (Contact_id, Phone_type, Area_code, Number) VALUES (422, "Work", "235", "235-186-3222");
INSERT INTO PHONE (Contact_id, Phone_type, Area_code, Number) VALUES (422, "Cell", "243", "243-870-9923");
INSERT INTO ADDRESS (Contact_id, Address_type, Address, City, State, Zip) VALUES (423, "Work", "322 Declaration Trail", "Dallas", "Texas", "75002");
INSERT INTO DATE (Contact_id, Date_type, Date) VALUES (421, "BirthDate", "1981-08-29");
INSERT INTO CONTACT (Contact_id, Fname, Mname, Lname) VALUES (424, "Aleece", "Colas", "Landell");
INSERT INTO PHONE (Contact_id, Phone_type, Area_code, Number) VALUES (424, "Work", "368", "368-711-3336");
INSERT INTO PHONE (Contact_id, Phone_type, Area_code, Number) VALUES (424, "Cell", "392", "392-581-2335");
INSERT INTO ADDRESS (Contact_id, Address_type, Address, City, State, Zip) VALUES (424, "Work", "9 Hanover Park", "Addison", "Texas", "75001");
INSERT INTO DATE (Contact_id, Date_type, Date) VALUES (424, "BirthDate", "1994-03-13");
INSERT INTO CONTACT (Contact_id, Fname, Mname, Lname) VALUES (425, "Marcelline", "", "Noor");
INSERT INTO PHONE (Contact_id, Phone_type, Area_code, Number) VALUES (424, "Work", "368", "368-711-3336");
INSERT INTO PHONE (Contact_id, Phone_type, Area_code, Number) VALUES (425, "Cell", "989", "989-833-6141");
INSERT INTO ADDRESS (Contact_id, Address_type, Address, City, State, Zip) VALUES (425, "Work", "532 Truax Drive", "Plano", "Texas", "75001");
INSERT INTO DATE (Contact_id, Date_type, Date) VALUES (424, "BirthDate", "1994-03-13");
INSERT INTO CONTACT (Contact_id, Fname, Mname, Lname) VALUES (426, "Walker", "Frankie", "Tremlett");
INSERT INTO PHONE (Contact_id, Phone_type, Area_code, Number) VALUES (426, "Work", "674", "674-810-0933");
INSERT INTO PHONE (Contact_id, Phone_type, Area_code, Number) VALUES (426, "Cell", "737", "737-408-4838");
INSERT INTO ADDRESS (Contact_id, Address_type, Address, City, State, Zip) VALUES (426, "Work", "31345 Manley Crossing", "Allen", "Texas", "75003");
INSERT INTO DATE (Contact_id, Date_type, Date) VALUES (426, "BirthDate", "1984-06-30");
INSERT INTO CONTACT (Contact_id, Fname, Mname, Lname) VALUES (427, "Valentino", "Karena", "Shrieve");
INSERT INTO PHONE (Contact_id, Phone_type, Area_code, Number) VALUES (427, "Work", "218", "218-306-4059");
INSERT INTO PHONE (Contact_id, Phone_type, Area_code, Number) VALUES (427, "Cell", "789", "789-513-4253");
INSERT INTO ADDRESS (Contact_id, Address_type, Address, City, State, Zip) VALUES (427, "Home", "43 Tennessee Park", "Dallas", "Texas", "75054");
INSERT INTO DATE (Contact_id, Date_type, Date) VALUES (427, "BirthDate", "1968-04-09");
INSERT INTO CONTACT (Contact_id, Fname, Mname, Lname) VALUES (428, "Jorey", "", "Waite");
INSERT INTO PHONE (Contact_id, Phone_type, Area_code, Number) VALUES (427, "Work", "218", "218-306-4059");
INSERT INTO PHONE (Contact_id, Phone_type, Area_code, Number) VALUES (428, "Cell", "777", "777-238-3165");
INSERT INTO ADDRESS (Contact_id, Address_type, Address, City, State, Zip) VALUES (428, "Home", "333 Montana Avenue", "Richardson", "Texas", "");
INSERT INTO DATE (Contact_id, Date_type, Date) VALUES (427, "BirthDate", "1968-04-09");
INSERT INTO CONTACT (Contact_id, Fname, Mname, Lname) VALUES (429, "Marylynne", "Emeline", "Scardifeild");
INSERT INTO PHONE (Contact_id, Phone_type, Area_code, Number) VALUES (429, "Work", "192", "192-712-9675");
INSERT INTO PHONE (Contact_id, Phone_type, Area_code, Number) VALUES (429, "Cell", "762", "762-682-2323");
INSERT INTO ADDRESS (Contact_id, Address_type, Address, City, State, Zip) VALUES (429, "Work", "6 8th Place", "Addison", "Texas", "75005");
INSERT INTO DATE (Contact_id, Date_type, Date) VALUES (429, "BirthDate", "1980-09-27");
INSERT INTO CONTACT (Contact_id, Fname, Mname, Lname) VALUES (430, "Susann", "Junette", "Loney");
INSERT INTO PHONE (Contact_id, Phone_type, Area_code, Number) VALUES (430, "Work", "898", "898-361-6855");
INSERT INTO PHONE (Contact_id, Phone_type, Area_code, Number) VALUES (430, "Cell", "131", "131-639-1104");
INSERT INTO ADDRESS (Contact_id, Address_type, Address, City, State, Zip) VALUES (430, "Work", "50840 Tomscot Lane", "Allen", "Texas", "75008");
INSERT INTO DATE (Contact_id, Date_type, Date) VALUES (430, "BirthDate", "1982-03-11");
INSERT INTO CONTACT (Contact_id, Fname, Mname, Lname) VALUES (431, "Kellyann", "", "Treuge");
INSERT INTO PHONE (Contact_id, Phone_type, Area_code, Number) VALUES (431, "Home", "730", "730-827-7962");
INSERT INTO PHONE (Contact_id, Phone_type, Area_code, Number) VALUES (431, "Cell", "832", "832-750-2254");
INSERT INTO ADDRESS (Contact_id, Address_type, Address, City, State, Zip) VALUES (430, "Work", "50840 Tomscot Lane", "Allen", "Texas", "75008");
INSERT INTO DATE (Contact_id, Date_type, Date) VALUES (431, "BirthDate", "1966-04-30");
INSERT INTO CONTACT (Contact_id, Fname, Mname, Lname) VALUES (432, "Gilbertine", "", "Aymeric");
INSERT INTO PHONE (Contact_id, Phone_type, Area_code, Number) VALUES (432, "Work", "587", "587-938-5724");
INSERT INTO PHONE (Contact_id, Phone_type, Area_code, Number) VALUES (432, "Cell", "795", "795-888-6145");
INSERT INTO ADDRESS (Contact_id, Address_type, Address, City, State, Zip) VALUES (432, "Home", "570 Prairie Rose Terrace", "Richardson", "Texas", "75011");
INSERT INTO DATE (Contact_id, Date_type, Date) VALUES (432, "BirthDate", "1977-09-14");
INSERT INTO CONTACT (Contact_id, Fname, Mname, Lname) VALUES (433, "Marlon", "Travus", "Ivachyov");
INSERT INTO PHONE (Contact_id, Phone_type, Area_code, Number) VALUES (433, "Work", "471", "471-194-1796");
INSERT INTO PHONE (Contact_id, Phone_type, Area_code, Number) VALUES (433, "Cell", "231", "231-592-2682");
INSERT INTO ADDRESS (Contact_id, Address_type, Address, City, State, Zip) VALUES (433, "Home", "50463 Novick Road", "Richardson", "Texas", "");
INSERT INTO DATE (Contact_id, Date_type, Date) VALUES (432, "BirthDate", "1977-09-14");
INSERT INTO CONTACT (Contact_id, Fname, Mname, Lname) VALUES (434, "Gus", "Tarah", "Janauschek");
INSERT INTO PHONE (Contact_id, Phone_type, Area_code, Number) VALUES (434, "Work", "999", "999-236-1304");
INSERT INTO PHONE (Contact_id, Phone_type, Area_code, Number) VALUES (434, "Cell", "693", "693-126-2725");
INSERT INTO ADDRESS (Contact_id, Address_type, Address, City, State, Zip) VALUES (434, "Work", "2683 Comanche Court", "Allen", "Texas", "75004");
INSERT INTO DATE (Contact_id, Date_type, Date) VALUES (432, "BirthDate", "1977-09-14");
INSERT INTO CONTACT (Contact_id, Fname, Mname, Lname) VALUES (435, "Frayda", "", "Rego");
INSERT INTO PHONE (Contact_id, Phone_type, Area_code, Number) VALUES (435, "Work", "817", "817-769-4012");
INSERT INTO PHONE (Contact_id, Phone_type, Area_code, Number) VALUES (435, "Cell", "197", "197-372-8782");
INSERT INTO ADDRESS (Contact_id, Address_type, Address, City, State, Zip) VALUES (435, "Work", "049 Waywood Crossing", "Dallas", "Texas", "75006");
INSERT INTO DATE (Contact_id, Date_type, Date) VALUES (432, "BirthDate", "1977-09-14");
INSERT INTO CONTACT (Contact_id, Fname, Mname, Lname) VALUES (436, "Jayne", "", "Bocke");
INSERT INTO PHONE (Contact_id, Phone_type, Area_code, Number) VALUES (436, "Work", "110", "110-171-2404");
INSERT INTO PHONE (Contact_id, Phone_type, Area_code, Number) VALUES (436, "Cell", "928", "928-902-2194");
INSERT INTO ADDRESS (Contact_id, Address_type, Address, City, State, Zip) VALUES (436, "Home", "15 Marquette Center", "Allen", "Texas", "");
INSERT INTO DATE (Contact_id, Date_type, Date) VALUES (432, "BirthDate", "1977-09-14");
INSERT INTO CONTACT (Contact_id, Fname, Mname, Lname) VALUES (437, "Olivero", "Wanids", "Katt");
INSERT INTO PHONE (Contact_id, Phone_type, Area_code, Number) VALUES (437, "Work", "569", "569-256-8237");
INSERT INTO PHONE (Contact_id, Phone_type, Area_code, Number) VALUES (437, "Cell", "493", "493-474-6204");
INSERT INTO ADDRESS (Contact_id, Address_type, Address, City, State, Zip) VALUES (437, "Home", "1152 Basil Crossing", "Plano", "Texas", "75024");
INSERT INTO DATE (Contact_id, Date_type, Date) VALUES (432, "BirthDate", "1977-09-14");
INSERT INTO CONTACT (Contact_id, Fname, Mname, Lname) VALUES (438, "Vincenz", "", "Martinson");
INSERT INTO PHONE (Contact_id, Phone_type, Area_code, Number) VALUES (437, "Work", "569", "569-256-8237");
INSERT INTO PHONE (Contact_id, Phone_type, Area_code, Number) VALUES (438, "Cell", "185", "185-738-4858");
INSERT INTO ADDRESS (Contact_id, Address_type, Address, City, State, Zip) VALUES (438, "Home", "00 Aberg Trail", "Dallas", "Texas", "");
INSERT INTO DATE (Contact_id, Date_type, Date) VALUES (438, "BirthDate", "1964-08-17");
INSERT INTO CONTACT (Contact_id, Fname, Mname, Lname) VALUES (439, "Rafaelia", "", "Kendred");
INSERT INTO PHONE (Contact_id, Phone_type, Area_code, Number) VALUES (439, "Home", "931", "931-165-9882");
INSERT INTO PHONE (Contact_id, Phone_type, Area_code, Number) VALUES (439, "Cell", "788", "788-839-4995");
INSERT INTO ADDRESS (Contact_id, Address_type, Address, City, State, Zip) VALUES (439, "Home", "97897 Nevada Place", "Richardson", "Texas", "");
INSERT INTO DATE (Contact_id, Date_type, Date) VALUES (439, "BirthDate", "1968-12-11");
INSERT INTO CONTACT (Contact_id, Fname, Mname, Lname) VALUES (440, "Fayth", "Vonnie", "Lacer");
INSERT INTO PHONE (Contact_id, Phone_type, Area_code, Number) VALUES (440, "Home", "700", "700-469-3191");
INSERT INTO PHONE (Contact_id, Phone_type, Area_code, Number) VALUES (440, "Cell", "290", "290-239-4431");
INSERT INTO ADDRESS (Contact_id, Address_type, Address, City, State, Zip) VALUES (440, "Home", "86669 Kings Court", "Addison", "Texas", "");
INSERT INTO DATE (Contact_id, Date_type, Date) VALUES (440, "BirthDate", "1987-09-20");
INSERT INTO CONTACT (Contact_id, Fname, Mname, Lname) VALUES (441, "Cristobal", "", "Broggelli");
INSERT INTO PHONE (Contact_id, Phone_type, Area_code, Number) VALUES (441, "Work", "388", "388-481-3001");
INSERT INTO PHONE (Contact_id, Phone_type, Area_code, Number) VALUES (441, "Cell", "681", "681-884-9486");
INSERT INTO ADDRESS (Contact_id, Address_type, Address, City, State, Zip) VALUES (441, "Home", "639 Del Mar Plaza", "Dallas", "Texas", "75091");
INSERT INTO DATE (Contact_id, Date_type, Date) VALUES (441, "BirthDate", "1989-04-16");
INSERT INTO CONTACT (Contact_id, Fname, Mname, Lname) VALUES (442, "Tania", "Ari", "Wetter");
INSERT INTO PHONE (Contact_id, Phone_type, Area_code, Number) VALUES (442, "Work", "674", "674-799-6565");
INSERT INTO PHONE (Contact_id, Phone_type, Area_code, Number) VALUES (442, "Cell", "451", "451-576-9876");
INSERT INTO ADDRESS (Contact_id, Address_type, Address, City, State, Zip) VALUES (442, "Work", "56 Carpenter Plaza", "Dallas", "Texas", "75006");
INSERT INTO DATE (Contact_id, Date_type, Date) VALUES (442, "BirthDate", "1975-02-11");
INSERT INTO CONTACT (Contact_id, Fname, Mname, Lname) VALUES (443, "Tomaso", "Holli", "Adamsen");
INSERT INTO PHONE (Contact_id, Phone_type, Area_code, Number) VALUES (443, "Work", "260", "260-312-0545");
INSERT INTO PHONE (Contact_id, Phone_type, Area_code, Number) VALUES (443, "Cell", "367", "367-653-7536");
INSERT INTO ADDRESS (Contact_id, Address_type, Address, City, State, Zip) VALUES (443, "Work", "89656 Gateway Junction", "Richardson", "Texas", "75001");
INSERT INTO DATE (Contact_id, Date_type, Date) VALUES (443, "BirthDate", "1994-12-19");
INSERT INTO CONTACT (Contact_id, Fname, Mname, Lname) VALUES (444, "Ericka", "Elvera", "Scarlan");
INSERT INTO PHONE (Contact_id, Phone_type, Area_code, Number) VALUES (444, "Work", "672", "672-683-0513");
INSERT INTO PHONE (Contact_id, Phone_type, Area_code, Number) VALUES (444, "Cell", "623", "623-129-3133");
INSERT INTO ADDRESS (Contact_id, Address_type, Address, City, State, Zip) VALUES (444, "Work", "80 High Crossing Pass", "Dallas", "Texas", "75006");
INSERT INTO DATE (Contact_id, Date_type, Date) VALUES (444, "BirthDate", "1972-07-17");
INSERT INTO CONTACT (Contact_id, Fname, Mname, Lname) VALUES (445, "Benoit", "Cherianne", "Smyth");
INSERT INTO PHONE (Contact_id, Phone_type, Area_code, Number) VALUES (444, "Work", "672", "672-683-0513");
INSERT INTO PHONE (Contact_id, Phone_type, Area_code, Number) VALUES (445, "Cell", "560", "560-910-4461");
INSERT INTO ADDRESS (Contact_id, Address_type, Address, City, State, Zip) VALUES (445, "Home", "29509 Calypso Circle", "Plano", "Texas", "75098");
INSERT INTO DATE (Contact_id, Date_type, Date) VALUES (444, "BirthDate", "1972-07-17");
INSERT INTO CONTACT (Contact_id, Fname, Mname, Lname) VALUES (446, "Shane", "Johannah", "McGunley");
INSERT INTO PHONE (Contact_id, Phone_type, Area_code, Number) VALUES (446, "Home", "164", "164-838-5185");
INSERT INTO PHONE (Contact_id, Phone_type, Area_code, Number) VALUES (446, "Cell", "537", "537-563-3945");
INSERT INTO ADDRESS (Contact_id, Address_type, Address, City, State, Zip) VALUES (446, "Work", "0830 Kingsford Center", "Richardson", "Texas", "75006");
INSERT INTO DATE (Contact_id, Date_type, Date) VALUES (444, "BirthDate", "1972-07-17");
INSERT INTO CONTACT (Contact_id, Fname, Mname, Lname) VALUES (447, "Lucine", "Bridget", "Jamieson");
INSERT INTO PHONE (Contact_id, Phone_type, Area_code, Number) VALUES (447, "Home", "637", "637-306-2368");
INSERT INTO PHONE (Contact_id, Phone_type, Area_code, Number) VALUES (447, "Cell", "731", "731-927-9782");
INSERT INTO ADDRESS (Contact_id, Address_type, Address, City, State, Zip) VALUES (447, "Work", "18 Dexter Point", "Dallas", "Texas", "75001");
INSERT INTO DATE (Contact_id, Date_type, Date) VALUES (447, "BirthDate", "1973-07-05");
INSERT INTO CONTACT (Contact_id, Fname, Mname, Lname) VALUES (448, "Bobina", "Aline", "Kleinmintz");
INSERT INTO PHONE (Contact_id, Phone_type, Area_code, Number) VALUES (448, "Work", "420", "420-553-3770");
INSERT INTO PHONE (Contact_id, Phone_type, Area_code, Number) VALUES (448, "Cell", "711", "711-728-1673");
INSERT INTO ADDRESS (Contact_id, Address_type, Address, City, State, Zip) VALUES (448, "Home", "3757 Truax Park", "Richardson", "Texas", "");
INSERT INTO DATE (Contact_id, Date_type, Date) VALUES (448, "BirthDate", "1983-02-04");
INSERT INTO CONTACT (Contact_id, Fname, Mname, Lname) VALUES (449, "Lorrie", "", "Loker");
INSERT INTO PHONE (Contact_id, Phone_type, Area_code, Number) VALUES (449, "Work", "585", "585-470-9801");
INSERT INTO PHONE (Contact_id, Phone_type, Area_code, Number) VALUES (449, "Cell", "712", "712-191-9859");
INSERT INTO ADDRESS (Contact_id, Address_type, Address, City, State, Zip) VALUES (448, "Home", "3757 Truax Park", "Richardson", "Texas", "");
INSERT INTO DATE (Contact_id, Date_type, Date) VALUES (449, "BirthDate", "1977-05-08");
INSERT INTO CONTACT (Contact_id, Fname, Mname, Lname) VALUES (450, "Ignacio", "Grace", "Matyugin");
INSERT INTO PHONE (Contact_id, Phone_type, Area_code, Number) VALUES (449, "Work", "585", "585-470-9801");
INSERT INTO PHONE (Contact_id, Phone_type, Area_code, Number) VALUES (450, "Cell", "985", "985-835-1578");
INSERT INTO ADDRESS (Contact_id, Address_type, Address, City, State, Zip) VALUES (450, "Home", "18975 Harbort Hill", "Dallas", "Texas", "75004");
INSERT INTO DATE (Contact_id, Date_type, Date) VALUES (450, "BirthDate", "1968-01-09");
INSERT INTO CONTACT (Contact_id, Fname, Mname, Lname) VALUES (451, "Cesare", "Celka", "Sellers");
INSERT INTO PHONE (Contact_id, Phone_type, Area_code, Number) VALUES (451, "Work", "376", "376-914-5367");
INSERT INTO PHONE (Contact_id, Phone_type, Area_code, Number) VALUES (451, "Cell", "243", "243-475-8168");
INSERT INTO ADDRESS (Contact_id, Address_type, Address, City, State, Zip) VALUES (451, "Home", "47751 Red Cloud Street", "Dallas", "Texas", "75013");
INSERT INTO DATE (Contact_id, Date_type, Date) VALUES (451, "BirthDate", "1989-07-02");
INSERT INTO CONTACT (Contact_id, Fname, Mname, Lname) VALUES (452, "Alwyn", "Gene", "McCorkindale");
INSERT INTO PHONE (Contact_id, Phone_type, Area_code, Number) VALUES (452, "Home", "416", "416-513-9185");
INSERT INTO PHONE (Contact_id, Phone_type, Area_code, Number) VALUES (452, "Cell", "774", "774-896-0810");
INSERT INTO ADDRESS (Contact_id, Address_type, Address, City, State, Zip) VALUES (452, "Home", "648 Hooker Junction", "Dallas", "Texas", "75061");
INSERT INTO DATE (Contact_id, Date_type, Date) VALUES (452, "BirthDate", "1969-12-30");
INSERT INTO CONTACT (Contact_id, Fname, Mname, Lname) VALUES (453, "Stafford", "", "Pinilla");
INSERT INTO PHONE (Contact_id, Phone_type, Area_code, Number) VALUES (453, "Work", "100", "100-231-1817");
INSERT INTO PHONE (Contact_id, Phone_type, Area_code, Number) VALUES (453, "Cell", "766", "766-603-1114");
INSERT INTO ADDRESS (Contact_id, Address_type, Address, City, State, Zip) VALUES (453, "Work", "539 Canary Point", "Plano", "Texas", "75005");
INSERT INTO DATE (Contact_id, Date_type, Date) VALUES (453, "BirthDate", "1968-02-17");
INSERT INTO CONTACT (Contact_id, Fname, Mname, Lname) VALUES (454, "Ange", "Vernor", "Huckster");
INSERT INTO PHONE (Contact_id, Phone_type, Area_code, Number) VALUES (454, "Work", "771", "771-306-7181");
INSERT INTO PHONE (Contact_id, Phone_type, Area_code, Number) VALUES (454, "Cell", "577", "577-152-7587");
INSERT INTO ADDRESS (Contact_id, Address_type, Address, City, State, Zip) VALUES (454, "Home", "834 Manitowish Center", "Addison", "Texas", "");
INSERT INTO DATE (Contact_id, Date_type, Date) VALUES (453, "BirthDate", "1968-02-17");
INSERT INTO CONTACT (Contact_id, Fname, Mname, Lname) VALUES (455, "Dinah", "", "Ashburner");
INSERT INTO PHONE (Contact_id, Phone_type, Area_code, Number) VALUES (455, "Work", "998", "998-763-9884");
INSERT INTO PHONE (Contact_id, Phone_type, Area_code, Number) VALUES (455, "Cell", "168", "168-600-1777");
INSERT INTO ADDRESS (Contact_id, Address_type, Address, City, State, Zip) VALUES (455, "Work", "98 Harper Avenue", "Plano", "Texas", "75007");
INSERT INTO DATE (Contact_id, Date_type, Date) VALUES (455, "BirthDate", "1964-10-09");
INSERT INTO CONTACT (Contact_id, Fname, Mname, Lname) VALUES (456, "Gabbie", "Tina", "Riordan");
INSERT INTO PHONE (Contact_id, Phone_type, Area_code, Number) VALUES (456, "Home", "913", "913-290-1029");
INSERT INTO PHONE (Contact_id, Phone_type, Area_code, Number) VALUES (456, "Cell", "975", "975-887-0855");
INSERT INTO ADDRESS (Contact_id, Address_type, Address, City, State, Zip) VALUES (456, "Work", "73795 Red Cloud Crossing", "Richardson", "Texas", "75005");
INSERT INTO DATE (Contact_id, Date_type, Date) VALUES (456, "BirthDate", "1982-12-19");
INSERT INTO CONTACT (Contact_id, Fname, Mname, Lname) VALUES (457, "Gayler", "", "Maffin");
INSERT INTO PHONE (Contact_id, Phone_type, Area_code, Number) VALUES (457, "Work", "829", "829-200-9897");
INSERT INTO PHONE (Contact_id, Phone_type, Area_code, Number) VALUES (456, "Cell", "975", "975-887-0855");
INSERT INTO ADDRESS (Contact_id, Address_type, Address, City, State, Zip) VALUES (457, "Home", "370 Longview Hill", "Allen", "Texas", "75005");
INSERT INTO DATE (Contact_id, Date_type, Date) VALUES (456, "BirthDate", "1982-12-19");
INSERT INTO CONTACT (Contact_id, Fname, Mname, Lname) VALUES (458, "Gleda", "Adelina", "Thunders");
INSERT INTO PHONE (Contact_id, Phone_type, Area_code, Number) VALUES (458, "Work", "622", "622-744-2732");
INSERT INTO PHONE (Contact_id, Phone_type, Area_code, Number) VALUES (458, "Cell", "532", "532-293-4334");
INSERT INTO ADDRESS (Contact_id, Address_type, Address, City, State, Zip) VALUES (458, "Home", "90777 Northwestern Street", "Addison", "Texas", "");
INSERT INTO DATE (Contact_id, Date_type, Date) VALUES (458, "BirthDate", "1975-08-22");
INSERT INTO CONTACT (Contact_id, Fname, Mname, Lname) VALUES (459, "Binky", "Stacie", "Bengtsson");
INSERT INTO PHONE (Contact_id, Phone_type, Area_code, Number) VALUES (459, "Work", "498", "498-501-1581");
INSERT INTO PHONE (Contact_id, Phone_type, Area_code, Number) VALUES (459, "Cell", "306", "306-893-4925");
INSERT INTO ADDRESS (Contact_id, Address_type, Address, City, State, Zip) VALUES (459, "Home", "72116 Rockefeller Street", "Allen", "Texas", "75097");
INSERT INTO DATE (Contact_id, Date_type, Date) VALUES (458, "BirthDate", "1975-08-22");
INSERT INTO CONTACT (Contact_id, Fname, Mname, Lname) VALUES (460, "Valaree", "", "Burril");
INSERT INTO PHONE (Contact_id, Phone_type, Area_code, Number) VALUES (460, "Work", "140", "140-160-0913");
INSERT INTO PHONE (Contact_id, Phone_type, Area_code, Number) VALUES (460, "Cell", "319", "319-242-9453");
INSERT INTO ADDRESS (Contact_id, Address_type, Address, City, State, Zip) VALUES (460, "Work", "57092 Clarendon Lane", "Allen", "Texas", "75005");
INSERT INTO DATE (Contact_id, Date_type, Date) VALUES (460, "BirthDate", "1977-06-05");
INSERT INTO CONTACT (Contact_id, Fname, Mname, Lname) VALUES (461, "Robinette", "", "Grasner");
INSERT INTO PHONE (Contact_id, Phone_type, Area_code, Number) VALUES (461, "Work", "291", "291-645-6297");
INSERT INTO PHONE (Contact_id, Phone_type, Area_code, Number) VALUES (461, "Cell", "133", "133-848-9230");
INSERT INTO ADDRESS (Contact_id, Address_type, Address, City, State, Zip) VALUES (461, "Home", "4574 Sachs Street", "Allen", "Texas", "");
INSERT INTO DATE (Contact_id, Date_type, Date) VALUES (461, "BirthDate", "1988-06-11");
INSERT INTO CONTACT (Contact_id, Fname, Mname, Lname) VALUES (462, "Veda", "Lynne", "Dorrington");
INSERT INTO PHONE (Contact_id, Phone_type, Area_code, Number) VALUES (461, "Work", "291", "291-645-6297");
INSERT INTO PHONE (Contact_id, Phone_type, Area_code, Number) VALUES (462, "Cell", "143", "143-268-5227");
INSERT INTO ADDRESS (Contact_id, Address_type, Address, City, State, Zip) VALUES (462, "Home", "472 Merchant Street", "Allen", "Texas", "");
INSERT INTO DATE (Contact_id, Date_type, Date) VALUES (461, "BirthDate", "1988-06-11");
INSERT INTO CONTACT (Contact_id, Fname, Mname, Lname) VALUES (463, "Venus", "", "Woolnough");
INSERT INTO PHONE (Contact_id, Phone_type, Area_code, Number) VALUES (463, "Work", "641", "641-642-7666");
INSERT INTO PHONE (Contact_id, Phone_type, Area_code, Number) VALUES (463, "Cell", "904", "904-488-3281");
INSERT INTO ADDRESS (Contact_id, Address_type, Address, City, State, Zip) VALUES (463, "Home", "3912 Riverside Circle", "Richardson", "Texas", "75039");
INSERT INTO DATE (Contact_id, Date_type, Date) VALUES (461, "BirthDate", "1988-06-11");
INSERT INTO CONTACT (Contact_id, Fname, Mname, Lname) VALUES (464, "Dalia", "Heywood", "Wardall");
INSERT INTO PHONE (Contact_id, Phone_type, Area_code, Number) VALUES (463, "Work", "641", "641-642-7666");
INSERT INTO PHONE (Contact_id, Phone_type, Area_code, Number) VALUES (464, "Cell", "972", "972-732-8421");
INSERT INTO ADDRESS (Contact_id, Address_type, Address, City, State, Zip) VALUES (464, "Home", "79872 Roth Way", "Plano", "Texas", "75082");
INSERT INTO DATE (Contact_id, Date_type, Date) VALUES (464, "BirthDate", "1991-07-10");
INSERT INTO CONTACT (Contact_id, Fname, Mname, Lname) VALUES (465, "Ciro", "Augustine", "Went");
INSERT INTO PHONE (Contact_id, Phone_type, Area_code, Number) VALUES (465, "Work", "946", "946-969-2724");
INSERT INTO PHONE (Contact_id, Phone_type, Area_code, Number) VALUES (465, "Cell", "884", "884-502-5285");
INSERT INTO ADDRESS (Contact_id, Address_type, Address, City, State, Zip) VALUES (465, "Work", "694 High Crossing Drive", "Richardson", "Texas", "75002");
INSERT INTO DATE (Contact_id, Date_type, Date) VALUES (465, "BirthDate", "1975-01-07");
INSERT INTO CONTACT (Contact_id, Fname, Mname, Lname) VALUES (466, "Mina", "Hansiain", "Ranson");
INSERT INTO PHONE (Contact_id, Phone_type, Area_code, Number) VALUES (466, "Work", "181", "181-347-5668");
INSERT INTO PHONE (Contact_id, Phone_type, Area_code, Number) VALUES (466, "Cell", "422", "422-640-9616");
INSERT INTO ADDRESS (Contact_id, Address_type, Address, City, State, Zip) VALUES (466, "Work", "64077 Stuart Street", "Allen", "Texas", "75001");
INSERT INTO DATE (Contact_id, Date_type, Date) VALUES (465, "BirthDate", "1975-01-07");
INSERT INTO CONTACT (Contact_id, Fname, Mname, Lname) VALUES (467, "Weider", "Tressa", "Ducaen");
INSERT INTO PHONE (Contact_id, Phone_type, Area_code, Number) VALUES (467, "Home", "214", "214-352-6381");
INSERT INTO PHONE (Contact_id, Phone_type, Area_code, Number) VALUES (467, "Cell", "340", "340-749-6640");
INSERT INTO ADDRESS (Contact_id, Address_type, Address, City, State, Zip) VALUES (467, "Work", "0603 Debs Terrace", "Richardson", "Texas", "75003");
INSERT INTO DATE (Contact_id, Date_type, Date) VALUES (467, "BirthDate", "1994-03-26");
INSERT INTO CONTACT (Contact_id, Fname, Mname, Lname) VALUES (468, "Barbie", "Zara", "Baser");
INSERT INTO PHONE (Contact_id, Phone_type, Area_code, Number) VALUES (468, "Work", "911", "911-909-9299");
INSERT INTO PHONE (Contact_id, Phone_type, Area_code, Number) VALUES (468, "Cell", "913", "913-260-5908");
INSERT INTO ADDRESS (Contact_id, Address_type, Address, City, State, Zip) VALUES (468, "Home", "2 Kinsman Avenue", "Allen", "Texas", "");
INSERT INTO DATE (Contact_id, Date_type, Date) VALUES (468, "BirthDate", "1973-01-02");
INSERT INTO CONTACT (Contact_id, Fname, Mname, Lname) VALUES (469, "Salomon", "Elonore", "Gatward");
INSERT INTO PHONE (Contact_id, Phone_type, Area_code, Number) VALUES (469, "Work", "337", "337-219-5406");
INSERT INTO PHONE (Contact_id, Phone_type, Area_code, Number) VALUES (469, "Cell", "146", "146-161-0751");
INSERT INTO ADDRESS (Contact_id, Address_type, Address, City, State, Zip) VALUES (469, "Work", "83 Anderson Parkway", "Allen", "Texas", "75004");
INSERT INTO DATE (Contact_id, Date_type, Date) VALUES (469, "BirthDate", "1976-10-27");
INSERT INTO CONTACT (Contact_id, Fname, Mname, Lname) VALUES (470, "Kellyann", "", "Sebrook");
INSERT INTO PHONE (Contact_id, Phone_type, Area_code, Number) VALUES (470, "Home", "170", "170-938-9058");
INSERT INTO PHONE (Contact_id, Phone_type, Area_code, Number) VALUES (470, "Cell", "720", "720-670-6376");
INSERT INTO ADDRESS (Contact_id, Address_type, Address, City, State, Zip) VALUES (470, "Work", "5059 Summer Ridge Circle", "Addison", "Texas", "75007");
INSERT INTO DATE (Contact_id, Date_type, Date) VALUES (470, "BirthDate", "1966-04-06");
INSERT INTO CONTACT (Contact_id, Fname, Mname, Lname) VALUES (471, "Chandler", "Juan", "Ivanchikov");
INSERT INTO PHONE (Contact_id, Phone_type, Area_code, Number) VALUES (471, "Work", "666", "666-793-8432");
INSERT INTO PHONE (Contact_id, Phone_type, Area_code, Number) VALUES (471, "Cell", "385", "385-172-2304");
INSERT INTO ADDRESS (Contact_id, Address_type, Address, City, State, Zip) VALUES (471, "Work", "17 Blaine Court", "Allen", "Texas", "75006");
INSERT INTO DATE (Contact_id, Date_type, Date) VALUES (470, "BirthDate", "1966-04-06");
INSERT INTO CONTACT (Contact_id, Fname, Mname, Lname) VALUES (472, "Pauline", "Shalna", "O'Hederscoll");
INSERT INTO PHONE (Contact_id, Phone_type, Area_code, Number) VALUES (472, "Work", "657", "657-178-0570");
INSERT INTO PHONE (Contact_id, Phone_type, Area_code, Number) VALUES (472, "Cell", "969", "969-108-3880");
INSERT INTO ADDRESS (Contact_id, Address_type, Address, City, State, Zip) VALUES (472, "Work", "10 Nobel Road", "Richardson", "Texas", "75008");
INSERT INTO DATE (Contact_id, Date_type, Date) VALUES (472, "BirthDate", "1972-08-13");
INSERT INTO CONTACT (Contact_id, Fname, Mname, Lname) VALUES (473, "Forrest", "", "Yeoman");
INSERT INTO PHONE (Contact_id, Phone_type, Area_code, Number) VALUES (472, "Work", "657", "657-178-0570");
INSERT INTO PHONE (Contact_id, Phone_type, Area_code, Number) VALUES (473, "Cell", "178", "178-497-6381");
INSERT INTO ADDRESS (Contact_id, Address_type, Address, City, State, Zip) VALUES (473, "Home", "4106 Dapin Court", "Dallas", "Texas", "75003");
INSERT INTO DATE (Contact_id, Date_type, Date) VALUES (473, "BirthDate", "1980-03-02");
INSERT INTO CONTACT (Contact_id, Fname, Mname, Lname) VALUES (474, "Marya", "Linzy", "Hawney");
INSERT INTO PHONE (Contact_id, Phone_type, Area_code, Number) VALUES (474, "Work", "363", "363-367-0385");
INSERT INTO PHONE (Contact_id, Phone_type, Area_code, Number) VALUES (474, "Cell", "125", "125-302-8196");
INSERT INTO ADDRESS (Contact_id, Address_type, Address, City, State, Zip) VALUES (473, "Home", "4106 Dapin Court", "Dallas", "Texas", "75003");
INSERT INTO DATE (Contact_id, Date_type, Date) VALUES (474, "BirthDate", "1987-06-20");
INSERT INTO CONTACT (Contact_id, Fname, Mname, Lname) VALUES (475, "Claiborn", "", "Kluss");
INSERT INTO PHONE (Contact_id, Phone_type, Area_code, Number) VALUES (475, "Work", "744", "744-953-2520");
INSERT INTO PHONE (Contact_id, Phone_type, Area_code, Number) VALUES (475, "Cell", "804", "804-532-6828");
INSERT INTO ADDRESS (Contact_id, Address_type, Address, City, State, Zip) VALUES (475, "Home", "135 Mariners Cove Parkway", "Richardson", "Texas", "75038");
INSERT INTO DATE (Contact_id, Date_type, Date) VALUES (474, "BirthDate", "1987-06-20");
INSERT INTO CONTACT (Contact_id, Fname, Mname, Lname) VALUES (476, "Sophia", "", "Mepsted");
INSERT INTO PHONE (Contact_id, Phone_type, Area_code, Number) VALUES (476, "Home", "706", "706-286-6061");
INSERT INTO PHONE (Contact_id, Phone_type, Area_code, Number) VALUES (476, "Cell", "531", "531-212-5264");
INSERT INTO ADDRESS (Contact_id, Address_type, Address, City, State, Zip) VALUES (476, "Home", "60 Graedel Plaza", "Dallas", "Texas", "");
INSERT INTO DATE (Contact_id, Date_type, Date) VALUES (476, "BirthDate", "1981-11-25");
INSERT INTO CONTACT (Contact_id, Fname, Mname, Lname) VALUES (477, "Guillermo", "", "Cossom");
INSERT INTO PHONE (Contact_id, Phone_type, Area_code, Number) VALUES (477, "Work", "886", "886-499-6561");
INSERT INTO PHONE (Contact_id, Phone_type, Area_code, Number) VALUES (476, "Cell", "531", "531-212-5264");
INSERT INTO ADDRESS (Contact_id, Address_type, Address, City, State, Zip) VALUES (476, "Home", "60 Graedel Plaza", "Dallas", "Texas", "");
INSERT INTO DATE (Contact_id, Date_type, Date) VALUES (476, "BirthDate", "1981-11-25");
INSERT INTO CONTACT (Contact_id, Fname, Mname, Lname) VALUES (478, "Steffi", "Sigrid", "Bletso");
INSERT INTO PHONE (Contact_id, Phone_type, Area_code, Number) VALUES (478, "Work", "210", "210-956-8721");
INSERT INTO PHONE (Contact_id, Phone_type, Area_code, Number) VALUES (478, "Cell", "649", "649-281-1047");
INSERT INTO ADDRESS (Contact_id, Address_type, Address, City, State, Zip) VALUES (478, "Work", "0 Lakewood Plaza", "Richardson", "Texas", "75001");
INSERT INTO DATE (Contact_id, Date_type, Date) VALUES (476, "BirthDate", "1981-11-25");
INSERT INTO CONTACT (Contact_id, Fname, Mname, Lname) VALUES (479, "Farlee", "Cissiee", "Wines");
INSERT INTO PHONE (Contact_id, Phone_type, Area_code, Number) VALUES (479, "Work", "115", "115-370-7575");
INSERT INTO PHONE (Contact_id, Phone_type, Area_code, Number) VALUES (479, "Cell", "962", "962-482-1935");
INSERT INTO ADDRESS (Contact_id, Address_type, Address, City, State, Zip) VALUES (479, "Work", "4 Grim Road", "Allen", "Texas", "75007");
INSERT INTO DATE (Contact_id, Date_type, Date) VALUES (476, "BirthDate", "1981-11-25");
INSERT INTO CONTACT (Contact_id, Fname, Mname, Lname) VALUES (480, "Wallace", "Terri", "Duell");
INSERT INTO PHONE (Contact_id, Phone_type, Area_code, Number) VALUES (479, "Work", "115", "115-370-7575");
INSERT INTO PHONE (Contact_id, Phone_type, Area_code, Number) VALUES (480, "Cell", "503", "503-252-7641");
INSERT INTO ADDRESS (Contact_id, Address_type, Address, City, State, Zip) VALUES (480, "Home", "8142 Mccormick Pass", "Dallas", "Texas", "75083");
INSERT INTO DATE (Contact_id, Date_type, Date) VALUES (476, "BirthDate", "1981-11-25");
INSERT INTO CONTACT (Contact_id, Fname, Mname, Lname) VALUES (481, "George", "Kania", "Defew");
INSERT INTO PHONE (Contact_id, Phone_type, Area_code, Number) VALUES (481, "Work", "343", "343-733-0736");
INSERT INTO PHONE (Contact_id, Phone_type, Area_code, Number) VALUES (480, "Cell", "503", "503-252-7641");
INSERT INTO ADDRESS (Contact_id, Address_type, Address, City, State, Zip) VALUES (481, "Work", "7 Starling Lane", "Plano", "Texas", "75004");
INSERT INTO DATE (Contact_id, Date_type, Date) VALUES (476, "BirthDate", "1981-11-25");
INSERT INTO CONTACT (Contact_id, Fname, Mname, Lname) VALUES (482, "Sherye", "Olympe", "Burker");
INSERT INTO PHONE (Contact_id, Phone_type, Area_code, Number) VALUES (482, "Home", "121", "121-934-9403");
INSERT INTO PHONE (Contact_id, Phone_type, Area_code, Number) VALUES (482, "Cell", "364", "364-450-9367");
INSERT INTO ADDRESS (Contact_id, Address_type, Address, City, State, Zip) VALUES (482, "Home", "5 Graceland Place", "Allen", "Texas", "");
INSERT INTO DATE (Contact_id, Date_type, Date) VALUES (476, "BirthDate", "1981-11-25");
INSERT INTO CONTACT (Contact_id, Fname, Mname, Lname) VALUES (483, "Silvana", "Elissa", "Landers");
INSERT INTO PHONE (Contact_id, Phone_type, Area_code, Number) VALUES (483, "Work", "636", "636-843-4437");
INSERT INTO PHONE (Contact_id, Phone_type, Area_code, Number) VALUES (483, "Cell", "226", "226-268-4925");
INSERT INTO ADDRESS (Contact_id, Address_type, Address, City, State, Zip) VALUES (483, "Home", "33 Bluestem Center", "Addison", "Texas", "");
INSERT INTO DATE (Contact_id, Date_type, Date) VALUES (476, "BirthDate", "1981-11-25");
INSERT INTO CONTACT (Contact_id, Fname, Mname, Lname) VALUES (484, "Rafferty", "Nathaniel", "Lanceter");
INSERT INTO PHONE (Contact_id, Phone_type, Area_code, Number) VALUES (483, "Work", "636", "636-843-4437");
INSERT INTO PHONE (Contact_id, Phone_type, Area_code, Number) VALUES (484, "Cell", "290", "290-907-7947");
INSERT INTO ADDRESS (Contact_id, Address_type, Address, City, State, Zip) VALUES (484, "Home", "78 Caliangt Way", "Plano", "Texas", "75005");
INSERT INTO DATE (Contact_id, Date_type, Date) VALUES (476, "BirthDate", "1981-11-25");
INSERT INTO CONTACT (Contact_id, Fname, Mname, Lname) VALUES (485, "Teri", "", "Hinze");
INSERT INTO PHONE (Contact_id, Phone_type, Area_code, Number) VALUES (485, "Work", "715", "715-911-8841");
INSERT INTO PHONE (Contact_id, Phone_type, Area_code, Number) VALUES (485, "Cell", "412", "412-462-6473");
INSERT INTO ADDRESS (Contact_id, Address_type, Address, City, State, Zip) VALUES (485, "Home", "114 La Follette Crossing", "Addison", "Texas", "75077");
INSERT INTO DATE (Contact_id, Date_type, Date) VALUES (485, "BirthDate", "1974-12-03");
INSERT INTO CONTACT (Contact_id, Fname, Mname, Lname) VALUES (486, "Jacklyn", "Frank", "MacFadin");
INSERT INTO PHONE (Contact_id, Phone_type, Area_code, Number) VALUES (486, "Home", "868", "868-426-8082");
INSERT INTO PHONE (Contact_id, Phone_type, Area_code, Number) VALUES (486, "Cell", "712", "712-821-7924");
INSERT INTO ADDRESS (Contact_id, Address_type, Address, City, State, Zip) VALUES (486, "Home", "74197 Mcguire Avenue", "Addison", "Texas", "75061");
INSERT INTO DATE (Contact_id, Date_type, Date) VALUES (486, "BirthDate", "1970-05-14");
INSERT INTO CONTACT (Contact_id, Fname, Mname, Lname) VALUES (487, "Gustavo", "Rudiger", "Noquet");
INSERT INTO PHONE (Contact_id, Phone_type, Area_code, Number) VALUES (487, "Work", "491", "491-547-7293");
INSERT INTO PHONE (Contact_id, Phone_type, Area_code, Number) VALUES (487, "Cell", "191", "191-116-3345");
INSERT INTO ADDRESS (Contact_id, Address_type, Address, City, State, Zip) VALUES (487, "Work", "3021 Fairview Drive", "Plano", "Texas", "75007");
INSERT INTO DATE (Contact_id, Date_type, Date) VALUES (486, "BirthDate", "1970-05-14");
INSERT INTO CONTACT (Contact_id, Fname, Mname, Lname) VALUES (488, "Prescott", "", "Surgen");
INSERT INTO PHONE (Contact_id, Phone_type, Area_code, Number) VALUES (488, "Home", "166", "166-631-6630");
INSERT INTO PHONE (Contact_id, Phone_type, Area_code, Number) VALUES (488, "Cell", "995", "995-568-9111");
INSERT INTO ADDRESS (Contact_id, Address_type, Address, City, State, Zip) VALUES (488, "Home", "65 Tony Way", "Plano", "Texas", "75020");
INSERT INTO DATE (Contact_id, Date_type, Date) VALUES (488, "BirthDate", "1995-09-29");
INSERT INTO CONTACT (Contact_id, Fname, Mname, Lname) VALUES (489, "Clemente", "Lillis", "Moughton");
INSERT INTO PHONE (Contact_id, Phone_type, Area_code, Number) VALUES (489, "Home", "977", "977-663-9183");
INSERT INTO PHONE (Contact_id, Phone_type, Area_code, Number) VALUES (489, "Cell", "882", "882-870-4125");
INSERT INTO ADDRESS (Contact_id, Address_type, Address, City, State, Zip) VALUES (489, "Home", "26 Riverside Drive", "Plano", "Texas", "75065");
INSERT INTO DATE (Contact_id, Date_type, Date) VALUES (489, "BirthDate", "1988-08-03");
INSERT INTO CONTACT (Contact_id, Fname, Mname, Lname) VALUES (490, "Nico", "Slade", "O'Kinneally");
INSERT INTO PHONE (Contact_id, Phone_type, Area_code, Number) VALUES (490, "Work", "278", "278-900-0285");
INSERT INTO PHONE (Contact_id, Phone_type, Area_code, Number) VALUES (490, "Cell", "544", "544-499-8217");
INSERT INTO ADDRESS (Contact_id, Address_type, Address, City, State, Zip) VALUES (490, "Work", "5 Bluejay Point", "Plano", "Texas", "75008");
INSERT INTO DATE (Contact_id, Date_type, Date) VALUES (489, "BirthDate", "1988-08-03");
INSERT INTO CONTACT (Contact_id, Fname, Mname, Lname) VALUES (491, "Carmencita", "", "Huddlestone");
INSERT INTO PHONE (Contact_id, Phone_type, Area_code, Number) VALUES (491, "Home", "128", "128-320-9244");
INSERT INTO PHONE (Contact_id, Phone_type, Area_code, Number) VALUES (491, "Cell", "249", "249-736-5705");
INSERT INTO ADDRESS (Contact_id, Address_type, Address, City, State, Zip) VALUES (491, "Home", "1775 Columbus Place", "Addison", "Texas", "75054");
INSERT INTO DATE (Contact_id, Date_type, Date) VALUES (491, "BirthDate", "1970-09-12");
INSERT INTO CONTACT (Contact_id, Fname, Mname, Lname) VALUES (492, "Grete", "Gay", "Dusey");
INSERT INTO PHONE (Contact_id, Phone_type, Area_code, Number) VALUES (492, "Work", "145", "145-237-4249");
INSERT INTO PHONE (Contact_id, Phone_type, Area_code, Number) VALUES (492, "Cell", "426", "426-371-4648");
INSERT INTO ADDRESS (Contact_id, Address_type, Address, City, State, Zip) VALUES (491, "Home", "1775 Columbus Place", "Addison", "Texas", "75054");
INSERT INTO DATE (Contact_id, Date_type, Date) VALUES (492, "BirthDate", "1986-09-09");
INSERT INTO CONTACT (Contact_id, Fname, Mname, Lname) VALUES (493, "Daisie", "", "Gauson");
INSERT INTO PHONE (Contact_id, Phone_type, Area_code, Number) VALUES (493, "Work", "143", "143-216-0318");
INSERT INTO PHONE (Contact_id, Phone_type, Area_code, Number) VALUES (493, "Cell", "741", "741-629-5167");
INSERT INTO ADDRESS (Contact_id, Address_type, Address, City, State, Zip) VALUES (493, "Work", "100 Forest Dale Court", "Plano", "Texas", "75005");
INSERT INTO DATE (Contact_id, Date_type, Date) VALUES (492, "BirthDate", "1986-09-09");
INSERT INTO CONTACT (Contact_id, Fname, Mname, Lname) VALUES (494, "Kitty", "", "Smieton");
INSERT INTO PHONE (Contact_id, Phone_type, Area_code, Number) VALUES (493, "Work", "143", "143-216-0318");
INSERT INTO PHONE (Contact_id, Phone_type, Area_code, Number) VALUES (494, "Cell", "412", "412-898-1462");
INSERT INTO ADDRESS (Contact_id, Address_type, Address, City, State, Zip) VALUES (494, "Home", "289 Russell Pass", "Plano", "Texas", "75063");
INSERT INTO DATE (Contact_id, Date_type, Date) VALUES (494, "BirthDate", "1974-04-24");
INSERT INTO CONTACT (Contact_id, Fname, Mname, Lname) VALUES (495, "Ron", "Udall", "Ricart");
INSERT INTO PHONE (Contact_id, Phone_type, Area_code, Number) VALUES (493, "Work", "143", "143-216-0318");
INSERT INTO PHONE (Contact_id, Phone_type, Area_code, Number) VALUES (495, "Cell", "623", "623-397-6741");
INSERT INTO ADDRESS (Contact_id, Address_type, Address, City, State, Zip) VALUES (495, "Home", "3 Maple Wood Plaza", "Dallas", "Texas", "75017");
INSERT INTO DATE (Contact_id, Date_type, Date) VALUES (495, "BirthDate", "1972-12-07");
INSERT INTO CONTACT (Contact_id, Fname, Mname, Lname) VALUES (496, "Cindy", "Kirby", "Verzey");
INSERT INTO PHONE (Contact_id, Phone_type, Area_code, Number) VALUES (496, "Work", "342", "342-644-2961");
INSERT INTO PHONE (Contact_id, Phone_type, Area_code, Number) VALUES (495, "Cell", "623", "623-397-6741");
INSERT INTO ADDRESS (Contact_id, Address_type, Address, City, State, Zip) VALUES (496, "Home", "1 Stone Corner Terrace", "Allen", "Texas", "");
INSERT INTO DATE (Contact_id, Date_type, Date) VALUES (495, "BirthDate", "1972-12-07");
INSERT INTO CONTACT (Contact_id, Fname, Mname, Lname) VALUES (497, "Jemmy", "", "Maciunas");
INSERT INTO PHONE (Contact_id, Phone_type, Area_code, Number) VALUES (496, "Work", "342", "342-644-2961");
INSERT INTO PHONE (Contact_id, Phone_type, Area_code, Number) VALUES (497, "Cell", "356", "356-575-5406");
INSERT INTO ADDRESS (Contact_id, Address_type, Address, City, State, Zip) VALUES (497, "Home", "259 Fairview Center", "Plano", "Texas", "75090");
INSERT INTO DATE (Contact_id, Date_type, Date) VALUES (497, "BirthDate", "1970-02-12");
INSERT INTO CONTACT (Contact_id, Fname, Mname, Lname) VALUES (498, "Everard", "Aili", "Nevison");
INSERT INTO PHONE (Contact_id, Phone_type, Area_code, Number) VALUES (496, "Work", "342", "342-644-2961");
INSERT INTO PHONE (Contact_id, Phone_type, Area_code, Number) VALUES (498, "Cell", "628", "628-451-7727");
INSERT INTO ADDRESS (Contact_id, Address_type, Address, City, State, Zip) VALUES (498, "Work", "2151 Del Mar Junction", "Dallas", "Texas", "75006");
INSERT INTO DATE (Contact_id, Date_type, Date) VALUES (498, "BirthDate", "1972-10-07");
INSERT INTO CONTACT (Contact_id, Fname, Mname, Lname) VALUES (499, "Cammi", "Gun", "Werndly");
INSERT INTO PHONE (Contact_id, Phone_type, Area_code, Number) VALUES (499, "Work", "567", "567-137-4078");
INSERT INTO PHONE (Contact_id, Phone_type, Area_code, Number) VALUES (499, "Cell", "541", "541-954-8647");
INSERT INTO ADDRESS (Contact_id, Address_type, Address, City, State, Zip) VALUES (499, "Home", "86658 Merchant Parkway", "Richardson", "Texas", "");
INSERT INTO DATE (Contact_id, Date_type, Date) VALUES (499, "BirthDate", "1989-01-14");
INSERT INTO CONTACT (Contact_id, Fname, Mname, Lname) VALUES (500, "Johanna", "", "Ciccotti");
INSERT INTO PHONE (Contact_id, Phone_type, Area_code, Number) VALUES (500, "Work", "651", "651-793-9301");
INSERT INTO PHONE (Contact_id, Phone_type, Area_code, Number) VALUES (500, "Cell", "982", "982-103-7006");
INSERT INTO ADDRESS (Contact_id, Address_type, Address, City, State, Zip) VALUES (500, "Work", "9274 Vermont Circle", "Addison", "Texas", "75001");
INSERT INTO DATE (Contact_id, Date_type, Date) VALUES (499, "BirthDate", "1989-01-14");
INSERT INTO CONTACT (Contact_id, Fname, Mname, Lname) VALUES (501, "Evelyn", "Logan", "Arnaudot");
INSERT INTO PHONE (Contact_id, Phone_type, Area_code, Number) VALUES (501, "Home", "397", "397-796-6693");
INSERT INTO PHONE (Contact_id, Phone_type, Area_code, Number) VALUES (501, "Cell", "554", "554-363-3910");
INSERT INTO ADDRESS (Contact_id, Address_type, Address, City, State, Zip) VALUES (501, "Home", "41 Emmet Point", "Allen", "Texas", "75085");
INSERT INTO DATE (Contact_id, Date_type, Date) VALUES (501, "BirthDate", "1983-05-20");
INSERT INTO CONTACT (Contact_id, Fname, Mname, Lname) VALUES (502, "Nevsa", "", "Curtain");
INSERT INTO PHONE (Contact_id, Phone_type, Area_code, Number) VALUES (501, "Home", "397", "397-796-6693");
INSERT INTO PHONE (Contact_id, Phone_type, Area_code, Number) VALUES (502, "Cell", "465", "465-408-7447");
INSERT INTO ADDRESS (Contact_id, Address_type, Address, City, State, Zip) VALUES (501, "Home", "41 Emmet Point", "Allen", "Texas", "75085");
INSERT INTO DATE (Contact_id, Date_type, Date) VALUES (502, "BirthDate", "1976-08-11");
INSERT INTO CONTACT (Contact_id, Fname, Mname, Lname) VALUES (503, "Lynnet", "", "Braim");
INSERT INTO PHONE (Contact_id, Phone_type, Area_code, Number) VALUES (503, "Work", "994", "994-399-9693");
INSERT INTO PHONE (Contact_id, Phone_type, Area_code, Number) VALUES (503, "Cell", "819", "819-693-7538");
INSERT INTO ADDRESS (Contact_id, Address_type, Address, City, State, Zip) VALUES (503, "Home", "8 Morning Lane", "Plano", "Texas", "");
INSERT INTO DATE (Contact_id, Date_type, Date) VALUES (502, "BirthDate", "1976-08-11");
INSERT INTO CONTACT (Contact_id, Fname, Mname, Lname) VALUES (504, "Beulah", "Hettie", "Deedes");
INSERT INTO PHONE (Contact_id, Phone_type, Area_code, Number) VALUES (504, "Work", "315", "315-306-9566");
INSERT INTO PHONE (Contact_id, Phone_type, Area_code, Number) VALUES (503, "Cell", "819", "819-693-7538");
INSERT INTO ADDRESS (Contact_id, Address_type, Address, City, State, Zip) VALUES (503, "Home", "8 Morning Lane", "Plano", "Texas", "");
INSERT INTO DATE (Contact_id, Date_type, Date) VALUES (504, "BirthDate", "1971-10-17");
INSERT INTO CONTACT (Contact_id, Fname, Mname, Lname) VALUES (505, "Fair", "Salli", "McCrainor");
INSERT INTO PHONE (Contact_id, Phone_type, Area_code, Number) VALUES (505, "Work", "976", "976-625-8362");
INSERT INTO PHONE (Contact_id, Phone_type, Area_code, Number) VALUES (505, "Cell", "169", "169-800-2074");
INSERT INTO ADDRESS (Contact_id, Address_type, Address, City, State, Zip) VALUES (505, "Home", "1 Graceland Center", "Addison", "Texas", "");
INSERT INTO DATE (Contact_id, Date_type, Date) VALUES (505, "BirthDate", "1966-06-23");
INSERT INTO CONTACT (Contact_id, Fname, Mname, Lname) VALUES (506, "Emmanuel", "Petronilla", "Bather");
INSERT INTO PHONE (Contact_id, Phone_type, Area_code, Number) VALUES (506, "Home", "986", "986-373-5019");
INSERT INTO PHONE (Contact_id, Phone_type, Area_code, Number) VALUES (506, "Cell", "400", "400-217-6129");
INSERT INTO ADDRESS (Contact_id, Address_type, Address, City, State, Zip) VALUES (506, "Work", "80047 Delladonna Pass", "Richardson", "Texas", "75003");
INSERT INTO DATE (Contact_id, Date_type, Date) VALUES (506, "BirthDate", "1980-07-31");
INSERT INTO CONTACT (Contact_id, Fname, Mname, Lname) VALUES (507, "Findley", "Winny", "Barz");
INSERT INTO PHONE (Contact_id, Phone_type, Area_code, Number) VALUES (507, "Work", "715", "715-356-6425");
INSERT INTO PHONE (Contact_id, Phone_type, Area_code, Number) VALUES (507, "Cell", "222", "222-174-1536");
INSERT INTO ADDRESS (Contact_id, Address_type, Address, City, State, Zip) VALUES (507, "Home", "28 Melvin Court", "Allen", "Texas", "75092");
INSERT INTO DATE (Contact_id, Date_type, Date) VALUES (507, "BirthDate", "1979-05-31");
INSERT INTO CONTACT (Contact_id, Fname, Mname, Lname) VALUES (508, "Aguie", "", "Kinze");
INSERT INTO PHONE (Contact_id, Phone_type, Area_code, Number) VALUES (508, "Work", "810", "810-493-9449");
INSERT INTO PHONE (Contact_id, Phone_type, Area_code, Number) VALUES (508, "Cell", "323", "323-761-6593");
INSERT INTO ADDRESS (Contact_id, Address_type, Address, City, State, Zip) VALUES (508, "Home", "546 Arapahoe Alley", "Allen", "Texas", "75041");
INSERT INTO DATE (Contact_id, Date_type, Date) VALUES (508, "BirthDate", "1992-01-17");
INSERT INTO CONTACT (Contact_id, Fname, Mname, Lname) VALUES (509, "Vivianne", "", "Teager");
INSERT INTO PHONE (Contact_id, Phone_type, Area_code, Number) VALUES (509, "Work", "112", "112-297-5716");
INSERT INTO PHONE (Contact_id, Phone_type, Area_code, Number) VALUES (509, "Cell", "377", "377-143-2037");
INSERT INTO ADDRESS (Contact_id, Address_type, Address, City, State, Zip) VALUES (509, "Work", "74991 Prairieview Alley", "Richardson", "Texas", "75006");
INSERT INTO DATE (Contact_id, Date_type, Date) VALUES (508, "BirthDate", "1992-01-17");
INSERT INTO CONTACT (Contact_id, Fname, Mname, Lname) VALUES (510, "Vic", "", "Aspital");
INSERT INTO PHONE (Contact_id, Phone_type, Area_code, Number) VALUES (510, "Work", "430", "430-508-6482");
INSERT INTO PHONE (Contact_id, Phone_type, Area_code, Number) VALUES (510, "Cell", "725", "725-458-2600");
INSERT INTO ADDRESS (Contact_id, Address_type, Address, City, State, Zip) VALUES (509, "Work", "74991 Prairieview Alley", "Richardson", "Texas", "75006");
INSERT INTO DATE (Contact_id, Date_type, Date) VALUES (508, "BirthDate", "1992-01-17");
INSERT INTO CONTACT (Contact_id, Fname, Mname, Lname) VALUES (511, "Nick", "Hughie", "Cremen");
INSERT INTO PHONE (Contact_id, Phone_type, Area_code, Number) VALUES (510, "Work", "430", "430-508-6482");
INSERT INTO PHONE (Contact_id, Phone_type, Area_code, Number) VALUES (511, "Cell", "949", "949-602-5775");
INSERT INTO ADDRESS (Contact_id, Address_type, Address, City, State, Zip) VALUES (511, "Home", "1160 Waubesa Court", "Addison", "Texas", "75080");
INSERT INTO DATE (Contact_id, Date_type, Date) VALUES (508, "BirthDate", "1992-01-17");
INSERT INTO CONTACT (Contact_id, Fname, Mname, Lname) VALUES (512, "Averil", "", "Feaveer");
INSERT INTO PHONE (Contact_id, Phone_type, Area_code, Number) VALUES (512, "Work", "979", "979-670-7880");
INSERT INTO PHONE (Contact_id, Phone_type, Area_code, Number) VALUES (512, "Cell", "444", "444-778-0071");
INSERT INTO ADDRESS (Contact_id, Address_type, Address, City, State, Zip) VALUES (512, "Home", "74 Grim Center", "Addison", "Texas", "75047");
INSERT INTO DATE (Contact_id, Date_type, Date) VALUES (512, "BirthDate", "1989-05-14");
INSERT INTO CONTACT (Contact_id, Fname, Mname, Lname) VALUES (513, "Freddy", "", "Lidgett");
INSERT INTO PHONE (Contact_id, Phone_type, Area_code, Number) VALUES (513, "Work", "455", "455-463-2077");
INSERT INTO PHONE (Contact_id, Phone_type, Area_code, Number) VALUES (513, "Cell", "307", "307-403-5816");
INSERT INTO ADDRESS (Contact_id, Address_type, Address, City, State, Zip) VALUES (513, "Work", "7354 Harbort Lane", "Dallas", "Texas", "75007");
INSERT INTO DATE (Contact_id, Date_type, Date) VALUES (513, "BirthDate", "1995-10-29");
INSERT INTO CONTACT (Contact_id, Fname, Mname, Lname) VALUES (514, "Georgy", "", "Lewtey");
INSERT INTO PHONE (Contact_id, Phone_type, Area_code, Number) VALUES (514, "Work", "230", "230-183-9892");
INSERT INTO PHONE (Contact_id, Phone_type, Area_code, Number) VALUES (514, "Cell", "635", "635-815-2497");
INSERT INTO ADDRESS (Contact_id, Address_type, Address, City, State, Zip) VALUES (514, "Home", "09144 Waxwing Parkway", "Plano", "Texas", "75080");
INSERT INTO DATE (Contact_id, Date_type, Date) VALUES (514, "BirthDate", "1972-10-25");
INSERT INTO CONTACT (Contact_id, Fname, Mname, Lname) VALUES (515, "Agathe", "Darnall", "Bartelet");
INSERT INTO PHONE (Contact_id, Phone_type, Area_code, Number) VALUES (514, "Work", "230", "230-183-9892");
INSERT INTO PHONE (Contact_id, Phone_type, Area_code, Number) VALUES (515, "Cell", "781", "781-256-5626");
INSERT INTO ADDRESS (Contact_id, Address_type, Address, City, State, Zip) VALUES (515, "Home", "4 Golf View Street", "Richardson", "Texas", "75049");
INSERT INTO DATE (Contact_id, Date_type, Date) VALUES (515, "BirthDate", "1975-03-27");
INSERT INTO CONTACT (Contact_id, Fname, Mname, Lname) VALUES (516, "Ethel", "", "Thandi");
INSERT INTO PHONE (Contact_id, Phone_type, Area_code, Number) VALUES (516, "Home", "454", "454-731-4647");
INSERT INTO PHONE (Contact_id, Phone_type, Area_code, Number) VALUES (516, "Cell", "100", "100-440-4512");
INSERT INTO ADDRESS (Contact_id, Address_type, Address, City, State, Zip) VALUES (516, "Work", "7862 Stephen Park", "Addison", "Texas", "75003");
INSERT INTO DATE (Contact_id, Date_type, Date) VALUES (515, "BirthDate", "1975-03-27");
INSERT INTO CONTACT (Contact_id, Fname, Mname, Lname) VALUES (517, "Kasey", "", "Ferris");
INSERT INTO PHONE (Contact_id, Phone_type, Area_code, Number) VALUES (517, "Work", "920", "920-635-6087");
INSERT INTO PHONE (Contact_id, Phone_type, Area_code, Number) VALUES (517, "Cell", "509", "509-929-8692");
INSERT INTO ADDRESS (Contact_id, Address_type, Address, City, State, Zip) VALUES (517, "Home", "6133 Blaine Plaza", "Plano", "Texas", "");
INSERT INTO DATE (Contact_id, Date_type, Date) VALUES (517, "BirthDate", "1992-09-07");
INSERT INTO CONTACT (Contact_id, Fname, Mname, Lname) VALUES (518, "Yolanda", "Clementius", "Valadez");
INSERT INTO PHONE (Contact_id, Phone_type, Area_code, Number) VALUES (518, "Work", "298", "298-518-8826");
INSERT INTO PHONE (Contact_id, Phone_type, Area_code, Number) VALUES (517, "Cell", "509", "509-929-8692");
INSERT INTO ADDRESS (Contact_id, Address_type, Address, City, State, Zip) VALUES (518, "Work", "69908 School Way", "Allen", "Texas", "75003");
INSERT INTO DATE (Contact_id, Date_type, Date) VALUES (518, "BirthDate", "1976-05-16");
INSERT INTO CONTACT (Contact_id, Fname, Mname, Lname) VALUES (519, "Nealon", "Clayborne", "Lumm");
INSERT INTO PHONE (Contact_id, Phone_type, Area_code, Number) VALUES (519, "Home", "256", "256-874-6101");
INSERT INTO PHONE (Contact_id, Phone_type, Area_code, Number) VALUES (519, "Cell", "770", "770-873-8706");
INSERT INTO ADDRESS (Contact_id, Address_type, Address, City, State, Zip) VALUES (519, "Work", "3 Shopko Avenue", "Addison", "Texas", "75001");
INSERT INTO DATE (Contact_id, Date_type, Date) VALUES (519, "BirthDate", "1982-12-01");
INSERT INTO CONTACT (Contact_id, Fname, Mname, Lname) VALUES (520, "Brinn", "", "Westphal");
INSERT INTO PHONE (Contact_id, Phone_type, Area_code, Number) VALUES (519, "Home", "256", "256-874-6101");
INSERT INTO PHONE (Contact_id, Phone_type, Area_code, Number) VALUES (520, "Cell", "496", "496-320-8616");
INSERT INTO ADDRESS (Contact_id, Address_type, Address, City, State, Zip) VALUES (520, "Work", "1 Lotheville Parkway", "Dallas", "Texas", "75001");
INSERT INTO DATE (Contact_id, Date_type, Date) VALUES (520, "BirthDate", "1977-09-12");
INSERT INTO CONTACT (Contact_id, Fname, Mname, Lname) VALUES (521, "Averyl", "Faber", "Odo");
INSERT INTO PHONE (Contact_id, Phone_type, Area_code, Number) VALUES (521, "Work", "173", "173-480-6540");
INSERT INTO PHONE (Contact_id, Phone_type, Area_code, Number) VALUES (521, "Cell", "615", "615-435-9965");
INSERT INTO ADDRESS (Contact_id, Address_type, Address, City, State, Zip) VALUES (521, "Work", "93 Lillian Hill", "Richardson", "Texas", "75009");
INSERT INTO DATE (Contact_id, Date_type, Date) VALUES (520, "BirthDate", "1977-09-12");
INSERT INTO CONTACT (Contact_id, Fname, Mname, Lname) VALUES (522, "Tobin", "Ulysses", "Janicki");
INSERT INTO PHONE (Contact_id, Phone_type, Area_code, Number) VALUES (522, "Work", "860", "860-212-6627");
INSERT INTO PHONE (Contact_id, Phone_type, Area_code, Number) VALUES (522, "Cell", "189", "189-377-0787");
INSERT INTO ADDRESS (Contact_id, Address_type, Address, City, State, Zip) VALUES (522, "Home", "57436 Merrick Lane", "Dallas", "Texas", "75065");
INSERT INTO DATE (Contact_id, Date_type, Date) VALUES (522, "BirthDate", "1986-05-12");
INSERT INTO CONTACT (Contact_id, Fname, Mname, Lname) VALUES (523, "Byram", "Barton", "Meller");
INSERT INTO PHONE (Contact_id, Phone_type, Area_code, Number) VALUES (523, "Work", "820", "820-909-1852");
INSERT INTO PHONE (Contact_id, Phone_type, Area_code, Number) VALUES (523, "Cell", "966", "966-964-0179");
INSERT INTO ADDRESS (Contact_id, Address_type, Address, City, State, Zip) VALUES (523, "Work", "79568 Oxford Plaza", "Addison", "Texas", "75008");
INSERT INTO DATE (Contact_id, Date_type, Date) VALUES (522, "BirthDate", "1986-05-12");
INSERT INTO CONTACT (Contact_id, Fname, Mname, Lname) VALUES (524, "Alfons", "Stefano", "Whitta");
INSERT INTO PHONE (Contact_id, Phone_type, Area_code, Number) VALUES (524, "Work", "958", "958-446-5383");
INSERT INTO PHONE (Contact_id, Phone_type, Area_code, Number) VALUES (524, "Cell", "280", "280-859-4236");
INSERT INTO ADDRESS (Contact_id, Address_type, Address, City, State, Zip) VALUES (524, "Work", "22928 Delaware Terrace", "Addison", "Texas", "75009");
INSERT INTO DATE (Contact_id, Date_type, Date) VALUES (522, "BirthDate", "1986-05-12");
INSERT INTO CONTACT (Contact_id, Fname, Mname, Lname) VALUES (525, "Bernadette", "Aland", "Genn");
INSERT INTO PHONE (Contact_id, Phone_type, Area_code, Number) VALUES (525, "Home", "934", "934-357-9610");
INSERT INTO PHONE (Contact_id, Phone_type, Area_code, Number) VALUES (525, "Cell", "995", "995-904-0328");
INSERT INTO ADDRESS (Contact_id, Address_type, Address, City, State, Zip) VALUES (525, "Home", "26 Stuart Road", "Plano", "Texas", "75050");
INSERT INTO DATE (Contact_id, Date_type, Date) VALUES (525, "BirthDate", "1979-10-19");
INSERT INTO CONTACT (Contact_id, Fname, Mname, Lname) VALUES (526, "Reginauld", "Ardyce", "Matevosian");
INSERT INTO PHONE (Contact_id, Phone_type, Area_code, Number) VALUES (526, "Work", "262", "262-101-1866");
INSERT INTO PHONE (Contact_id, Phone_type, Area_code, Number) VALUES (526, "Cell", "666", "666-522-2333");
INSERT INTO ADDRESS (Contact_id, Address_type, Address, City, State, Zip) VALUES (526, "Home", "0 Crowley Circle", "Allen", "Texas", "75052");
INSERT INTO DATE (Contact_id, Date_type, Date) VALUES (525, "BirthDate", "1979-10-19");
INSERT INTO CONTACT (Contact_id, Fname, Mname, Lname) VALUES (527, "Derby", "Walton", "McQuillin");
INSERT INTO PHONE (Contact_id, Phone_type, Area_code, Number) VALUES (527, "Work", "522", "522-111-1653");
INSERT INTO PHONE (Contact_id, Phone_type, Area_code, Number) VALUES (527, "Cell", "143", "143-178-7457");
INSERT INTO ADDRESS (Contact_id, Address_type, Address, City, State, Zip) VALUES (527, "Work", "6988 Eastlawn Terrace", "Dallas", "Texas", "75007");
INSERT INTO DATE (Contact_id, Date_type, Date) VALUES (527, "BirthDate", "1963-12-23");
INSERT INTO CONTACT (Contact_id, Fname, Mname, Lname) VALUES (528, "Carny", "", "Roscam");
INSERT INTO PHONE (Contact_id, Phone_type, Area_code, Number) VALUES (528, "Work", "774", "774-121-2397");
INSERT INTO PHONE (Contact_id, Phone_type, Area_code, Number) VALUES (528, "Cell", "228", "228-614-3022");
INSERT INTO ADDRESS (Contact_id, Address_type, Address, City, State, Zip) VALUES (528, "Work", "8 Summer Ridge Drive", "Plano", "Texas", "75002");
INSERT INTO DATE (Contact_id, Date_type, Date) VALUES (527, "BirthDate", "1963-12-23");
INSERT INTO CONTACT (Contact_id, Fname, Mname, Lname) VALUES (529, "Wright", "Arlie", "Aron");
INSERT INTO PHONE (Contact_id, Phone_type, Area_code, Number) VALUES (528, "Work", "774", "774-121-2397");
INSERT INTO PHONE (Contact_id, Phone_type, Area_code, Number) VALUES (529, "Cell", "846", "846-411-1941");
INSERT INTO ADDRESS (Contact_id, Address_type, Address, City, State, Zip) VALUES (529, "Work", "309 Dorton Street", "Addison", "Texas", "75001");
INSERT INTO DATE (Contact_id, Date_type, Date) VALUES (529, "BirthDate", "1970-12-03");
INSERT INTO CONTACT (Contact_id, Fname, Mname, Lname) VALUES (530, "Corrina", "Marci", "Kippin");
INSERT INTO PHONE (Contact_id, Phone_type, Area_code, Number) VALUES (530, "Home", "538", "538-703-0206");
INSERT INTO PHONE (Contact_id, Phone_type, Area_code, Number) VALUES (530, "Cell", "411", "411-930-8847");
INSERT INTO ADDRESS (Contact_id, Address_type, Address, City, State, Zip) VALUES (530, "Home", "23 Sullivan Alley", "Addison", "Texas", "");
INSERT INTO DATE (Contact_id, Date_type, Date) VALUES (530, "BirthDate", "1979-03-08");
INSERT INTO CONTACT (Contact_id, Fname, Mname, Lname) VALUES (531, "Ira", "", "Purnell");
INSERT INTO PHONE (Contact_id, Phone_type, Area_code, Number) VALUES (531, "Work", "926", "926-708-5734");
INSERT INTO PHONE (Contact_id, Phone_type, Area_code, Number) VALUES (531, "Cell", "833", "833-330-1202");
INSERT INTO ADDRESS (Contact_id, Address_type, Address, City, State, Zip) VALUES (531, "Work", "7 Homewood Park", "Richardson", "Texas", "75009");
INSERT INTO DATE (Contact_id, Date_type, Date) VALUES (530, "BirthDate", "1979-03-08");
INSERT INTO CONTACT (Contact_id, Fname, Mname, Lname) VALUES (532, "Eddie", "Carolus", "Mungin");
INSERT INTO PHONE (Contact_id, Phone_type, Area_code, Number) VALUES (532, "Home", "438", "438-242-3353");
INSERT INTO PHONE (Contact_id, Phone_type, Area_code, Number) VALUES (532, "Cell", "257", "257-399-6959");
INSERT INTO ADDRESS (Contact_id, Address_type, Address, City, State, Zip) VALUES (532, "Home", "217 Dayton Road", "Plano", "Texas", "75089");
INSERT INTO DATE (Contact_id, Date_type, Date) VALUES (532, "BirthDate", "1967-08-02");
INSERT INTO CONTACT (Contact_id, Fname, Mname, Lname) VALUES (533, "Marje", "Perceval", "Siddons");
INSERT INTO PHONE (Contact_id, Phone_type, Area_code, Number) VALUES (533, "Work", "967", "967-395-4123");
INSERT INTO PHONE (Contact_id, Phone_type, Area_code, Number) VALUES (533, "Cell", "834", "834-528-4867");
INSERT INTO ADDRESS (Contact_id, Address_type, Address, City, State, Zip) VALUES (533, "Work", "8 Randy Court", "Addison", "Texas", "75002");
INSERT INTO DATE (Contact_id, Date_type, Date) VALUES (533, "BirthDate", "1982-02-21");
INSERT INTO CONTACT (Contact_id, Fname, Mname, Lname) VALUES (534, "Carolan", "Myrtle", "Paling");
INSERT INTO PHONE (Contact_id, Phone_type, Area_code, Number) VALUES (534, "Work", "211", "211-337-3346");
INSERT INTO PHONE (Contact_id, Phone_type, Area_code, Number) VALUES (534, "Cell", "268", "268-910-1288");
INSERT INTO ADDRESS (Contact_id, Address_type, Address, City, State, Zip) VALUES (533, "Work", "8 Randy Court", "Addison", "Texas", "75002");
INSERT INTO DATE (Contact_id, Date_type, Date) VALUES (534, "BirthDate", "1974-10-07");
INSERT INTO CONTACT (Contact_id, Fname, Mname, Lname) VALUES (535, "Rock", "", "Baff");
INSERT INTO PHONE (Contact_id, Phone_type, Area_code, Number) VALUES (534, "Work", "211", "211-337-3346");
INSERT INTO PHONE (Contact_id, Phone_type, Area_code, Number) VALUES (535, "Cell", "690", "690-106-0283");
INSERT INTO ADDRESS (Contact_id, Address_type, Address, City, State, Zip) VALUES (535, "Work", "115 Kropf Alley", "Dallas", "Texas", "75008");
INSERT INTO DATE (Contact_id, Date_type, Date) VALUES (534, "BirthDate", "1974-10-07");
INSERT INTO CONTACT (Contact_id, Fname, Mname, Lname) VALUES (536, "Vinny", "", "Niemiec");
INSERT INTO PHONE (Contact_id, Phone_type, Area_code, Number) VALUES (536, "Work", "214", "214-875-7894");
INSERT INTO PHONE (Contact_id, Phone_type, Area_code, Number) VALUES (536, "Cell", "773", "773-429-6976");
INSERT INTO ADDRESS (Contact_id, Address_type, Address, City, State, Zip) VALUES (536, "Home", "837 Westridge Lane", "Allen", "Texas", "75079");
INSERT INTO DATE (Contact_id, Date_type, Date) VALUES (536, "BirthDate", "1986-08-23");
INSERT INTO CONTACT (Contact_id, Fname, Mname, Lname) VALUES (537, "Fae", "Jess", "O'Shee");
INSERT INTO PHONE (Contact_id, Phone_type, Area_code, Number) VALUES (537, "Home", "722", "722-931-7082");
INSERT INTO PHONE (Contact_id, Phone_type, Area_code, Number) VALUES (537, "Cell", "379", "379-426-6392");
INSERT INTO ADDRESS (Contact_id, Address_type, Address, City, State, Zip) VALUES (537, "Work", "0718 Oneill Court", "Dallas", "Texas", "75001");
INSERT INTO DATE (Contact_id, Date_type, Date) VALUES (537, "BirthDate", "1988-10-11");
INSERT INTO CONTACT (Contact_id, Fname, Mname, Lname) VALUES (538, "Abdul", "", "Peniello");
INSERT INTO PHONE (Contact_id, Phone_type, Area_code, Number) VALUES (538, "Work", "402", "402-779-2874");
INSERT INTO PHONE (Contact_id, Phone_type, Area_code, Number) VALUES (538, "Cell", "361", "361-290-8534");
INSERT INTO ADDRESS (Contact_id, Address_type, Address, City, State, Zip) VALUES (538, "Home", "344 Glacier Hill Point", "Addison", "Texas", "");
INSERT INTO DATE (Contact_id, Date_type, Date) VALUES (537, "BirthDate", "1988-10-11");
INSERT INTO CONTACT (Contact_id, Fname, Mname, Lname) VALUES (539, "Bobby", "", "Bennell");
INSERT INTO PHONE (Contact_id, Phone_type, Area_code, Number) VALUES (539, "Home", "880", "880-723-9347");
INSERT INTO PHONE (Contact_id, Phone_type, Area_code, Number) VALUES (539, "Cell", "240", "240-249-6997");
INSERT INTO ADDRESS (Contact_id, Address_type, Address, City, State, Zip) VALUES (539, "Home", "23 Blackbird Alley", "Plano", "Texas", "75091");
INSERT INTO DATE (Contact_id, Date_type, Date) VALUES (539, "BirthDate", "1967-09-06");
INSERT INTO CONTACT (Contact_id, Fname, Mname, Lname) VALUES (540, "Leonore", "", "Birnie");
INSERT INTO PHONE (Contact_id, Phone_type, Area_code, Number) VALUES (540, "Work", "694", "694-196-8569");
INSERT INTO PHONE (Contact_id, Phone_type, Area_code, Number) VALUES (540, "Cell", "166", "166-200-7628");
INSERT INTO ADDRESS (Contact_id, Address_type, Address, City, State, Zip) VALUES (540, "Work", "0456 Messerschmidt Junction", "Addison", "Texas", "75008");
INSERT INTO DATE (Contact_id, Date_type, Date) VALUES (540, "BirthDate", "1964-08-03");
INSERT INTO CONTACT (Contact_id, Fname, Mname, Lname) VALUES (541, "Ivy", "Miguel", "Swynfen");
INSERT INTO PHONE (Contact_id, Phone_type, Area_code, Number) VALUES (541, "Work", "106", "106-837-6086");
INSERT INTO PHONE (Contact_id, Phone_type, Area_code, Number) VALUES (541, "Cell", "836", "836-478-4999");
INSERT INTO ADDRESS (Contact_id, Address_type, Address, City, State, Zip) VALUES (541, "Home", "149 Talisman Court", "Plano", "Texas", "");
INSERT INTO DATE (Contact_id, Date_type, Date) VALUES (540, "BirthDate", "1964-08-03");
INSERT INTO CONTACT (Contact_id, Fname, Mname, Lname) VALUES (542, "Priscilla", "Clayborne", "Bister");
INSERT INTO PHONE (Contact_id, Phone_type, Area_code, Number) VALUES (542, "Home", "313", "313-526-5569");
INSERT INTO PHONE (Contact_id, Phone_type, Area_code, Number) VALUES (542, "Cell", "820", "820-350-1800");
INSERT INTO ADDRESS (Contact_id, Address_type, Address, City, State, Zip) VALUES (542, "Home", "516 Stoughton Plaza", "Allen", "Texas", "75093");
INSERT INTO DATE (Contact_id, Date_type, Date) VALUES (542, "BirthDate", "1986-01-21");
INSERT INTO CONTACT (Contact_id, Fname, Mname, Lname) VALUES (543, "Sisely", "", "Burgan");
INSERT INTO PHONE (Contact_id, Phone_type, Area_code, Number) VALUES (543, "Work", "219", "219-999-2565");
INSERT INTO PHONE (Contact_id, Phone_type, Area_code, Number) VALUES (543, "Cell", "612", "612-978-5732");
INSERT INTO ADDRESS (Contact_id, Address_type, Address, City, State, Zip) VALUES (543, "Home", "0179 Kensington Trail", "Dallas", "Texas", "75087");
INSERT INTO DATE (Contact_id, Date_type, Date) VALUES (542, "BirthDate", "1986-01-21");
INSERT INTO CONTACT (Contact_id, Fname, Mname, Lname) VALUES (544, "Lorenzo", "Merrilee", "Ferencz");
INSERT INTO PHONE (Contact_id, Phone_type, Area_code, Number) VALUES (544, "Work", "673", "673-179-5889");
INSERT INTO PHONE (Contact_id, Phone_type, Area_code, Number) VALUES (544, "Cell", "701", "701-167-1893");
INSERT INTO ADDRESS (Contact_id, Address_type, Address, City, State, Zip) VALUES (544, "Home", "1086 Ludington Pass", "Addison", "Texas", "75040");
INSERT INTO DATE (Contact_id, Date_type, Date) VALUES (542, "BirthDate", "1986-01-21");
INSERT INTO CONTACT (Contact_id, Fname, Mname, Lname) VALUES (545, "Inigo", "", "Eger");
INSERT INTO PHONE (Contact_id, Phone_type, Area_code, Number) VALUES (545, "Work", "538", "538-548-8954");
INSERT INTO PHONE (Contact_id, Phone_type, Area_code, Number) VALUES (545, "Cell", "282", "282-640-1972");
INSERT INTO ADDRESS (Contact_id, Address_type, Address, City, State, Zip) VALUES (545, "Home", "11388 Reinke Way", "Addison", "Texas", "75052");
INSERT INTO DATE (Contact_id, Date_type, Date) VALUES (542, "BirthDate", "1986-01-21");
INSERT INTO CONTACT (Contact_id, Fname, Mname, Lname) VALUES (546, "Gianna", "", "Agent");
INSERT INTO PHONE (Contact_id, Phone_type, Area_code, Number) VALUES (546, "Work", "141", "141-602-7456");
INSERT INTO PHONE (Contact_id, Phone_type, Area_code, Number) VALUES (546, "Cell", "643", "643-498-4183");
INSERT INTO ADDRESS (Contact_id, Address_type, Address, City, State, Zip) VALUES (546, "Work", "6123 Lighthouse Bay Point", "Richardson", "Texas", "75004");
INSERT INTO DATE (Contact_id, Date_type, Date) VALUES (542, "BirthDate", "1986-01-21");
INSERT INTO CONTACT (Contact_id, Fname, Mname, Lname) VALUES (547, "Marven", "", "Iban");
INSERT INTO PHONE (Contact_id, Phone_type, Area_code, Number) VALUES (547, "Work", "729", "729-564-5716");
INSERT INTO PHONE (Contact_id, Phone_type, Area_code, Number) VALUES (547, "Cell", "419", "419-754-2728");
INSERT INTO ADDRESS (Contact_id, Address_type, Address, City, State, Zip) VALUES (547, "Work", "250 Glacier Hill Circle", "Dallas", "Texas", "75001");
INSERT INTO DATE (Contact_id, Date_type, Date) VALUES (547, "BirthDate", "1976-04-13");
INSERT INTO CONTACT (Contact_id, Fname, Mname, Lname) VALUES (548, "Caril", "Cherida", "Billson");
INSERT INTO PHONE (Contact_id, Phone_type, Area_code, Number) VALUES (548, "Work", "796", "796-153-8520");
INSERT INTO PHONE (Contact_id, Phone_type, Area_code, Number) VALUES (548, "Cell", "617", "617-202-0077");
INSERT INTO ADDRESS (Contact_id, Address_type, Address, City, State, Zip) VALUES (548, "Home", "3722 Summit Junction", "Richardson", "Texas", "");
INSERT INTO DATE (Contact_id, Date_type, Date) VALUES (547, "BirthDate", "1976-04-13");
INSERT INTO CONTACT (Contact_id, Fname, Mname, Lname) VALUES (549, "Correy", "", "Goldfinch");
INSERT INTO PHONE (Contact_id, Phone_type, Area_code, Number) VALUES (549, "Work", "110", "110-263-9113");
INSERT INTO PHONE (Contact_id, Phone_type, Area_code, Number) VALUES (549, "Cell", "487", "487-626-5314");
INSERT INTO ADDRESS (Contact_id, Address_type, Address, City, State, Zip) VALUES (549, "Work", "300 Crest Line Point", "Richardson", "Texas", "75004");
INSERT INTO DATE (Contact_id, Date_type, Date) VALUES (549, "BirthDate", "1996-08-24");
INSERT INTO CONTACT (Contact_id, Fname, Mname, Lname) VALUES (550, "Mitchell", "", "Mantrip");
INSERT INTO PHONE (Contact_id, Phone_type, Area_code, Number) VALUES (550, "Work", "571", "571-496-7077");
INSERT INTO PHONE (Contact_id, Phone_type, Area_code, Number) VALUES (550, "Cell", "291", "291-698-6261");
INSERT INTO ADDRESS (Contact_id, Address_type, Address, City, State, Zip) VALUES (550, "Work", "865 Declaration Court", "Dallas", "Texas", "75009");
INSERT INTO DATE (Contact_id, Date_type, Date) VALUES (549, "BirthDate", "1996-08-24");
INSERT INTO CONTACT (Contact_id, Fname, Mname, Lname) VALUES (551, "Tabbie", "Jayme", "Kimpton");
INSERT INTO PHONE (Contact_id, Phone_type, Area_code, Number) VALUES (551, "Work", "571", "571-491-7267");
INSERT INTO PHONE (Contact_id, Phone_type, Area_code, Number) VALUES (551, "Cell", "820", "820-802-6458");
INSERT INTO ADDRESS (Contact_id, Address_type, Address, City, State, Zip) VALUES (551, "Home", "7 Comanche Plaza", "Richardson", "Texas", "75006");
INSERT INTO DATE (Contact_id, Date_type, Date) VALUES (549, "BirthDate", "1996-08-24");
INSERT INTO CONTACT (Contact_id, Fname, Mname, Lname) VALUES (552, "Brody", "Fredelia", "Langrick");
INSERT INTO PHONE (Contact_id, Phone_type, Area_code, Number) VALUES (552, "Work", "470", "470-191-7272");
INSERT INTO PHONE (Contact_id, Phone_type, Area_code, Number) VALUES (552, "Cell", "437", "437-908-2846");
INSERT INTO ADDRESS (Contact_id, Address_type, Address, City, State, Zip) VALUES (552, "Home", "73097 Autumn Leaf Street", "Addison", "Texas", "");
INSERT INTO DATE (Contact_id, Date_type, Date) VALUES (549, "BirthDate", "1996-08-24");
INSERT INTO CONTACT (Contact_id, Fname, Mname, Lname) VALUES (553, "Deloria", "Emmit", "Matussow");
INSERT INTO PHONE (Contact_id, Phone_type, Area_code, Number) VALUES (553, "Home", "558", "558-206-7434");
INSERT INTO PHONE (Contact_id, Phone_type, Area_code, Number) VALUES (553, "Cell", "229", "229-671-5474");
INSERT INTO ADDRESS (Contact_id, Address_type, Address, City, State, Zip) VALUES (553, "Work", "03646 Katie Terrace", "Plano", "Texas", "75005");
INSERT INTO DATE (Contact_id, Date_type, Date) VALUES (553, "BirthDate", "1966-03-10");
INSERT INTO CONTACT (Contact_id, Fname, Mname, Lname) VALUES (554, "Letisha", "", "Lydon");
INSERT INTO PHONE (Contact_id, Phone_type, Area_code, Number) VALUES (554, "Work", "645", "645-883-0748");
INSERT INTO PHONE (Contact_id, Phone_type, Area_code, Number) VALUES (554, "Cell", "577", "577-580-4053");
INSERT INTO ADDRESS (Contact_id, Address_type, Address, City, State, Zip) VALUES (553, "Work", "03646 Katie Terrace", "Plano", "Texas", "75005");
INSERT INTO DATE (Contact_id, Date_type, Date) VALUES (553, "BirthDate", "1966-03-10");
INSERT INTO CONTACT (Contact_id, Fname, Mname, Lname) VALUES (555, "Pryce", "Shay", "Mulholland");
INSERT INTO PHONE (Contact_id, Phone_type, Area_code, Number) VALUES (555, "Work", "223", "223-219-3564");
INSERT INTO PHONE (Contact_id, Phone_type, Area_code, Number) VALUES (555, "Cell", "822", "822-393-0078");
INSERT INTO ADDRESS (Contact_id, Address_type, Address, City, State, Zip) VALUES (555, "Home", "70 Brown Place", "Dallas", "Texas", "");
INSERT INTO DATE (Contact_id, Date_type, Date) VALUES (553, "BirthDate", "1966-03-10");
INSERT INTO CONTACT (Contact_id, Fname, Mname, Lname) VALUES (556, "Gaelan", "", "Cleyburn");
INSERT INTO PHONE (Contact_id, Phone_type, Area_code, Number) VALUES (556, "Home", "794", "794-481-3272");
INSERT INTO PHONE (Contact_id, Phone_type, Area_code, Number) VALUES (556, "Cell", "843", "843-451-1791");
INSERT INTO ADDRESS (Contact_id, Address_type, Address, City, State, Zip) VALUES (556, "Work", "89192 Dexter Court", "Addison", "Texas", "75008");
INSERT INTO DATE (Contact_id, Date_type, Date) VALUES (556, "BirthDate", "1991-04-30");
INSERT INTO CONTACT (Contact_id, Fname, Mname, Lname) VALUES (557, "Alessandra", "Kirbie", "Parsisson");
INSERT INTO PHONE (Contact_id, Phone_type, Area_code, Number) VALUES (556, "Home", "794", "794-481-3272");
INSERT INTO PHONE (Contact_id, Phone_type, Area_code, Number) VALUES (557, "Cell", "889", "889-261-1340");
INSERT INTO ADDRESS (Contact_id, Address_type, Address, City, State, Zip) VALUES (557, "Work", "150 Park Meadow Drive", "Plano", "Texas", "75001");
INSERT INTO DATE (Contact_id, Date_type, Date) VALUES (557, "BirthDate", "1972-05-06");
INSERT INTO CONTACT (Contact_id, Fname, Mname, Lname) VALUES (558, "Freeland", "", "Sevier");
INSERT INTO PHONE (Contact_id, Phone_type, Area_code, Number) VALUES (558, "Home", "338", "338-971-3228");
INSERT INTO PHONE (Contact_id, Phone_type, Area_code, Number) VALUES (558, "Cell", "983", "983-241-7115");
INSERT INTO ADDRESS (Contact_id, Address_type, Address, City, State, Zip) VALUES (558, "Home", "0848 Bluestem Hill", "Dallas", "Texas", "");
INSERT INTO DATE (Contact_id, Date_type, Date) VALUES (557, "BirthDate", "1972-05-06");
INSERT INTO CONTACT (Contact_id, Fname, Mname, Lname) VALUES (559, "Lucy", "Neddy", "Domnick");
INSERT INTO PHONE (Contact_id, Phone_type, Area_code, Number) VALUES (558, "Home", "338", "338-971-3228");
INSERT INTO PHONE (Contact_id, Phone_type, Area_code, Number) VALUES (559, "Cell", "827", "827-681-0172");
INSERT INTO ADDRESS (Contact_id, Address_type, Address, City, State, Zip) VALUES (559, "Home", "75026 Straubel Lane", "Allen", "Texas", "");
INSERT INTO DATE (Contact_id, Date_type, Date) VALUES (559, "BirthDate", "1980-07-13");
INSERT INTO CONTACT (Contact_id, Fname, Mname, Lname) VALUES (560, "Izaak", "Goddard", "Beardshaw");
INSERT INTO PHONE (Contact_id, Phone_type, Area_code, Number) VALUES (560, "Home", "910", "910-813-6415");
INSERT INTO PHONE (Contact_id, Phone_type, Area_code, Number) VALUES (560, "Cell", "305", "305-655-7088");
INSERT INTO ADDRESS (Contact_id, Address_type, Address, City, State, Zip) VALUES (560, "Work", "83189 Tony Road", "Addison", "Texas", "75002");
INSERT INTO DATE (Contact_id, Date_type, Date) VALUES (560, "BirthDate", "1987-02-18");
INSERT INTO CONTACT (Contact_id, Fname, Mname, Lname) VALUES (561, "Araldo", "Boothe", "Meekings");
INSERT INTO PHONE (Contact_id, Phone_type, Area_code, Number) VALUES (561, "Work", "730", "730-152-3265");
INSERT INTO PHONE (Contact_id, Phone_type, Area_code, Number) VALUES (561, "Cell", "144", "144-914-0254");
INSERT INTO ADDRESS (Contact_id, Address_type, Address, City, State, Zip) VALUES (561, "Home", "502 Dawn Center", "Addison", "Texas", "75095");
INSERT INTO DATE (Contact_id, Date_type, Date) VALUES (560, "BirthDate", "1987-02-18");
INSERT INTO CONTACT (Contact_id, Fname, Mname, Lname) VALUES (562, "Bunny", "Kettie", "Dewerson");
INSERT INTO PHONE (Contact_id, Phone_type, Area_code, Number) VALUES (562, "Work", "268", "268-390-2705");
INSERT INTO PHONE (Contact_id, Phone_type, Area_code, Number) VALUES (562, "Cell", "781", "781-632-9220");
INSERT INTO ADDRESS (Contact_id, Address_type, Address, City, State, Zip) VALUES (562, "Work", "10495 Melby Point", "Allen", "Texas", "75002");
INSERT INTO DATE (Contact_id, Date_type, Date) VALUES (562, "BirthDate", "1975-10-24");
INSERT INTO CONTACT (Contact_id, Fname, Mname, Lname) VALUES (563, "Bobbie", "Netta", "Romain");
INSERT INTO PHONE (Contact_id, Phone_type, Area_code, Number) VALUES (563, "Home", "993", "993-579-8257");
INSERT INTO PHONE (Contact_id, Phone_type, Area_code, Number) VALUES (563, "Cell", "733", "733-214-8237");
INSERT INTO ADDRESS (Contact_id, Address_type, Address, City, State, Zip) VALUES (563, "Home", "9 Dorton Hill", "Addison", "Texas", "75025");
INSERT INTO DATE (Contact_id, Date_type, Date) VALUES (562, "BirthDate", "1975-10-24");
INSERT INTO CONTACT (Contact_id, Fname, Mname, Lname) VALUES (564, "Claretta", "", "Kimberly");
INSERT INTO PHONE (Contact_id, Phone_type, Area_code, Number) VALUES (564, "Work", "580", "580-579-5910");
INSERT INTO PHONE (Contact_id, Phone_type, Area_code, Number) VALUES (564, "Cell", "197", "197-249-1733");
INSERT INTO ADDRESS (Contact_id, Address_type, Address, City, State, Zip) VALUES (564, "Home", "3 Pierstorff Lane", "Dallas", "Texas", "");
INSERT INTO DATE (Contact_id, Date_type, Date) VALUES (562, "BirthDate", "1975-10-24");
INSERT INTO CONTACT (Contact_id, Fname, Mname, Lname) VALUES (565, "Herbert", "Iain", "Barles");
INSERT INTO PHONE (Contact_id, Phone_type, Area_code, Number) VALUES (565, "Work", "326", "326-466-4626");
INSERT INTO PHONE (Contact_id, Phone_type, Area_code, Number) VALUES (565, "Cell", "198", "198-524-8591");
INSERT INTO ADDRESS (Contact_id, Address_type, Address, City, State, Zip) VALUES (565, "Home", "5 Old Shore Way", "Dallas", "Texas", "75094");
INSERT INTO DATE (Contact_id, Date_type, Date) VALUES (565, "BirthDate", "1980-02-28");
INSERT INTO CONTACT (Contact_id, Fname, Mname, Lname) VALUES (566, "Julie", "Pearce", "Wittrington");
INSERT INTO PHONE (Contact_id, Phone_type, Area_code, Number) VALUES (565, "Work", "326", "326-466-4626");
INSERT INTO PHONE (Contact_id, Phone_type, Area_code, Number) VALUES (565, "Cell", "198", "198-524-8591");
INSERT INTO ADDRESS (Contact_id, Address_type, Address, City, State, Zip) VALUES (566, "Home", "6 Gale Point", "Richardson", "Texas", "");
INSERT INTO DATE (Contact_id, Date_type, Date) VALUES (566, "BirthDate", "1982-01-03");
INSERT INTO CONTACT (Contact_id, Fname, Mname, Lname) VALUES (567, "Remington", "", "Petts");
INSERT INTO PHONE (Contact_id, Phone_type, Area_code, Number) VALUES (567, "Work", "289", "289-471-9015");
INSERT INTO PHONE (Contact_id, Phone_type, Area_code, Number) VALUES (567, "Cell", "815", "815-780-0862");
INSERT INTO ADDRESS (Contact_id, Address_type, Address, City, State, Zip) VALUES (567, "Home", "0273 Fairview Way", "Addison", "Texas", "");
INSERT INTO DATE (Contact_id, Date_type, Date) VALUES (566, "BirthDate", "1982-01-03");
INSERT INTO CONTACT (Contact_id, Fname, Mname, Lname) VALUES (568, "Malia", "", "Fricker");
INSERT INTO PHONE (Contact_id, Phone_type, Area_code, Number) VALUES (567, "Work", "289", "289-471-9015");
INSERT INTO PHONE (Contact_id, Phone_type, Area_code, Number) VALUES (568, "Cell", "967", "967-319-8287");
INSERT INTO ADDRESS (Contact_id, Address_type, Address, City, State, Zip) VALUES (568, "Work", "55 Vidon Drive", "Allen", "Texas", "75004");
INSERT INTO DATE (Contact_id, Date_type, Date) VALUES (566, "BirthDate", "1982-01-03");
INSERT INTO CONTACT (Contact_id, Fname, Mname, Lname) VALUES (569, "Jessy", "Bill", "Lippatt");
INSERT INTO PHONE (Contact_id, Phone_type, Area_code, Number) VALUES (567, "Work", "289", "289-471-9015");
INSERT INTO PHONE (Contact_id, Phone_type, Area_code, Number) VALUES (569, "Cell", "420", "420-714-2964");
INSERT INTO ADDRESS (Contact_id, Address_type, Address, City, State, Zip) VALUES (569, "Home", "0187 Beilfuss Crossing", "Allen", "Texas", "75026");
INSERT INTO DATE (Contact_id, Date_type, Date) VALUES (566, "BirthDate", "1982-01-03");
INSERT INTO CONTACT (Contact_id, Fname, Mname, Lname) VALUES (570, "Willey", "", "Halloway");
INSERT INTO PHONE (Contact_id, Phone_type, Area_code, Number) VALUES (570, "Home", "510", "510-509-1271");
INSERT INTO PHONE (Contact_id, Phone_type, Area_code, Number) VALUES (570, "Cell", "610", "610-499-9732");
INSERT INTO ADDRESS (Contact_id, Address_type, Address, City, State, Zip) VALUES (570, "Work", "446 Nova Road", "Richardson", "Texas", "75006");
INSERT INTO DATE (Contact_id, Date_type, Date) VALUES (570, "BirthDate", "1985-10-26");
INSERT INTO CONTACT (Contact_id, Fname, Mname, Lname) VALUES (571, "Giacinta", "Dimitri", "Turner");
INSERT INTO PHONE (Contact_id, Phone_type, Area_code, Number) VALUES (570, "Home", "510", "510-509-1271");
INSERT INTO PHONE (Contact_id, Phone_type, Area_code, Number) VALUES (571, "Cell", "867", "867-953-2674");
INSERT INTO ADDRESS (Contact_id, Address_type, Address, City, State, Zip) VALUES (571, "Home", "59 Buell Park", "Richardson", "Texas", "75062");
INSERT INTO DATE (Contact_id, Date_type, Date) VALUES (571, "BirthDate", "1979-11-23");
INSERT INTO CONTACT (Contact_id, Fname, Mname, Lname) VALUES (572, "Parry", "Nadiya", "Swayne");
INSERT INTO PHONE (Contact_id, Phone_type, Area_code, Number) VALUES (572, "Home", "133", "133-648-4677");
INSERT INTO PHONE (Contact_id, Phone_type, Area_code, Number) VALUES (572, "Cell", "193", "193-918-3861");
INSERT INTO ADDRESS (Contact_id, Address_type, Address, City, State, Zip) VALUES (572, "Work", "66 Paget Point", "Addison", "Texas", "75006");
INSERT INTO DATE (Contact_id, Date_type, Date) VALUES (571, "BirthDate", "1979-11-23");
INSERT INTO CONTACT (Contact_id, Fname, Mname, Lname) VALUES (573, "Milt", "", "Earwaker");
INSERT INTO PHONE (Contact_id, Phone_type, Area_code, Number) VALUES (573, "Home", "166", "166-250-7186");
INSERT INTO PHONE (Contact_id, Phone_type, Area_code, Number) VALUES (573, "Cell", "314", "314-746-1446");
INSERT INTO ADDRESS (Contact_id, Address_type, Address, City, State, Zip) VALUES (573, "Work", "51 Welch Road", "Plano", "Texas", "75006");
INSERT INTO DATE (Contact_id, Date_type, Date) VALUES (573, "BirthDate", "1967-04-19");
INSERT INTO CONTACT (Contact_id, Fname, Mname, Lname) VALUES (574, "Malory", "Stephannie", "Garfoot");
INSERT INTO PHONE (Contact_id, Phone_type, Area_code, Number) VALUES (574, "Work", "826", "826-458-5115");
INSERT INTO PHONE (Contact_id, Phone_type, Area_code, Number) VALUES (574, "Cell", "506", "506-611-4114");
INSERT INTO ADDRESS (Contact_id, Address_type, Address, City, State, Zip) VALUES (574, "Work", "40 Stoughton Road", "Allen", "Texas", "75007");
INSERT INTO DATE (Contact_id, Date_type, Date) VALUES (574, "BirthDate", "1982-12-31");
INSERT INTO CONTACT (Contact_id, Fname, Mname, Lname) VALUES (575, "Uriel", "", "Purrington");
INSERT INTO PHONE (Contact_id, Phone_type, Area_code, Number) VALUES (574, "Work", "826", "826-458-5115");
INSERT INTO PHONE (Contact_id, Phone_type, Area_code, Number) VALUES (575, "Cell", "581", "581-371-1114");
INSERT INTO ADDRESS (Contact_id, Address_type, Address, City, State, Zip) VALUES (575, "Work", "86178 Hoffman Place", "Richardson", "Texas", "75008");
INSERT INTO DATE (Contact_id, Date_type, Date) VALUES (575, "BirthDate", "1977-01-13");
INSERT INTO CONTACT (Contact_id, Fname, Mname, Lname) VALUES (576, "Alexa", "Appolonia", "Ruperti");
INSERT INTO PHONE (Contact_id, Phone_type, Area_code, Number) VALUES (576, "Home", "263", "263-210-4517");
INSERT INTO PHONE (Contact_id, Phone_type, Area_code, Number) VALUES (576, "Cell", "992", "992-563-5331");
INSERT INTO ADDRESS (Contact_id, Address_type, Address, City, State, Zip) VALUES (576, "Work", "97573 Westport Street", "Dallas", "Texas", "75006");
INSERT INTO DATE (Contact_id, Date_type, Date) VALUES (575, "BirthDate", "1977-01-13");
INSERT INTO CONTACT (Contact_id, Fname, Mname, Lname) VALUES (577, "Nata", "Lemmy", "Simacek");
INSERT INTO PHONE (Contact_id, Phone_type, Area_code, Number) VALUES (577, "Home", "612", "612-204-4153");
INSERT INTO PHONE (Contact_id, Phone_type, Area_code, Number) VALUES (577, "Cell", "894", "894-651-4980");
INSERT INTO ADDRESS (Contact_id, Address_type, Address, City, State, Zip) VALUES (577, "Work", "768 Manley Road", "Addison", "Texas", "75008");
INSERT INTO DATE (Contact_id, Date_type, Date) VALUES (577, "BirthDate", "1985-12-26");
INSERT INTO CONTACT (Contact_id, Fname, Mname, Lname) VALUES (578, "Angelica", "Brinna", "Dainter");
INSERT INTO PHONE (Contact_id, Phone_type, Area_code, Number) VALUES (578, "Work", "912", "912-252-7214");
INSERT INTO PHONE (Contact_id, Phone_type, Area_code, Number) VALUES (578, "Cell", "616", "616-843-8555");
INSERT INTO ADDRESS (Contact_id, Address_type, Address, City, State, Zip) VALUES (578, "Home", "689 Maywood Trail", "Dallas", "Texas", "");
INSERT INTO DATE (Contact_id, Date_type, Date) VALUES (578, "BirthDate", "1995-11-28");
INSERT INTO CONTACT (Contact_id, Fname, Mname, Lname) VALUES (579, "Ber", "Flem", "Camellini");
INSERT INTO PHONE (Contact_id, Phone_type, Area_code, Number) VALUES (579, "Work", "255", "255-295-2018");
INSERT INTO PHONE (Contact_id, Phone_type, Area_code, Number) VALUES (579, "Cell", "918", "918-789-2332");
INSERT INTO ADDRESS (Contact_id, Address_type, Address, City, State, Zip) VALUES (579, "Work", "76477 Hintze Drive", "Plano", "Texas", "75009");
INSERT INTO DATE (Contact_id, Date_type, Date) VALUES (579, "BirthDate", "1966-12-05");
INSERT INTO CONTACT (Contact_id, Fname, Mname, Lname) VALUES (580, "Ede", "", "Ansley");
INSERT INTO PHONE (Contact_id, Phone_type, Area_code, Number) VALUES (580, "Work", "314", "314-583-4688");
INSERT INTO PHONE (Contact_id, Phone_type, Area_code, Number) VALUES (580, "Cell", "168", "168-703-7031");
INSERT INTO ADDRESS (Contact_id, Address_type, Address, City, State, Zip) VALUES (580, "Work", "942 Superior Terrace", "Allen", "Texas", "75002");
INSERT INTO DATE (Contact_id, Date_type, Date) VALUES (579, "BirthDate", "1966-12-05");
INSERT INTO CONTACT (Contact_id, Fname, Mname, Lname) VALUES (581, "Erwin", "Inigo", "Bickmore");
INSERT INTO PHONE (Contact_id, Phone_type, Area_code, Number) VALUES (581, "Home", "537", "537-736-7621");
INSERT INTO PHONE (Contact_id, Phone_type, Area_code, Number) VALUES (581, "Cell", "943", "943-883-6641");
INSERT INTO ADDRESS (Contact_id, Address_type, Address, City, State, Zip) VALUES (581, "Work", "6705 Tennyson Junction", "Allen", "Texas", "75009");
INSERT INTO DATE (Contact_id, Date_type, Date) VALUES (579, "BirthDate", "1966-12-05");
INSERT INTO CONTACT (Contact_id, Fname, Mname, Lname) VALUES (582, "Nathanial", "Anthia", "Eckley");
INSERT INTO PHONE (Contact_id, Phone_type, Area_code, Number) VALUES (582, "Home", "623", "623-677-2825");
INSERT INTO PHONE (Contact_id, Phone_type, Area_code, Number) VALUES (582, "Cell", "949", "949-219-9822");
INSERT INTO ADDRESS (Contact_id, Address_type, Address, City, State, Zip) VALUES (582, "Work", "01518 Gina Terrace", "Allen", "Texas", "75008");
INSERT INTO DATE (Contact_id, Date_type, Date) VALUES (582, "BirthDate", "1982-07-24");
INSERT INTO CONTACT (Contact_id, Fname, Mname, Lname) VALUES (583, "Vick", "Adriana", "Anthonsen");
INSERT INTO PHONE (Contact_id, Phone_type, Area_code, Number) VALUES (583, "Work", "363", "363-241-5864");
INSERT INTO PHONE (Contact_id, Phone_type, Area_code, Number) VALUES (583, "Cell", "711", "711-262-8273");
INSERT INTO ADDRESS (Contact_id, Address_type, Address, City, State, Zip) VALUES (583, "Work", "3 Upham Pass", "Addison", "Texas", "75002");
INSERT INTO DATE (Contact_id, Date_type, Date) VALUES (582, "BirthDate", "1982-07-24");
INSERT INTO CONTACT (Contact_id, Fname, Mname, Lname) VALUES (584, "Demetria", "Ronna", "Mattusevich");
INSERT INTO PHONE (Contact_id, Phone_type, Area_code, Number) VALUES (584, "Work", "550", "550-660-0455");
INSERT INTO PHONE (Contact_id, Phone_type, Area_code, Number) VALUES (584, "Cell", "558", "558-703-4938");
INSERT INTO ADDRESS (Contact_id, Address_type, Address, City, State, Zip) VALUES (584, "Work", "34 Pennsylvania Alley", "Addison", "Texas", "75005");
INSERT INTO DATE (Contact_id, Date_type, Date) VALUES (584, "BirthDate", "1996-05-23");
INSERT INTO CONTACT (Contact_id, Fname, Mname, Lname) VALUES (585, "Haleigh", "Xenos", "Grindle");
INSERT INTO PHONE (Contact_id, Phone_type, Area_code, Number) VALUES (585, "Work", "345", "345-921-3286");
INSERT INTO PHONE (Contact_id, Phone_type, Area_code, Number) VALUES (585, "Cell", "540", "540-389-9303");
INSERT INTO ADDRESS (Contact_id, Address_type, Address, City, State, Zip) VALUES (585, "Home", "28 Cottonwood Circle", "Addison", "Texas", "75091");
INSERT INTO DATE (Contact_id, Date_type, Date) VALUES (585, "BirthDate", "1995-04-20");
INSERT INTO CONTACT (Contact_id, Fname, Mname, Lname) VALUES (586, "Amandi", "Henrieta", "Bruyns");
INSERT INTO PHONE (Contact_id, Phone_type, Area_code, Number) VALUES (585, "Work", "345", "345-921-3286");
INSERT INTO PHONE (Contact_id, Phone_type, Area_code, Number) VALUES (586, "Cell", "185", "185-841-2524");
INSERT INTO ADDRESS (Contact_id, Address_type, Address, City, State, Zip) VALUES (586, "Work", "360 Miller Crossing", "Richardson", "Texas", "75001");
INSERT INTO DATE (Contact_id, Date_type, Date) VALUES (585, "BirthDate", "1995-04-20");
INSERT INTO CONTACT (Contact_id, Fname, Mname, Lname) VALUES (587, "Haley", "Piper", "Jamison");
INSERT INTO PHONE (Contact_id, Phone_type, Area_code, Number) VALUES (587, "Work", "549", "549-741-7424");
INSERT INTO PHONE (Contact_id, Phone_type, Area_code, Number) VALUES (587, "Cell", "824", "824-465-2005");
INSERT INTO ADDRESS (Contact_id, Address_type, Address, City, State, Zip) VALUES (587, "Work", "938 Sherman Parkway", "Addison", "Texas", "75005");
INSERT INTO DATE (Contact_id, Date_type, Date) VALUES (585, "BirthDate", "1995-04-20");
INSERT INTO CONTACT (Contact_id, Fname, Mname, Lname) VALUES (588, "Lynett", "", "Turton");
INSERT INTO PHONE (Contact_id, Phone_type, Area_code, Number) VALUES (588, "Home", "340", "340-852-3223");
INSERT INTO PHONE (Contact_id, Phone_type, Area_code, Number) VALUES (588, "Cell", "955", "955-330-9591");
INSERT INTO ADDRESS (Contact_id, Address_type, Address, City, State, Zip) VALUES (587, "Work", "938 Sherman Parkway", "Addison", "Texas", "75005");
INSERT INTO DATE (Contact_id, Date_type, Date) VALUES (588, "BirthDate", "1976-11-16");
INSERT INTO CONTACT (Contact_id, Fname, Mname, Lname) VALUES (589, "Marjie", "", "Mowlam");
INSERT INTO PHONE (Contact_id, Phone_type, Area_code, Number) VALUES (588, "Home", "340", "340-852-3223");
INSERT INTO PHONE (Contact_id, Phone_type, Area_code, Number) VALUES (589, "Cell", "182", "182-512-8309");
INSERT INTO ADDRESS (Contact_id, Address_type, Address, City, State, Zip) VALUES (589, "Work", "2 Del Mar Crossing", "Richardson", "Texas", "75009");
INSERT INTO DATE (Contact_id, Date_type, Date) VALUES (589, "BirthDate", "1972-08-04");
INSERT INTO CONTACT (Contact_id, Fname, Mname, Lname) VALUES (590, "Saundra", "Keary", "Jellyman");
INSERT INTO PHONE (Contact_id, Phone_type, Area_code, Number) VALUES (590, "Work", "242", "242-887-2472");
INSERT INTO PHONE (Contact_id, Phone_type, Area_code, Number) VALUES (590, "Cell", "762", "762-150-2499");
INSERT INTO ADDRESS (Contact_id, Address_type, Address, City, State, Zip) VALUES (589, "Work", "2 Del Mar Crossing", "Richardson", "Texas", "75009");
INSERT INTO DATE (Contact_id, Date_type, Date) VALUES (590, "BirthDate", "1970-03-28");
INSERT INTO CONTACT (Contact_id, Fname, Mname, Lname) VALUES (591, "Vachel", "", "Tweedell");
INSERT INTO PHONE (Contact_id, Phone_type, Area_code, Number) VALUES (590, "Work", "242", "242-887-2472");
INSERT INTO PHONE (Contact_id, Phone_type, Area_code, Number) VALUES (591, "Cell", "799", "799-945-6690");
INSERT INTO ADDRESS (Contact_id, Address_type, Address, City, State, Zip) VALUES (591, "Work", "1470 Fieldstone Point", "Addison", "Texas", "75002");
INSERT INTO DATE (Contact_id, Date_type, Date) VALUES (591, "BirthDate", "1995-04-02");
INSERT INTO CONTACT (Contact_id, Fname, Mname, Lname) VALUES (592, "Aubry", "", "MacCallam");
INSERT INTO PHONE (Contact_id, Phone_type, Area_code, Number) VALUES (590, "Work", "242", "242-887-2472");
INSERT INTO PHONE (Contact_id, Phone_type, Area_code, Number) VALUES (592, "Cell", "962", "962-992-2250");
INSERT INTO ADDRESS (Contact_id, Address_type, Address, City, State, Zip) VALUES (591, "Work", "1470 Fieldstone Point", "Addison", "Texas", "75002");
INSERT INTO DATE (Contact_id, Date_type, Date) VALUES (592, "BirthDate", "1966-10-10");
INSERT INTO CONTACT (Contact_id, Fname, Mname, Lname) VALUES (593, "Zorah", "", "Tewkesberry");
INSERT INTO PHONE (Contact_id, Phone_type, Area_code, Number) VALUES (593, "Work", "904", "904-847-9468");
INSERT INTO PHONE (Contact_id, Phone_type, Area_code, Number) VALUES (593, "Cell", "849", "849-383-8591");
INSERT INTO ADDRESS (Contact_id, Address_type, Address, City, State, Zip) VALUES (591, "Work", "1470 Fieldstone Point", "Addison", "Texas", "75002");
INSERT INTO DATE (Contact_id, Date_type, Date) VALUES (593, "BirthDate", "1977-11-23");
INSERT INTO CONTACT (Contact_id, Fname, Mname, Lname) VALUES (594, "Baird", "Tiertza", "Eallis");
INSERT INTO PHONE (Contact_id, Phone_type, Area_code, Number) VALUES (594, "Work", "417", "417-487-7198");
INSERT INTO PHONE (Contact_id, Phone_type, Area_code, Number) VALUES (594, "Cell", "606", "606-637-5623");
INSERT INTO ADDRESS (Contact_id, Address_type, Address, City, State, Zip) VALUES (594, "Work", "6446 7th Point", "Addison", "Texas", "75002");
INSERT INTO DATE (Contact_id, Date_type, Date) VALUES (594, "BirthDate", "1969-08-31");
INSERT INTO CONTACT (Contact_id, Fname, Mname, Lname) VALUES (595, "Terence", "Miran", "Robardet");
INSERT INTO PHONE (Contact_id, Phone_type, Area_code, Number) VALUES (595, "Work", "587", "587-911-0972");
INSERT INTO PHONE (Contact_id, Phone_type, Area_code, Number) VALUES (595, "Cell", "211", "211-290-6618");
INSERT INTO ADDRESS (Contact_id, Address_type, Address, City, State, Zip) VALUES (594, "Work", "6446 7th Point", "Addison", "Texas", "75002");
INSERT INTO DATE (Contact_id, Date_type, Date) VALUES (594, "BirthDate", "1969-08-31");
INSERT INTO CONTACT (Contact_id, Fname, Mname, Lname) VALUES (596, "Lilly", "", "Eslie");
INSERT INTO PHONE (Contact_id, Phone_type, Area_code, Number) VALUES (595, "Work", "587", "587-911-0972");
INSERT INTO PHONE (Contact_id, Phone_type, Area_code, Number) VALUES (596, "Cell", "102", "102-896-6692");
INSERT INTO ADDRESS (Contact_id, Address_type, Address, City, State, Zip) VALUES (596, "Work", "2787 Gulseth Way", "Addison", "Texas", "75004");
INSERT INTO DATE (Contact_id, Date_type, Date) VALUES (594, "BirthDate", "1969-08-31");
INSERT INTO CONTACT (Contact_id, Fname, Mname, Lname) VALUES (597, "Margie", "Justina", "Gatus");
INSERT INTO PHONE (Contact_id, Phone_type, Area_code, Number) VALUES (597, "Work", "584", "584-514-4430");
INSERT INTO PHONE (Contact_id, Phone_type, Area_code, Number) VALUES (597, "Cell", "811", "811-394-2997");
INSERT INTO ADDRESS (Contact_id, Address_type, Address, City, State, Zip) VALUES (597, "Home", "3 Mcguire Circle", "Plano", "Texas", "");
INSERT INTO DATE (Contact_id, Date_type, Date) VALUES (597, "BirthDate", "1972-12-26");
INSERT INTO CONTACT (Contact_id, Fname, Mname, Lname) VALUES (598, "David", "", "Henke");
INSERT INTO PHONE (Contact_id, Phone_type, Area_code, Number) VALUES (598, "Home", "170", "170-556-7855");
INSERT INTO PHONE (Contact_id, Phone_type, Area_code, Number) VALUES (598, "Cell", "398", "398-137-0658");
INSERT INTO ADDRESS (Contact_id, Address_type, Address, City, State, Zip) VALUES (598, "Home", "57438 Arrowood Alley", "Dallas", "Texas", "75070");
INSERT INTO DATE (Contact_id, Date_type, Date) VALUES (598, "BirthDate", "1995-03-23");
INSERT INTO CONTACT (Contact_id, Fname, Mname, Lname) VALUES (599, "Lew", "", "Croucher");
INSERT INTO PHONE (Contact_id, Phone_type, Area_code, Number) VALUES (599, "Home", "600", "600-451-2532");
INSERT INTO PHONE (Contact_id, Phone_type, Area_code, Number) VALUES (599, "Cell", "738", "738-290-4244");
INSERT INTO ADDRESS (Contact_id, Address_type, Address, City, State, Zip) VALUES (599, "Home", "810 Carberry Place", "Dallas", "Texas", "75082");
INSERT INTO DATE (Contact_id, Date_type, Date) VALUES (598, "BirthDate", "1995-03-23");
INSERT INTO CONTACT (Contact_id, Fname, Mname, Lname) VALUES (600, "Lauren", "Sherrie", "Woodson");
INSERT INTO PHONE (Contact_id, Phone_type, Area_code, Number) VALUES (600, "Work", "978", "978-658-7078");
INSERT INTO PHONE (Contact_id, Phone_type, Area_code, Number) VALUES (600, "Cell", "675", "675-560-3320");
INSERT INTO ADDRESS (Contact_id, Address_type, Address, City, State, Zip) VALUES (600, "Home", "25433 Sauthoff Place", "Allen", "Texas", "75024");
INSERT INTO DATE (Contact_id, Date_type, Date) VALUES (598, "BirthDate", "1995-03-23");
INSERT INTO CONTACT (Contact_id, Fname, Mname, Lname) VALUES (601, "Delano", "", "Feldmus");
INSERT INTO PHONE (Contact_id, Phone_type, Area_code, Number) VALUES (601, "Home", "421", "421-197-2033");
INSERT INTO PHONE (Contact_id, Phone_type, Area_code, Number) VALUES (601, "Cell", "768", "768-844-0424");
INSERT INTO ADDRESS (Contact_id, Address_type, Address, City, State, Zip) VALUES (601, "Work", "7 3rd Park", "Plano", "Texas", "75008");
INSERT INTO DATE (Contact_id, Date_type, Date) VALUES (601, "BirthDate", "1966-04-04");
INSERT INTO CONTACT (Contact_id, Fname, Mname, Lname) VALUES (602, "Vick", "Elane", "Behnecken");
INSERT INTO PHONE (Contact_id, Phone_type, Area_code, Number) VALUES (602, "Work", "281", "281-113-3567");
INSERT INTO PHONE (Contact_id, Phone_type, Area_code, Number) VALUES (602, "Cell", "678", "678-941-4232");
INSERT INTO ADDRESS (Contact_id, Address_type, Address, City, State, Zip) VALUES (602, "Work", "297 Stang Circle", "Dallas", "Texas", "75008");
INSERT INTO DATE (Contact_id, Date_type, Date) VALUES (602, "BirthDate", "1982-09-12");
INSERT INTO CONTACT (Contact_id, Fname, Mname, Lname) VALUES (603, "Rasia", "", "Reidshaw");
INSERT INTO PHONE (Contact_id, Phone_type, Area_code, Number) VALUES (603, "Work", "196", "196-963-4204");
INSERT INTO PHONE (Contact_id, Phone_type, Area_code, Number) VALUES (603, "Cell", "293", "293-218-7670");
INSERT INTO ADDRESS (Contact_id, Address_type, Address, City, State, Zip) VALUES (602, "Work", "297 Stang Circle", "Dallas", "Texas", "75008");
INSERT INTO DATE (Contact_id, Date_type, Date) VALUES (603, "BirthDate", "1995-10-24");
INSERT INTO CONTACT (Contact_id, Fname, Mname, Lname) VALUES (604, "Nadine", "Tamarah", "Mosley");
INSERT INTO PHONE (Contact_id, Phone_type, Area_code, Number) VALUES (604, "Home", "670", "670-655-9341");
INSERT INTO PHONE (Contact_id, Phone_type, Area_code, Number) VALUES (604, "Cell", "275", "275-786-1915");
INSERT INTO ADDRESS (Contact_id, Address_type, Address, City, State, Zip) VALUES (604, "Work", "158 Lunder Park", "Allen", "Texas", "75004");
INSERT INTO DATE (Contact_id, Date_type, Date) VALUES (603, "BirthDate", "1995-10-24");
INSERT INTO CONTACT (Contact_id, Fname, Mname, Lname) VALUES (605, "Marcela", "Colin", "Gutherson");
INSERT INTO PHONE (Contact_id, Phone_type, Area_code, Number) VALUES (605, "Work", "202", "202-138-1150");
INSERT INTO PHONE (Contact_id, Phone_type, Area_code, Number) VALUES (605, "Cell", "214", "214-103-3750");
INSERT INTO ADDRESS (Contact_id, Address_type, Address, City, State, Zip) VALUES (605, "Work", "73510 Forest Trail", "Allen", "Texas", "75006");
INSERT INTO DATE (Contact_id, Date_type, Date) VALUES (605, "BirthDate", "1986-10-24");
INSERT INTO CONTACT (Contact_id, Fname, Mname, Lname) VALUES (606, "Dorrie", "Dannel", "Ratazzi");
INSERT INTO PHONE (Contact_id, Phone_type, Area_code, Number) VALUES (606, "Work", "106", "106-920-0104");
INSERT INTO PHONE (Contact_id, Phone_type, Area_code, Number) VALUES (606, "Cell", "617", "617-988-8180");
INSERT INTO ADDRESS (Contact_id, Address_type, Address, City, State, Zip) VALUES (606, "Work", "659 Continental Plaza", "Dallas", "Texas", "75005");
INSERT INTO DATE (Contact_id, Date_type, Date) VALUES (605, "BirthDate", "1986-10-24");
INSERT INTO CONTACT (Contact_id, Fname, Mname, Lname) VALUES (607, "Yolanthe", "", "Pounsett");
INSERT INTO PHONE (Contact_id, Phone_type, Area_code, Number) VALUES (607, "Work", "976", "976-166-2533");
INSERT INTO PHONE (Contact_id, Phone_type, Area_code, Number) VALUES (607, "Cell", "338", "338-584-1868");
INSERT INTO ADDRESS (Contact_id, Address_type, Address, City, State, Zip) VALUES (607, "Home", "509 Cherokee Circle", "Dallas", "Texas", "75014");
INSERT INTO DATE (Contact_id, Date_type, Date) VALUES (605, "BirthDate", "1986-10-24");
INSERT INTO CONTACT (Contact_id, Fname, Mname, Lname) VALUES (608, "Edik", "", "Snoxill");
INSERT INTO PHONE (Contact_id, Phone_type, Area_code, Number) VALUES (607, "Work", "976", "976-166-2533");
INSERT INTO PHONE (Contact_id, Phone_type, Area_code, Number) VALUES (608, "Cell", "365", "365-102-8995");
INSERT INTO ADDRESS (Contact_id, Address_type, Address, City, State, Zip) VALUES (608, "Work", "0780 Spohn Hill", "Plano", "Texas", "75001");
INSERT INTO DATE (Contact_id, Date_type, Date) VALUES (608, "BirthDate", "1980-01-12");
INSERT INTO CONTACT (Contact_id, Fname, Mname, Lname) VALUES (609, "Clive", "", "Ping");
INSERT INTO PHONE (Contact_id, Phone_type, Area_code, Number) VALUES (609, "Work", "492", "492-332-2085");
INSERT INTO PHONE (Contact_id, Phone_type, Area_code, Number) VALUES (609, "Cell", "795", "795-349-4693");
INSERT INTO ADDRESS (Contact_id, Address_type, Address, City, State, Zip) VALUES (609, "Work", "14 Magdeline Point", "Addison", "Texas", "75008");
INSERT INTO DATE (Contact_id, Date_type, Date) VALUES (609, "BirthDate", "1996-12-22");
INSERT INTO CONTACT (Contact_id, Fname, Mname, Lname) VALUES (610, "Gael", "Dena", "Aartsen");
INSERT INTO PHONE (Contact_id, Phone_type, Area_code, Number) VALUES (609, "Work", "492", "492-332-2085");
INSERT INTO PHONE (Contact_id, Phone_type, Area_code, Number) VALUES (610, "Cell", "618", "618-986-1477");
INSERT INTO ADDRESS (Contact_id, Address_type, Address, City, State, Zip) VALUES (610, "Home", "43 Macpherson Terrace", "Richardson", "Texas", "75098");
INSERT INTO DATE (Contact_id, Date_type, Date) VALUES (610, "BirthDate", "1982-06-16");
INSERT INTO CONTACT (Contact_id, Fname, Mname, Lname) VALUES (611, "Glori", "Jonie", "Bellson");
INSERT INTO PHONE (Contact_id, Phone_type, Area_code, Number) VALUES (611, "Work", "503", "503-721-7245");
INSERT INTO PHONE (Contact_id, Phone_type, Area_code, Number) VALUES (611, "Cell", "950", "950-675-7647");
INSERT INTO ADDRESS (Contact_id, Address_type, Address, City, State, Zip) VALUES (611, "Work", "7 Mockingbird Pass", "Addison", "Texas", "75004");
INSERT INTO DATE (Contact_id, Date_type, Date) VALUES (611, "BirthDate", "1996-02-16");
INSERT INTO CONTACT (Contact_id, Fname, Mname, Lname) VALUES (612, "Nikkie", "", "Cleaveland");
INSERT INTO PHONE (Contact_id, Phone_type, Area_code, Number) VALUES (612, "Work", "645", "645-220-7767");
INSERT INTO PHONE (Contact_id, Phone_type, Area_code, Number) VALUES (612, "Cell", "541", "541-794-4309");
INSERT INTO ADDRESS (Contact_id, Address_type, Address, City, State, Zip) VALUES (612, "Home", "188 Summerview Way", "Plano", "Texas", "");
INSERT INTO DATE (Contact_id, Date_type, Date) VALUES (611, "BirthDate", "1996-02-16");
INSERT INTO CONTACT (Contact_id, Fname, Mname, Lname) VALUES (613, "Janie", "Gideon", "Pennington");
INSERT INTO PHONE (Contact_id, Phone_type, Area_code, Number) VALUES (613, "Work", "254", "254-186-4625");
INSERT INTO PHONE (Contact_id, Phone_type, Area_code, Number) VALUES (613, "Cell", "872", "872-117-4352");
INSERT INTO ADDRESS (Contact_id, Address_type, Address, City, State, Zip) VALUES (613, "Home", "0327 Monica Avenue", "Addison", "Texas", "75009");
INSERT INTO DATE (Contact_id, Date_type, Date) VALUES (613, "BirthDate", "1965-03-21");
INSERT INTO CONTACT (Contact_id, Fname, Mname, Lname) VALUES (614, "Aldon", "", "Bubb");
INSERT INTO PHONE (Contact_id, Phone_type, Area_code, Number) VALUES (614, "Work", "881", "881-447-2783");
INSERT INTO PHONE (Contact_id, Phone_type, Area_code, Number) VALUES (614, "Cell", "191", "191-593-8795");
INSERT INTO ADDRESS (Contact_id, Address_type, Address, City, State, Zip) VALUES (614, "Home", "72 Macpherson Avenue", "Plano", "Texas", "75021");
INSERT INTO DATE (Contact_id, Date_type, Date) VALUES (613, "BirthDate", "1965-03-21");
INSERT INTO CONTACT (Contact_id, Fname, Mname, Lname) VALUES (615, "Fifine", "Veriee", "Philot");
INSERT INTO PHONE (Contact_id, Phone_type, Area_code, Number) VALUES (615, "Work", "588", "588-654-1271");
INSERT INTO PHONE (Contact_id, Phone_type, Area_code, Number) VALUES (615, "Cell", "730", "730-116-1243");
INSERT INTO ADDRESS (Contact_id, Address_type, Address, City, State, Zip) VALUES (615, "Work", "57 Cambridge Crossing", "Dallas", "Texas", "75009");
INSERT INTO DATE (Contact_id, Date_type, Date) VALUES (613, "BirthDate", "1965-03-21");
INSERT INTO CONTACT (Contact_id, Fname, Mname, Lname) VALUES (616, "Elston", "", "Edon");
INSERT INTO PHONE (Contact_id, Phone_type, Area_code, Number) VALUES (616, "Work", "958", "958-221-4092");
INSERT INTO PHONE (Contact_id, Phone_type, Area_code, Number) VALUES (616, "Cell", "797", "797-128-7381");
INSERT INTO ADDRESS (Contact_id, Address_type, Address, City, State, Zip) VALUES (616, "Work", "0 Valley Edge Alley", "Addison", "Texas", "75001");
INSERT INTO DATE (Contact_id, Date_type, Date) VALUES (613, "BirthDate", "1965-03-21");
INSERT INTO CONTACT (Contact_id, Fname, Mname, Lname) VALUES (617, "Lynette", "", "Millwater");
INSERT INTO PHONE (Contact_id, Phone_type, Area_code, Number) VALUES (616, "Work", "958", "958-221-4092");
INSERT INTO PHONE (Contact_id, Phone_type, Area_code, Number) VALUES (617, "Cell", "539", "539-695-6956");
INSERT INTO ADDRESS (Contact_id, Address_type, Address, City, State, Zip) VALUES (617, "Home", "51 Almo Circle", "Allen", "Texas", "75082");
INSERT INTO DATE (Contact_id, Date_type, Date) VALUES (613, "BirthDate", "1965-03-21");
INSERT INTO CONTACT (Contact_id, Fname, Mname, Lname) VALUES (618, "Savina", "", "Devoy");
INSERT INTO PHONE (Contact_id, Phone_type, Area_code, Number) VALUES (616, "Work", "958", "958-221-4092");
INSERT INTO PHONE (Contact_id, Phone_type, Area_code, Number) VALUES (618, "Cell", "274", "274-215-8958");
INSERT INTO ADDRESS (Contact_id, Address_type, Address, City, State, Zip) VALUES (618, "Work", "80162 Warner Park", "Allen", "Texas", "75008");
INSERT INTO DATE (Contact_id, Date_type, Date) VALUES (613, "BirthDate", "1965-03-21");
INSERT INTO CONTACT (Contact_id, Fname, Mname, Lname) VALUES (619, "Claudio", "", "Leeuwerink");
INSERT INTO PHONE (Contact_id, Phone_type, Area_code, Number) VALUES (619, "Work", "309", "309-787-1028");
INSERT INTO PHONE (Contact_id, Phone_type, Area_code, Number) VALUES (619, "Cell", "237", "237-313-0579");
INSERT INTO ADDRESS (Contact_id, Address_type, Address, City, State, Zip) VALUES (618, "Work", "80162 Warner Park", "Allen", "Texas", "75008");
INSERT INTO DATE (Contact_id, Date_type, Date) VALUES (613, "BirthDate", "1965-03-21");
INSERT INTO CONTACT (Contact_id, Fname, Mname, Lname) VALUES (620, "Gerek", "", "Polendine");
INSERT INTO PHONE (Contact_id, Phone_type, Area_code, Number) VALUES (620, "Work", "607", "607-348-4886");
INSERT INTO PHONE (Contact_id, Phone_type, Area_code, Number) VALUES (620, "Cell", "788", "788-362-9821");
INSERT INTO ADDRESS (Contact_id, Address_type, Address, City, State, Zip) VALUES (620, "Work", "90323 Grover Lane", "Plano", "Texas", "75008");
INSERT INTO DATE (Contact_id, Date_type, Date) VALUES (613, "BirthDate", "1965-03-21");
INSERT INTO CONTACT (Contact_id, Fname, Mname, Lname) VALUES (621, "Hanny", "", "Dun");
INSERT INTO PHONE (Contact_id, Phone_type, Area_code, Number) VALUES (621, "Work", "545", "545-360-2357");
INSERT INTO PHONE (Contact_id, Phone_type, Area_code, Number) VALUES (621, "Cell", "991", "991-348-5899");
INSERT INTO ADDRESS (Contact_id, Address_type, Address, City, State, Zip) VALUES (621, "Home", "09440 Oak Junction", "Richardson", "Texas", "");
INSERT INTO DATE (Contact_id, Date_type, Date) VALUES (621, "BirthDate", "1969-06-03");
INSERT INTO CONTACT (Contact_id, Fname, Mname, Lname) VALUES (622, "Kori", "Austen", "Gossage");
INSERT INTO PHONE (Contact_id, Phone_type, Area_code, Number) VALUES (621, "Work", "545", "545-360-2357");
INSERT INTO PHONE (Contact_id, Phone_type, Area_code, Number) VALUES (622, "Cell", "521", "521-341-2069");
INSERT INTO ADDRESS (Contact_id, Address_type, Address, City, State, Zip) VALUES (621, "Home", "09440 Oak Junction", "Richardson", "Texas", "");
INSERT INTO DATE (Contact_id, Date_type, Date) VALUES (622, "BirthDate", "1985-01-14");
INSERT INTO CONTACT (Contact_id, Fname, Mname, Lname) VALUES (623, "Vince", "", "Neles");
INSERT INTO PHONE (Contact_id, Phone_type, Area_code, Number) VALUES (621, "Work", "545", "545-360-2357");
INSERT INTO PHONE (Contact_id, Phone_type, Area_code, Number) VALUES (623, "Cell", "770", "770-647-3761");
INSERT INTO ADDRESS (Contact_id, Address_type, Address, City, State, Zip) VALUES (623, "Work", "5660 Corry Lane", "Allen", "Texas", "75008");
INSERT INTO DATE (Contact_id, Date_type, Date) VALUES (622, "BirthDate", "1985-01-14");
INSERT INTO CONTACT (Contact_id, Fname, Mname, Lname) VALUES (624, "Tedmund", "", "Stollsteiner");
INSERT INTO PHONE (Contact_id, Phone_type, Area_code, Number) VALUES (624, "Work", "361", "361-215-4638");
INSERT INTO PHONE (Contact_id, Phone_type, Area_code, Number) VALUES (624, "Cell", "442", "442-129-3594");
INSERT INTO ADDRESS (Contact_id, Address_type, Address, City, State, Zip) VALUES (624, "Home", "26 Gale Street", "Richardson", "Texas", "");
INSERT INTO DATE (Contact_id, Date_type, Date) VALUES (624, "BirthDate", "1984-08-26");
INSERT INTO CONTACT (Contact_id, Fname, Mname, Lname) VALUES (625, "L;urette", "Glynis", "Heads");
INSERT INTO PHONE (Contact_id, Phone_type, Area_code, Number) VALUES (625, "Work", "459", "459-864-8915");
INSERT INTO PHONE (Contact_id, Phone_type, Area_code, Number) VALUES (625, "Cell", "943", "943-657-4652");
INSERT INTO ADDRESS (Contact_id, Address_type, Address, City, State, Zip) VALUES (625, "Work", "4889 Scott Junction", "Richardson", "Texas", "75004");
INSERT INTO DATE (Contact_id, Date_type, Date) VALUES (624, "BirthDate", "1984-08-26");
INSERT INTO CONTACT (Contact_id, Fname, Mname, Lname) VALUES (626, "Ethe", "Anstice", "Loxdale");
INSERT INTO PHONE (Contact_id, Phone_type, Area_code, Number) VALUES (626, "Work", "958", "958-314-1802");
INSERT INTO PHONE (Contact_id, Phone_type, Area_code, Number) VALUES (626, "Cell", "590", "590-566-3682");
INSERT INTO ADDRESS (Contact_id, Address_type, Address, City, State, Zip) VALUES (625, "Work", "4889 Scott Junction", "Richardson", "Texas", "75004");
INSERT INTO DATE (Contact_id, Date_type, Date) VALUES (624, "BirthDate", "1984-08-26");
INSERT INTO CONTACT (Contact_id, Fname, Mname, Lname) VALUES (627, "Biron", "Bertram", "Worboy");
INSERT INTO PHONE (Contact_id, Phone_type, Area_code, Number) VALUES (627, "Work", "141", "141-328-0941");
INSERT INTO PHONE (Contact_id, Phone_type, Area_code, Number) VALUES (627, "Cell", "520", "520-985-7906");
INSERT INTO ADDRESS (Contact_id, Address_type, Address, City, State, Zip) VALUES (627, "Home", "0236 Memorial Park", "Plano", "Texas", "75048");
INSERT INTO DATE (Contact_id, Date_type, Date) VALUES (624, "BirthDate", "1984-08-26");
INSERT INTO CONTACT (Contact_id, Fname, Mname, Lname) VALUES (628, "Alecia", "Chucho", "Menaul");
INSERT INTO PHONE (Contact_id, Phone_type, Area_code, Number) VALUES (628, "Work", "808", "808-181-9129");
INSERT INTO PHONE (Contact_id, Phone_type, Area_code, Number) VALUES (628, "Cell", "807", "807-466-1622");
INSERT INTO ADDRESS (Contact_id, Address_type, Address, City, State, Zip) VALUES (628, "Work", "4865 Southridge Park", "Allen", "Texas", "75006");
INSERT INTO DATE (Contact_id, Date_type, Date) VALUES (628, "BirthDate", "1971-11-29");
INSERT INTO CONTACT (Contact_id, Fname, Mname, Lname) VALUES (629, "Urbain", "Duffy", "McGowing");
INSERT INTO PHONE (Contact_id, Phone_type, Area_code, Number) VALUES (629, "Work", "516", "516-759-7808");
INSERT INTO PHONE (Contact_id, Phone_type, Area_code, Number) VALUES (629, "Cell", "443", "443-124-4418");
INSERT INTO ADDRESS (Contact_id, Address_type, Address, City, State, Zip) VALUES (629, "Work", "00 Messerschmidt Street", "Richardson", "Texas", "75009");
INSERT INTO DATE (Contact_id, Date_type, Date) VALUES (629, "BirthDate", "1983-12-12");
INSERT INTO CONTACT (Contact_id, Fname, Mname, Lname) VALUES (630, "Angelita", "Eimile", "Markwelley");
INSERT INTO PHONE (Contact_id, Phone_type, Area_code, Number) VALUES (630, "Work", "855", "855-252-8005");
INSERT INTO PHONE (Contact_id, Phone_type, Area_code, Number) VALUES (630, "Cell", "450", "450-863-9437");
INSERT INTO ADDRESS (Contact_id, Address_type, Address, City, State, Zip) VALUES (630, "Work", "0557 Stephen Road", "Plano", "Texas", "75005");
INSERT INTO DATE (Contact_id, Date_type, Date) VALUES (629, "BirthDate", "1983-12-12");
INSERT INTO CONTACT (Contact_id, Fname, Mname, Lname) VALUES (631, "Cornall", "", "Chrystal");
INSERT INTO PHONE (Contact_id, Phone_type, Area_code, Number) VALUES (630, "Work", "855", "855-252-8005");
INSERT INTO PHONE (Contact_id, Phone_type, Area_code, Number) VALUES (631, "Cell", "695", "695-564-0734");
INSERT INTO ADDRESS (Contact_id, Address_type, Address, City, State, Zip) VALUES (631, "Work", "95630 Old Shore Way", "Allen", "Texas", "75007");
INSERT INTO DATE (Contact_id, Date_type, Date) VALUES (631, "BirthDate", "1983-12-24");
INSERT INTO CONTACT (Contact_id, Fname, Mname, Lname) VALUES (632, "Lukas", "Coriss", "Paolino");
INSERT INTO PHONE (Contact_id, Phone_type, Area_code, Number) VALUES (632, "Work", "868", "868-394-0329");
INSERT INTO PHONE (Contact_id, Phone_type, Area_code, Number) VALUES (632, "Cell", "866", "866-109-3257");
INSERT INTO ADDRESS (Contact_id, Address_type, Address, City, State, Zip) VALUES (632, "Work", "926 Vera Drive", "Plano", "Texas", "75003");
INSERT INTO DATE (Contact_id, Date_type, Date) VALUES (631, "BirthDate", "1983-12-24");
INSERT INTO CONTACT (Contact_id, Fname, Mname, Lname) VALUES (633, "Kiri", "", "Ledner");
INSERT INTO PHONE (Contact_id, Phone_type, Area_code, Number) VALUES (633, "Work", "670", "670-146-2731");
INSERT INTO PHONE (Contact_id, Phone_type, Area_code, Number) VALUES (633, "Cell", "405", "405-804-2708");
INSERT INTO ADDRESS (Contact_id, Address_type, Address, City, State, Zip) VALUES (633, "Home", "6 Anzinger Street", "Plano", "Texas", "75027");
INSERT INTO DATE (Contact_id, Date_type, Date) VALUES (633, "BirthDate", "1992-05-04");
INSERT INTO CONTACT (Contact_id, Fname, Mname, Lname) VALUES (634, "Christine", "", "Dunkirk");
INSERT INTO PHONE (Contact_id, Phone_type, Area_code, Number) VALUES (633, "Work", "670", "670-146-2731");
INSERT INTO PHONE (Contact_id, Phone_type, Area_code, Number) VALUES (634, "Cell", "544", "544-581-7584");
INSERT INTO ADDRESS (Contact_id, Address_type, Address, City, State, Zip) VALUES (634, "Work", "13 Golf View Point", "Addison", "Texas", "75005");
INSERT INTO DATE (Contact_id, Date_type, Date) VALUES (634, "BirthDate", "1978-01-27");
INSERT INTO CONTACT (Contact_id, Fname, Mname, Lname) VALUES (635, "Antonia", "Caldwell", "Collibear");
INSERT INTO PHONE (Contact_id, Phone_type, Area_code, Number) VALUES (633, "Work", "670", "670-146-2731");
INSERT INTO PHONE (Contact_id, Phone_type, Area_code, Number) VALUES (635, "Cell", "737", "737-348-1304");
INSERT INTO ADDRESS (Contact_id, Address_type, Address, City, State, Zip) VALUES (635, "Home", "9716 Michigan Plaza", "Allen", "Texas", "");
INSERT INTO DATE (Contact_id, Date_type, Date) VALUES (635, "BirthDate", "1986-10-20");
INSERT INTO CONTACT (Contact_id, Fname, Mname, Lname) VALUES (636, "Sylvia", "Wyn", "Schruyers");
INSERT INTO PHONE (Contact_id, Phone_type, Area_code, Number) VALUES (633, "Work", "670", "670-146-2731");
INSERT INTO PHONE (Contact_id, Phone_type, Area_code, Number) VALUES (636, "Cell", "450", "450-584-1311");
INSERT INTO ADDRESS (Contact_id, Address_type, Address, City, State, Zip) VALUES (636, "Work", "6565 Delaware Road", "Richardson", "Texas", "75001");
INSERT INTO DATE (Contact_id, Date_type, Date) VALUES (636, "BirthDate", "1977-04-30");
INSERT INTO CONTACT (Contact_id, Fname, Mname, Lname) VALUES (637, "Wilow", "Fabe", "Vogl");
INSERT INTO PHONE (Contact_id, Phone_type, Area_code, Number) VALUES (637, "Work", "410", "410-782-4597");
INSERT INTO PHONE (Contact_id, Phone_type, Area_code, Number) VALUES (637, "Cell", "389", "389-649-1101");
INSERT INTO ADDRESS (Contact_id, Address_type, Address, City, State, Zip) VALUES (637, "Work", "99883 Crescent Oaks Court", "Richardson", "Texas", "75004");
INSERT INTO DATE (Contact_id, Date_type, Date) VALUES (637, "BirthDate", "1966-10-13");
INSERT INTO CONTACT (Contact_id, Fname, Mname, Lname) VALUES (638, "Jemmy", "", "Trevithick");
INSERT INTO PHONE (Contact_id, Phone_type, Area_code, Number) VALUES (638, "Work", "658", "658-310-5747");
INSERT INTO PHONE (Contact_id, Phone_type, Area_code, Number) VALUES (638, "Cell", "457", "457-991-3698");
INSERT INTO ADDRESS (Contact_id, Address_type, Address, City, State, Zip) VALUES (638, "Work", "90 Lunder Center", "Dallas", "Texas", "75009");
INSERT INTO DATE (Contact_id, Date_type, Date) VALUES (638, "BirthDate", "1986-04-23");
INSERT INTO CONTACT (Contact_id, Fname, Mname, Lname) VALUES (639, "Torrie", "", "Thackeray");
INSERT INTO PHONE (Contact_id, Phone_type, Area_code, Number) VALUES (639, "Work", "411", "411-387-2270");
INSERT INTO PHONE (Contact_id, Phone_type, Area_code, Number) VALUES (639, "Cell", "918", "918-849-6310");
INSERT INTO ADDRESS (Contact_id, Address_type, Address, City, State, Zip) VALUES (639, "Home", "4090 Loeprich Place", "Addison", "Texas", "75036");
INSERT INTO DATE (Contact_id, Date_type, Date) VALUES (638, "BirthDate", "1986-04-23");
INSERT INTO CONTACT (Contact_id, Fname, Mname, Lname) VALUES (640, "Norrie", "", "Erik");
INSERT INTO PHONE (Contact_id, Phone_type, Area_code, Number) VALUES (639, "Work", "411", "411-387-2270");
INSERT INTO PHONE (Contact_id, Phone_type, Area_code, Number) VALUES (640, "Cell", "808", "808-184-1996");
INSERT INTO ADDRESS (Contact_id, Address_type, Address, City, State, Zip) VALUES (640, "Work", "31 Straubel Trail", "Dallas", "Texas", "75007");
INSERT INTO DATE (Contact_id, Date_type, Date) VALUES (638, "BirthDate", "1986-04-23");
INSERT INTO CONTACT (Contact_id, Fname, Mname, Lname) VALUES (641, "Korie", "Leeann", "Kacheller");
INSERT INTO PHONE (Contact_id, Phone_type, Area_code, Number) VALUES (639, "Work", "411", "411-387-2270");
INSERT INTO PHONE (Contact_id, Phone_type, Area_code, Number) VALUES (641, "Cell", "453", "453-651-2782");
INSERT INTO ADDRESS (Contact_id, Address_type, Address, City, State, Zip) VALUES (641, "Home", "981 Rockefeller Crossing", "Plano", "Texas", "75072");
INSERT INTO DATE (Contact_id, Date_type, Date) VALUES (641, "BirthDate", "1990-09-27");
INSERT INTO CONTACT (Contact_id, Fname, Mname, Lname) VALUES (642, "Patrice", "", "Verna");
INSERT INTO PHONE (Contact_id, Phone_type, Area_code, Number) VALUES (639, "Work", "411", "411-387-2270");
INSERT INTO PHONE (Contact_id, Phone_type, Area_code, Number) VALUES (642, "Cell", "699", "699-705-3475");
INSERT INTO ADDRESS (Contact_id, Address_type, Address, City, State, Zip) VALUES (642, "Work", "09 Fairfield Way", "Richardson", "Texas", "75002");
INSERT INTO DATE (Contact_id, Date_type, Date) VALUES (642, "BirthDate", "1989-11-01");
INSERT INTO CONTACT (Contact_id, Fname, Mname, Lname) VALUES (643, "Kyla", "", "Leuchars");
INSERT INTO PHONE (Contact_id, Phone_type, Area_code, Number) VALUES (643, "Work", "150", "150-203-7396");
INSERT INTO PHONE (Contact_id, Phone_type, Area_code, Number) VALUES (643, "Cell", "685", "685-893-7026");
INSERT INTO ADDRESS (Contact_id, Address_type, Address, City, State, Zip) VALUES (643, "Home", "3 Memorial Terrace", "Dallas", "Texas", "75023");
INSERT INTO DATE (Contact_id, Date_type, Date) VALUES (642, "BirthDate", "1989-11-01");
INSERT INTO CONTACT (Contact_id, Fname, Mname, Lname) VALUES (644, "Sonny", "", "Tynan");
INSERT INTO PHONE (Contact_id, Phone_type, Area_code, Number) VALUES (643, "Work", "150", "150-203-7396");
INSERT INTO PHONE (Contact_id, Phone_type, Area_code, Number) VALUES (644, "Cell", "224", "224-524-2233");
INSERT INTO ADDRESS (Contact_id, Address_type, Address, City, State, Zip) VALUES (644, "Work", "19679 Farmco Pass", "Plano", "Texas", "75002");
INSERT INTO DATE (Contact_id, Date_type, Date) VALUES (644, "BirthDate", "1984-03-07");
INSERT INTO CONTACT (Contact_id, Fname, Mname, Lname) VALUES (645, "Tremayne", "", "Tregiddo");
INSERT INTO PHONE (Contact_id, Phone_type, Area_code, Number) VALUES (645, "Home", "487", "487-123-8854");
INSERT INTO PHONE (Contact_id, Phone_type, Area_code, Number) VALUES (645, "Cell", "577", "577-689-5045");
INSERT INTO ADDRESS (Contact_id, Address_type, Address, City, State, Zip) VALUES (645, "Work", "8 Columbus Hill", "Dallas", "Texas", "75002");
INSERT INTO DATE (Contact_id, Date_type, Date) VALUES (645, "BirthDate", "1968-12-01");
INSERT INTO CONTACT (Contact_id, Fname, Mname, Lname) VALUES (646, "Tatiania", "Phaedra", "Aitkin");
INSERT INTO PHONE (Contact_id, Phone_type, Area_code, Number) VALUES (646, "Work", "938", "938-694-7934");
INSERT INTO PHONE (Contact_id, Phone_type, Area_code, Number) VALUES (646, "Cell", "573", "573-844-2927");
INSERT INTO ADDRESS (Contact_id, Address_type, Address, City, State, Zip) VALUES (646, "Work", "29421 Ludington Road", "Addison", "Texas", "75006");
INSERT INTO DATE (Contact_id, Date_type, Date) VALUES (645, "BirthDate", "1968-12-01");
INSERT INTO CONTACT (Contact_id, Fname, Mname, Lname) VALUES (647, "Agnola", "Carson", "Rutley");
INSERT INTO PHONE (Contact_id, Phone_type, Area_code, Number) VALUES (647, "Work", "766", "766-966-9973");
INSERT INTO PHONE (Contact_id, Phone_type, Area_code, Number) VALUES (647, "Cell", "426", "426-347-4674");
INSERT INTO ADDRESS (Contact_id, Address_type, Address, City, State, Zip) VALUES (647, "Work", "9142 Russell Trail", "Richardson", "Texas", "75004");
INSERT INTO DATE (Contact_id, Date_type, Date) VALUES (647, "BirthDate", "1988-09-09");
INSERT INTO CONTACT (Contact_id, Fname, Mname, Lname) VALUES (648, "Jorgan", "Marline", "Riccardelli");
INSERT INTO PHONE (Contact_id, Phone_type, Area_code, Number) VALUES (647, "Work", "766", "766-966-9973");
INSERT INTO PHONE (Contact_id, Phone_type, Area_code, Number) VALUES (648, "Cell", "805", "805-729-1391");
INSERT INTO ADDRESS (Contact_id, Address_type, Address, City, State, Zip) VALUES (648, "Home", "5285 Moose Alley", "Allen", "Texas", "");
INSERT INTO DATE (Contact_id, Date_type, Date) VALUES (648, "BirthDate", "1989-10-07");
INSERT INTO CONTACT (Contact_id, Fname, Mname, Lname) VALUES (649, "Lorrin", "Kerr", "Cotgrove");
INSERT INTO PHONE (Contact_id, Phone_type, Area_code, Number) VALUES (649, "Work", "703", "703-877-6527");
INSERT INTO PHONE (Contact_id, Phone_type, Area_code, Number) VALUES (649, "Cell", "549", "549-871-4053");
INSERT INTO ADDRESS (Contact_id, Address_type, Address, City, State, Zip) VALUES (649, "Home", "9 Stephen Way", "Richardson", "Texas", "75029");
INSERT INTO DATE (Contact_id, Date_type, Date) VALUES (648, "BirthDate", "1989-10-07");
INSERT INTO CONTACT (Contact_id, Fname, Mname, Lname) VALUES (650, "Nancy", "", "Brende");
INSERT INTO PHONE (Contact_id, Phone_type, Area_code, Number) VALUES (649, "Work", "703", "703-877-6527");
INSERT INTO PHONE (Contact_id, Phone_type, Area_code, Number) VALUES (650, "Cell", "524", "524-406-2881");
INSERT INTO ADDRESS (Contact_id, Address_type, Address, City, State, Zip) VALUES (650, "Work", "21491 Spaight Lane", "Allen", "Texas", "75004");
INSERT INTO DATE (Contact_id, Date_type, Date) VALUES (650, "BirthDate", "1994-03-25");
INSERT INTO CONTACT (Contact_id, Fname, Mname, Lname) VALUES (651, "Shem", "", "Paquet");
INSERT INTO PHONE (Contact_id, Phone_type, Area_code, Number) VALUES (649, "Work", "703", "703-877-6527");
INSERT INTO PHONE (Contact_id, Phone_type, Area_code, Number) VALUES (651, "Cell", "143", "143-406-7688");
INSERT INTO ADDRESS (Contact_id, Address_type, Address, City, State, Zip) VALUES (651, "Work", "39 Straubel Circle", "Plano", "Texas", "75001");
INSERT INTO DATE (Contact_id, Date_type, Date) VALUES (650, "BirthDate", "1994-03-25");
INSERT INTO CONTACT (Contact_id, Fname, Mname, Lname) VALUES (652, "Melisent", "Josiah", "Nickels");
INSERT INTO PHONE (Contact_id, Phone_type, Area_code, Number) VALUES (652, "Work", "834", "834-113-5525");
INSERT INTO PHONE (Contact_id, Phone_type, Area_code, Number) VALUES (652, "Cell", "926", "926-457-7170");
INSERT INTO ADDRESS (Contact_id, Address_type, Address, City, State, Zip) VALUES (652, "Work", "43 Bultman Lane", "Plano", "Texas", "75005");
INSERT INTO DATE (Contact_id, Date_type, Date) VALUES (652, "BirthDate", "1970-03-31");
INSERT INTO CONTACT (Contact_id, Fname, Mname, Lname) VALUES (653, "Betta", "", "Hacking");
INSERT INTO PHONE (Contact_id, Phone_type, Area_code, Number) VALUES (653, "Work", "170", "170-455-9776");
INSERT INTO PHONE (Contact_id, Phone_type, Area_code, Number) VALUES (653, "Cell", "680", "680-770-8684");
INSERT INTO ADDRESS (Contact_id, Address_type, Address, City, State, Zip) VALUES (653, "Work", "53 Eastlawn Park", "Plano", "Texas", "75004");
INSERT INTO DATE (Contact_id, Date_type, Date) VALUES (653, "BirthDate", "1975-08-25");
INSERT INTO CONTACT (Contact_id, Fname, Mname, Lname) VALUES (654, "Jenine", "Kahaleel", "Kopelman");
INSERT INTO PHONE (Contact_id, Phone_type, Area_code, Number) VALUES (654, "Work", "563", "563-508-8755");
INSERT INTO PHONE (Contact_id, Phone_type, Area_code, Number) VALUES (654, "Cell", "689", "689-102-5464");
INSERT INTO ADDRESS (Contact_id, Address_type, Address, City, State, Zip) VALUES (654, "Work", "26 Hanson Drive", "Richardson", "Texas", "75004");
INSERT INTO DATE (Contact_id, Date_type, Date) VALUES (654, "BirthDate", "1973-01-06");
INSERT INTO CONTACT (Contact_id, Fname, Mname, Lname) VALUES (655, "Hendrika", "Benedick", "Billingsley");
INSERT INTO PHONE (Contact_id, Phone_type, Area_code, Number) VALUES (655, "Home", "472", "472-957-6298");
INSERT INTO PHONE (Contact_id, Phone_type, Area_code, Number) VALUES (654, "Cell", "689", "689-102-5464");
INSERT INTO ADDRESS (Contact_id, Address_type, Address, City, State, Zip) VALUES (655, "Work", "830 Dovetail Terrace", "Addison", "Texas", "75009");
INSERT INTO DATE (Contact_id, Date_type, Date) VALUES (654, "BirthDate", "1973-01-06");
INSERT INTO CONTACT (Contact_id, Fname, Mname, Lname) VALUES (656, "Lonna", "", "Widdowfield");
INSERT INTO PHONE (Contact_id, Phone_type, Area_code, Number) VALUES (656, "Work", "430", "430-813-1811");
INSERT INTO PHONE (Contact_id, Phone_type, Area_code, Number) VALUES (656, "Cell", "313", "313-365-1151");
INSERT INTO ADDRESS (Contact_id, Address_type, Address, City, State, Zip) VALUES (655, "Work", "830 Dovetail Terrace", "Addison", "Texas", "75009");
INSERT INTO DATE (Contact_id, Date_type, Date) VALUES (656, "BirthDate", "1970-04-16");
INSERT INTO CONTACT (Contact_id, Fname, Mname, Lname) VALUES (657, "Anton", "", "Van Bruggen");
INSERT INTO PHONE (Contact_id, Phone_type, Area_code, Number) VALUES (657, "Work", "209", "209-369-8056");
INSERT INTO PHONE (Contact_id, Phone_type, Area_code, Number) VALUES (657, "Cell", "934", "934-193-4966");
INSERT INTO ADDRESS (Contact_id, Address_type, Address, City, State, Zip) VALUES (655, "Work", "830 Dovetail Terrace", "Addison", "Texas", "75009");
INSERT INTO DATE (Contact_id, Date_type, Date) VALUES (657, "BirthDate", "1994-10-21");
INSERT INTO CONTACT (Contact_id, Fname, Mname, Lname) VALUES (658, "Pennie", "Iona", "Harraway");
INSERT INTO PHONE (Contact_id, Phone_type, Area_code, Number) VALUES (657, "Work", "209", "209-369-8056");
INSERT INTO PHONE (Contact_id, Phone_type, Area_code, Number) VALUES (658, "Cell", "198", "198-664-5457");
INSERT INTO ADDRESS (Contact_id, Address_type, Address, City, State, Zip) VALUES (658, "Work", "16847 Jay Terrace", "Allen", "Texas", "75009");
INSERT INTO DATE (Contact_id, Date_type, Date) VALUES (658, "BirthDate", "1977-04-29");
INSERT INTO CONTACT (Contact_id, Fname, Mname, Lname) VALUES (659, "Jillana", "Karim", "Saich");
INSERT INTO PHONE (Contact_id, Phone_type, Area_code, Number) VALUES (659, "Home", "231", "231-279-4678");
INSERT INTO PHONE (Contact_id, Phone_type, Area_code, Number) VALUES (659, "Cell", "888", "888-577-4006");
INSERT INTO ADDRESS (Contact_id, Address_type, Address, City, State, Zip) VALUES (659, "Home", "80253 Gulseth Circle", "Richardson", "Texas", "75094");
INSERT INTO DATE (Contact_id, Date_type, Date) VALUES (659, "BirthDate", "1967-08-06");
INSERT INTO CONTACT (Contact_id, Fname, Mname, Lname) VALUES (660, "Minnnie", "", "Tabert");
INSERT INTO PHONE (Contact_id, Phone_type, Area_code, Number) VALUES (659, "Home", "231", "231-279-4678");
INSERT INTO PHONE (Contact_id, Phone_type, Area_code, Number) VALUES (660, "Cell", "794", "794-835-3721");
INSERT INTO ADDRESS (Contact_id, Address_type, Address, City, State, Zip) VALUES (660, "Home", "48665 Eastwood Drive", "Addison", "Texas", "75039");
INSERT INTO DATE (Contact_id, Date_type, Date) VALUES (659, "BirthDate", "1967-08-06");
INSERT INTO CONTACT (Contact_id, Fname, Mname, Lname) VALUES (661, "Mohandis", "Charmine", "Legg");
INSERT INTO PHONE (Contact_id, Phone_type, Area_code, Number) VALUES (661, "Work", "546", "546-277-4408");
INSERT INTO PHONE (Contact_id, Phone_type, Area_code, Number) VALUES (661, "Cell", "653", "653-649-4641");
INSERT INTO ADDRESS (Contact_id, Address_type, Address, City, State, Zip) VALUES (661, "Home", "14 4th Road", "Allen", "Texas", "");
INSERT INTO DATE (Contact_id, Date_type, Date) VALUES (661, "BirthDate", "1972-08-27");
INSERT INTO CONTACT (Contact_id, Fname, Mname, Lname) VALUES (662, "Tobi", "", "Keneforde");
INSERT INTO PHONE (Contact_id, Phone_type, Area_code, Number) VALUES (662, "Work", "355", "355-744-3975");
INSERT INTO PHONE (Contact_id, Phone_type, Area_code, Number) VALUES (662, "Cell", "523", "523-432-5820");
INSERT INTO ADDRESS (Contact_id, Address_type, Address, City, State, Zip) VALUES (662, "Home", "0 Kinsman Plaza", "Richardson", "Texas", "75036");
INSERT INTO DATE (Contact_id, Date_type, Date) VALUES (661, "BirthDate", "1972-08-27");
INSERT INTO CONTACT (Contact_id, Fname, Mname, Lname) VALUES (663, "Lettie", "", "Donnison");
INSERT INTO PHONE (Contact_id, Phone_type, Area_code, Number) VALUES (663, "Home", "233", "233-168-1541");
INSERT INTO PHONE (Contact_id, Phone_type, Area_code, Number) VALUES (663, "Cell", "645", "645-280-3041");
INSERT INTO ADDRESS (Contact_id, Address_type, Address, City, State, Zip) VALUES (663, "Home", "02 Onsgard Drive", "Richardson", "Texas", "");
INSERT INTO DATE (Contact_id, Date_type, Date) VALUES (661, "BirthDate", "1972-08-27");
INSERT INTO CONTACT (Contact_id, Fname, Mname, Lname) VALUES (664, "Stephie", "", "Ainscough");
INSERT INTO PHONE (Contact_id, Phone_type, Area_code, Number) VALUES (663, "Home", "233", "233-168-1541");
INSERT INTO PHONE (Contact_id, Phone_type, Area_code, Number) VALUES (664, "Cell", "435", "435-538-1508");
INSERT INTO ADDRESS (Contact_id, Address_type, Address, City, State, Zip) VALUES (664, "Work", "3 Waubesa Alley", "Allen", "Texas", "75002");
INSERT INTO DATE (Contact_id, Date_type, Date) VALUES (661, "BirthDate", "1972-08-27");
INSERT INTO CONTACT (Contact_id, Fname, Mname, Lname) VALUES (665, "Minny", "", "Drowsfield");
INSERT INTO PHONE (Contact_id, Phone_type, Area_code, Number) VALUES (665, "Work", "322", "322-293-5214");
INSERT INTO PHONE (Contact_id, Phone_type, Area_code, Number) VALUES (665, "Cell", "954", "954-437-2927");
INSERT INTO ADDRESS (Contact_id, Address_type, Address, City, State, Zip) VALUES (665, "Work", "72229 Harbort Plaza", "Richardson", "Texas", "75007");
INSERT INTO DATE (Contact_id, Date_type, Date) VALUES (661, "BirthDate", "1972-08-27");
INSERT INTO CONTACT (Contact_id, Fname, Mname, Lname) VALUES (666, "Jolene", "", "Petrolli");
INSERT INTO PHONE (Contact_id, Phone_type, Area_code, Number) VALUES (666, "Home", "604", "604-829-8721");
INSERT INTO PHONE (Contact_id, Phone_type, Area_code, Number) VALUES (666, "Cell", "785", "785-108-8544");
INSERT INTO ADDRESS (Contact_id, Address_type, Address, City, State, Zip) VALUES (666, "Home", "958 Prairieview Court", "Allen", "Texas", "");
INSERT INTO DATE (Contact_id, Date_type, Date) VALUES (661, "BirthDate", "1972-08-27");
INSERT INTO CONTACT (Contact_id, Fname, Mname, Lname) VALUES (667, "Jeanne", "Jimmie", "Borwick");
INSERT INTO PHONE (Contact_id, Phone_type, Area_code, Number) VALUES (667, "Work", "320", "320-378-5745");
INSERT INTO PHONE (Contact_id, Phone_type, Area_code, Number) VALUES (667, "Cell", "101", "101-749-1722");
INSERT INTO ADDRESS (Contact_id, Address_type, Address, City, State, Zip) VALUES (667, "Home", "2674 Monument Crossing", "Allen", "Texas", "75087");
INSERT INTO DATE (Contact_id, Date_type, Date) VALUES (667, "BirthDate", "1971-01-16");
INSERT INTO CONTACT (Contact_id, Fname, Mname, Lname) VALUES (668, "Carree", "Munroe", "Pullan");
INSERT INTO PHONE (Contact_id, Phone_type, Area_code, Number) VALUES (667, "Work", "320", "320-378-5745");
INSERT INTO PHONE (Contact_id, Phone_type, Area_code, Number) VALUES (668, "Cell", "561", "561-432-2555");
INSERT INTO ADDRESS (Contact_id, Address_type, Address, City, State, Zip) VALUES (668, "Work", "6621 Bay Point", "Dallas", "Texas", "75007");
INSERT INTO DATE (Contact_id, Date_type, Date) VALUES (668, "BirthDate", "1982-11-20");
INSERT INTO CONTACT (Contact_id, Fname, Mname, Lname) VALUES (669, "Austin", "", "Castane");
INSERT INTO PHONE (Contact_id, Phone_type, Area_code, Number) VALUES (669, "Work", "718", "718-992-5788");
INSERT INTO PHONE (Contact_id, Phone_type, Area_code, Number) VALUES (669, "Cell", "673", "673-462-7333");
INSERT INTO ADDRESS (Contact_id, Address_type, Address, City, State, Zip) VALUES (669, "Home", "6141 Summit Crossing", "Addison", "Texas", "");
INSERT INTO DATE (Contact_id, Date_type, Date) VALUES (669, "BirthDate", "1967-08-23");
INSERT INTO CONTACT (Contact_id, Fname, Mname, Lname) VALUES (670, "Cullen", "Willy", "Mongan");
INSERT INTO PHONE (Contact_id, Phone_type, Area_code, Number) VALUES (670, "Work", "866", "866-805-8565");
INSERT INTO PHONE (Contact_id, Phone_type, Area_code, Number) VALUES (670, "Cell", "193", "193-253-0563");
INSERT INTO ADDRESS (Contact_id, Address_type, Address, City, State, Zip) VALUES (670, "Home", "855 Ramsey Lane", "Plano", "Texas", "75007");
INSERT INTO DATE (Contact_id, Date_type, Date) VALUES (670, "BirthDate", "1989-10-20");
INSERT INTO CONTACT (Contact_id, Fname, Mname, Lname) VALUES (671, "Bernete", "Irina", "Schapero");
INSERT INTO PHONE (Contact_id, Phone_type, Area_code, Number) VALUES (670, "Work", "866", "866-805-8565");
INSERT INTO PHONE (Contact_id, Phone_type, Area_code, Number) VALUES (671, "Cell", "618", "618-293-4632");
INSERT INTO ADDRESS (Contact_id, Address_type, Address, City, State, Zip) VALUES (670, "Home", "855 Ramsey Lane", "Plano", "Texas", "75007");
INSERT INTO DATE (Contact_id, Date_type, Date) VALUES (670, "BirthDate", "1989-10-20");
INSERT INTO CONTACT (Contact_id, Fname, Mname, Lname) VALUES (672, "Munmro", "", "Maytum");
INSERT INTO PHONE (Contact_id, Phone_type, Area_code, Number) VALUES (672, "Work", "555", "555-601-6156");
INSERT INTO PHONE (Contact_id, Phone_type, Area_code, Number) VALUES (672, "Cell", "556", "556-259-0832");
INSERT INTO ADDRESS (Contact_id, Address_type, Address, City, State, Zip) VALUES (672, "Home", "2857 Weeping Birch Center", "Plano", "Texas", "75020");
INSERT INTO DATE (Contact_id, Date_type, Date) VALUES (672, "BirthDate", "1964-12-11");
INSERT INTO CONTACT (Contact_id, Fname, Mname, Lname) VALUES (673, "Pearce", "Mart", "Hebblewhite");
INSERT INTO PHONE (Contact_id, Phone_type, Area_code, Number) VALUES (672, "Work", "555", "555-601-6156");
INSERT INTO PHONE (Contact_id, Phone_type, Area_code, Number) VALUES (673, "Cell", "781", "781-768-0396");
INSERT INTO ADDRESS (Contact_id, Address_type, Address, City, State, Zip) VALUES (673, "Home", "692 Atwood Drive", "Richardson", "Texas", "");
INSERT INTO DATE (Contact_id, Date_type, Date) VALUES (672, "BirthDate", "1964-12-11");
INSERT INTO CONTACT (Contact_id, Fname, Mname, Lname) VALUES (674, "Korella", "", "Deadman");
INSERT INTO PHONE (Contact_id, Phone_type, Area_code, Number) VALUES (674, "Home", "506", "506-215-3265");
INSERT INTO PHONE (Contact_id, Phone_type, Area_code, Number) VALUES (674, "Cell", "447", "447-381-5940");
INSERT INTO ADDRESS (Contact_id, Address_type, Address, City, State, Zip) VALUES (674, "Work", "45 Pierstorff Parkway", "Richardson", "Texas", "75005");
INSERT INTO DATE (Contact_id, Date_type, Date) VALUES (674, "BirthDate", "1969-10-30");
INSERT INTO CONTACT (Contact_id, Fname, Mname, Lname) VALUES (675, "Rochella", "Prudy", "Damrell");
INSERT INTO PHONE (Contact_id, Phone_type, Area_code, Number) VALUES (675, "Home", "425", "425-984-6018");
INSERT INTO PHONE (Contact_id, Phone_type, Area_code, Number) VALUES (675, "Cell", "163", "163-751-8660");
INSERT INTO ADDRESS (Contact_id, Address_type, Address, City, State, Zip) VALUES (675, "Home", "436 Fremont Circle", "Allen", "Texas", "75052");
INSERT INTO DATE (Contact_id, Date_type, Date) VALUES (675, "BirthDate", "1986-06-17");
INSERT INTO CONTACT (Contact_id, Fname, Mname, Lname) VALUES (676, "Essa", "Jonie", "Bruhnke");
INSERT INTO PHONE (Contact_id, Phone_type, Area_code, Number) VALUES (676, "Home", "576", "576-848-4382");
INSERT INTO PHONE (Contact_id, Phone_type, Area_code, Number) VALUES (676, "Cell", "684", "684-808-7643");
INSERT INTO ADDRESS (Contact_id, Address_type, Address, City, State, Zip) VALUES (676, "Work", "97 Main Park", "Addison", "Texas", "75009");
INSERT INTO DATE (Contact_id, Date_type, Date) VALUES (675, "BirthDate", "1986-06-17");
INSERT INTO CONTACT (Contact_id, Fname, Mname, Lname) VALUES (677, "Marissa", "Ilyse", "Rowlatt");
INSERT INTO PHONE (Contact_id, Phone_type, Area_code, Number) VALUES (677, "Work", "567", "567-601-0882");
INSERT INTO PHONE (Contact_id, Phone_type, Area_code, Number) VALUES (677, "Cell", "160", "160-581-9197");
INSERT INTO ADDRESS (Contact_id, Address_type, Address, City, State, Zip) VALUES (677, "Home", "1766 Mifflin Court", "Dallas", "Texas", "75068");
INSERT INTO DATE (Contact_id, Date_type, Date) VALUES (677, "BirthDate", "1969-02-16");
INSERT INTO CONTACT (Contact_id, Fname, Mname, Lname) VALUES (678, "Sauncho", "Holly-anne", "Simonitto");
INSERT INTO PHONE (Contact_id, Phone_type, Area_code, Number) VALUES (678, "Work", "871", "871-803-3297");
INSERT INTO PHONE (Contact_id, Phone_type, Area_code, Number) VALUES (677, "Cell", "160", "160-581-9197");
INSERT INTO ADDRESS (Contact_id, Address_type, Address, City, State, Zip) VALUES (678, "Work", "00 Butterfield Drive", "Richardson", "Texas", "75004");
INSERT INTO DATE (Contact_id, Date_type, Date) VALUES (677, "BirthDate", "1969-02-16");
INSERT INTO CONTACT (Contact_id, Fname, Mname, Lname) VALUES (679, "Enos", "Gasper", "Starkey");
INSERT INTO PHONE (Contact_id, Phone_type, Area_code, Number) VALUES (679, "Work", "452", "452-489-9350");
INSERT INTO PHONE (Contact_id, Phone_type, Area_code, Number) VALUES (679, "Cell", "562", "562-432-5661");
INSERT INTO ADDRESS (Contact_id, Address_type, Address, City, State, Zip) VALUES (679, "Work", "03953 Bobwhite Plaza", "Plano", "Texas", "75005");
INSERT INTO DATE (Contact_id, Date_type, Date) VALUES (679, "BirthDate", "1967-01-24");
INSERT INTO CONTACT (Contact_id, Fname, Mname, Lname) VALUES (680, "Neel", "", "Dunster");
INSERT INTO PHONE (Contact_id, Phone_type, Area_code, Number) VALUES (679, "Work", "452", "452-489-9350");
INSERT INTO PHONE (Contact_id, Phone_type, Area_code, Number) VALUES (680, "Cell", "757", "757-425-1137");
INSERT INTO ADDRESS (Contact_id, Address_type, Address, City, State, Zip) VALUES (680, "Home", "0 Daystar Avenue", "Richardson", "Texas", "");
INSERT INTO DATE (Contact_id, Date_type, Date) VALUES (680, "BirthDate", "1981-06-14");
INSERT INTO CONTACT (Contact_id, Fname, Mname, Lname) VALUES (681, "Freemon", "Sandy", "Pumphreys");
INSERT INTO PHONE (Contact_id, Phone_type, Area_code, Number) VALUES (679, "Work", "452", "452-489-9350");
INSERT INTO PHONE (Contact_id, Phone_type, Area_code, Number) VALUES (681, "Cell", "274", "274-910-5493");
INSERT INTO ADDRESS (Contact_id, Address_type, Address, City, State, Zip) VALUES (680, "Home", "0 Daystar Avenue", "Richardson", "Texas", "");
INSERT INTO DATE (Contact_id, Date_type, Date) VALUES (681, "BirthDate", "1985-06-21");
INSERT INTO CONTACT (Contact_id, Fname, Mname, Lname) VALUES (682, "Hillary", "Sherman", "Reinert");
INSERT INTO PHONE (Contact_id, Phone_type, Area_code, Number) VALUES (682, "Home", "196", "196-291-3176");
INSERT INTO PHONE (Contact_id, Phone_type, Area_code, Number) VALUES (682, "Cell", "317", "317-371-5353");
INSERT INTO ADDRESS (Contact_id, Address_type, Address, City, State, Zip) VALUES (682, "Work", "20891 Vernon Plaza", "Dallas", "Texas", "75004");
INSERT INTO DATE (Contact_id, Date_type, Date) VALUES (682, "BirthDate", "1966-07-15");
INSERT INTO CONTACT (Contact_id, Fname, Mname, Lname) VALUES (683, "Ashlee", "Garald", "Lots");
INSERT INTO PHONE (Contact_id, Phone_type, Area_code, Number) VALUES (683, "Work", "650", "650-980-1375");
INSERT INTO PHONE (Contact_id, Phone_type, Area_code, Number) VALUES (682, "Cell", "317", "317-371-5353");
INSERT INTO ADDRESS (Contact_id, Address_type, Address, City, State, Zip) VALUES (683, "Work", "8642 Havey Plaza", "Plano", "Texas", "75002");
INSERT INTO DATE (Contact_id, Date_type, Date) VALUES (683, "BirthDate", "1988-02-09");
INSERT INTO CONTACT (Contact_id, Fname, Mname, Lname) VALUES (684, "Collette", "", "Landre");
INSERT INTO PHONE (Contact_id, Phone_type, Area_code, Number) VALUES (684, "Work", "269", "269-345-1175");
INSERT INTO PHONE (Contact_id, Phone_type, Area_code, Number) VALUES (684, "Cell", "264", "264-835-9479");
INSERT INTO ADDRESS (Contact_id, Address_type, Address, City, State, Zip) VALUES (684, "Home", "21 Brickson Park Plaza", "Allen", "Texas", "");
INSERT INTO DATE (Contact_id, Date_type, Date) VALUES (684, "BirthDate", "1987-06-22");
INSERT INTO CONTACT (Contact_id, Fname, Mname, Lname) VALUES (685, "Benedicta", "", "Heading");
INSERT INTO PHONE (Contact_id, Phone_type, Area_code, Number) VALUES (685, "Work", "134", "134-548-9619");
INSERT INTO PHONE (Contact_id, Phone_type, Area_code, Number) VALUES (685, "Cell", "890", "890-909-3556");
INSERT INTO ADDRESS (Contact_id, Address_type, Address, City, State, Zip) VALUES (684, "Home", "21 Brickson Park Plaza", "Allen", "Texas", "");
INSERT INTO DATE (Contact_id, Date_type, Date) VALUES (684, "BirthDate", "1987-06-22");
INSERT INTO CONTACT (Contact_id, Fname, Mname, Lname) VALUES (686, "Estell", "Levy", "MacPike");
INSERT INTO PHONE (Contact_id, Phone_type, Area_code, Number) VALUES (686, "Work", "485", "485-816-4440");
INSERT INTO PHONE (Contact_id, Phone_type, Area_code, Number) VALUES (686, "Cell", "239", "239-186-1659");
INSERT INTO ADDRESS (Contact_id, Address_type, Address, City, State, Zip) VALUES (686, "Work", "38283 Kennedy Court", "Richardson", "Texas", "75005");
INSERT INTO DATE (Contact_id, Date_type, Date) VALUES (686, "BirthDate", "1983-03-27");
INSERT INTO CONTACT (Contact_id, Fname, Mname, Lname) VALUES (687, "Elna", "Marysa", "Farlane");
INSERT INTO PHONE (Contact_id, Phone_type, Area_code, Number) VALUES (687, "Work", "363", "363-899-7487");
INSERT INTO PHONE (Contact_id, Phone_type, Area_code, Number) VALUES (687, "Cell", "341", "341-209-4793");
INSERT INTO ADDRESS (Contact_id, Address_type, Address, City, State, Zip) VALUES (687, "Work", "2576 Kennedy Road", "Allen", "Texas", "75005");
INSERT INTO DATE (Contact_id, Date_type, Date) VALUES (687, "BirthDate", "1988-02-10");
INSERT INTO CONTACT (Contact_id, Fname, Mname, Lname) VALUES (688, "Bent", "Yance", "Braben");
INSERT INTO PHONE (Contact_id, Phone_type, Area_code, Number) VALUES (688, "Home", "839", "839-383-0122");
INSERT INTO PHONE (Contact_id, Phone_type, Area_code, Number) VALUES (688, "Cell", "162", "162-671-9486");
INSERT INTO ADDRESS (Contact_id, Address_type, Address, City, State, Zip) VALUES (688, "Work", "534 Menomonie Street", "Dallas", "Texas", "75007");
INSERT INTO DATE (Contact_id, Date_type, Date) VALUES (688, "BirthDate", "1992-05-28");
INSERT INTO CONTACT (Contact_id, Fname, Mname, Lname) VALUES (689, "Hamilton", "Stephen", "Officer");
INSERT INTO PHONE (Contact_id, Phone_type, Area_code, Number) VALUES (689, "Home", "415", "415-325-9256");
INSERT INTO PHONE (Contact_id, Phone_type, Area_code, Number) VALUES (689, "Cell", "497", "497-485-7292");
INSERT INTO ADDRESS (Contact_id, Address_type, Address, City, State, Zip) VALUES (689, "Home", "10220 Golden Leaf Lane", "Richardson", "Texas", "75057");
INSERT INTO DATE (Contact_id, Date_type, Date) VALUES (688, "BirthDate", "1992-05-28");
INSERT INTO CONTACT (Contact_id, Fname, Mname, Lname) VALUES (690, "Ellyn", "Vaughn", "Veeler");
INSERT INTO PHONE (Contact_id, Phone_type, Area_code, Number) VALUES (690, "Home", "374", "374-172-8318");
INSERT INTO PHONE (Contact_id, Phone_type, Area_code, Number) VALUES (689, "Cell", "497", "497-485-7292");
INSERT INTO ADDRESS (Contact_id, Address_type, Address, City, State, Zip) VALUES (690, "Work", "15426 Duke Hill", "Plano", "Texas", "75008");
INSERT INTO DATE (Contact_id, Date_type, Date) VALUES (690, "BirthDate", "1984-08-16");
INSERT INTO CONTACT (Contact_id, Fname, Mname, Lname) VALUES (691, "Otto", "Dyann", "Casassa");
INSERT INTO PHONE (Contact_id, Phone_type, Area_code, Number) VALUES (691, "Work", "951", "951-845-9890");
INSERT INTO PHONE (Contact_id, Phone_type, Area_code, Number) VALUES (691, "Cell", "337", "337-757-3696");
INSERT INTO ADDRESS (Contact_id, Address_type, Address, City, State, Zip) VALUES (691, "Work", "266 Jana Plaza", "Plano", "Texas", "75001");
INSERT INTO DATE (Contact_id, Date_type, Date) VALUES (690, "BirthDate", "1984-08-16");
INSERT INTO CONTACT (Contact_id, Fname, Mname, Lname) VALUES (692, "Karla", "Hertha", "Lukash");
INSERT INTO PHONE (Contact_id, Phone_type, Area_code, Number) VALUES (691, "Work", "951", "951-845-9890");
INSERT INTO PHONE (Contact_id, Phone_type, Area_code, Number) VALUES (692, "Cell", "339", "339-607-5392");
INSERT INTO ADDRESS (Contact_id, Address_type, Address, City, State, Zip) VALUES (692, "Work", "75536 Sauthoff Pass", "Addison", "Texas", "75003");
INSERT INTO DATE (Contact_id, Date_type, Date) VALUES (692, "BirthDate", "1990-02-12");
INSERT INTO CONTACT (Contact_id, Fname, Mname, Lname) VALUES (693, "Dmitri", "", "Sifflett");
INSERT INTO PHONE (Contact_id, Phone_type, Area_code, Number) VALUES (693, "Work", "407", "407-368-1194");
INSERT INTO PHONE (Contact_id, Phone_type, Area_code, Number) VALUES (693, "Cell", "126", "126-960-8267");
INSERT INTO ADDRESS (Contact_id, Address_type, Address, City, State, Zip) VALUES (693, "Work", "68443 Bonner Junction", "Allen", "Texas", "75009");
INSERT INTO DATE (Contact_id, Date_type, Date) VALUES (692, "BirthDate", "1990-02-12");
INSERT INTO CONTACT (Contact_id, Fname, Mname, Lname) VALUES (694, "Ayn", "", "Menauteau");
INSERT INTO PHONE (Contact_id, Phone_type, Area_code, Number) VALUES (694, "Work", "999", "999-162-2933");
INSERT INTO PHONE (Contact_id, Phone_type, Area_code, Number) VALUES (694, "Cell", "809", "809-583-0617");
INSERT INTO ADDRESS (Contact_id, Address_type, Address, City, State, Zip) VALUES (694, "Work", "8198 Graedel Terrace", "Allen", "Texas", "75009");
INSERT INTO DATE (Contact_id, Date_type, Date) VALUES (692, "BirthDate", "1990-02-12");
INSERT INTO CONTACT (Contact_id, Fname, Mname, Lname) VALUES (695, "Isaiah", "", "Bradd");
INSERT INTO PHONE (Contact_id, Phone_type, Area_code, Number) VALUES (695, "Work", "579", "579-234-7739");
INSERT INTO PHONE (Contact_id, Phone_type, Area_code, Number) VALUES (695, "Cell", "870", "870-269-9664");
INSERT INTO ADDRESS (Contact_id, Address_type, Address, City, State, Zip) VALUES (694, "Work", "8198 Graedel Terrace", "Allen", "Texas", "75009");
INSERT INTO DATE (Contact_id, Date_type, Date) VALUES (695, "BirthDate", "1983-06-28");
INSERT INTO CONTACT (Contact_id, Fname, Mname, Lname) VALUES (696, "Edgard", "", "Crimpe");
INSERT INTO PHONE (Contact_id, Phone_type, Area_code, Number) VALUES (696, "Work", "166", "166-989-9371");
INSERT INTO PHONE (Contact_id, Phone_type, Area_code, Number) VALUES (696, "Cell", "237", "237-158-0791");
INSERT INTO ADDRESS (Contact_id, Address_type, Address, City, State, Zip) VALUES (696, "Home", "69493 Amoth Alley", "Plano", "Texas", "75023");
INSERT INTO DATE (Contact_id, Date_type, Date) VALUES (696, "BirthDate", "1973-08-07");
INSERT INTO CONTACT (Contact_id, Fname, Mname, Lname) VALUES (697, "Quillan", "", "Penhearow");
INSERT INTO PHONE (Contact_id, Phone_type, Area_code, Number) VALUES (697, "Work", "609", "609-821-9967");
INSERT INTO PHONE (Contact_id, Phone_type, Area_code, Number) VALUES (697, "Cell", "229", "229-141-3801");
INSERT INTO ADDRESS (Contact_id, Address_type, Address, City, State, Zip) VALUES (697, "Work", "91786 Rockefeller Drive", "Addison", "Texas", "75002");
INSERT INTO DATE (Contact_id, Date_type, Date) VALUES (696, "BirthDate", "1973-08-07");
INSERT INTO CONTACT (Contact_id, Fname, Mname, Lname) VALUES (698, "Vincenty", "", "Giacobazzi");
INSERT INTO PHONE (Contact_id, Phone_type, Area_code, Number) VALUES (698, "Work", "992", "992-895-3755");
INSERT INTO PHONE (Contact_id, Phone_type, Area_code, Number) VALUES (698, "Cell", "839", "839-794-3611");
INSERT INTO ADDRESS (Contact_id, Address_type, Address, City, State, Zip) VALUES (698, "Work", "3847 Morningstar Court", "Richardson", "Texas", "75002");
INSERT INTO DATE (Contact_id, Date_type, Date) VALUES (698, "BirthDate", "1977-06-16");
INSERT INTO CONTACT (Contact_id, Fname, Mname, Lname) VALUES (699, "Fianna", "", "Dockree");
INSERT INTO PHONE (Contact_id, Phone_type, Area_code, Number) VALUES (699, "Work", "852", "852-989-9589");
INSERT INTO PHONE (Contact_id, Phone_type, Area_code, Number) VALUES (699, "Cell", "349", "349-430-5535");
INSERT INTO ADDRESS (Contact_id, Address_type, Address, City, State, Zip) VALUES (699, "Work", "26 Banding Trail", "Allen", "Texas", "75002");
INSERT INTO DATE (Contact_id, Date_type, Date) VALUES (699, "BirthDate", "1987-11-02");
INSERT INTO CONTACT (Contact_id, Fname, Mname, Lname) VALUES (700, "Carlyle", "", "Gillbanks");
INSERT INTO PHONE (Contact_id, Phone_type, Area_code, Number) VALUES (700, "Home", "464", "464-824-7570");
INSERT INTO PHONE (Contact_id, Phone_type, Area_code, Number) VALUES (700, "Cell", "892", "892-606-6875");
INSERT INTO ADDRESS (Contact_id, Address_type, Address, City, State, Zip) VALUES (700, "Home", "0 Summit Alley", "Dallas", "Texas", "");
INSERT INTO DATE (Contact_id, Date_type, Date) VALUES (700, "BirthDate", "1965-04-19");
INSERT INTO CONTACT (Contact_id, Fname, Mname, Lname) VALUES (701, "Queenie", "", "Billborough");
INSERT INTO PHONE (Contact_id, Phone_type, Area_code, Number) VALUES (701, "Work", "238", "238-350-8604");
INSERT INTO PHONE (Contact_id, Phone_type, Area_code, Number) VALUES (700, "Cell", "892", "892-606-6875");
INSERT INTO ADDRESS (Contact_id, Address_type, Address, City, State, Zip) VALUES (701, "Work", "6941 Superior Hill", "Plano", "Texas", "75001");
INSERT INTO DATE (Contact_id, Date_type, Date) VALUES (701, "BirthDate", "1969-06-05");
INSERT INTO CONTACT (Contact_id, Fname, Mname, Lname) VALUES (702, "Karrie", "", "Keri");
INSERT INTO PHONE (Contact_id, Phone_type, Area_code, Number) VALUES (702, "Work", "149", "149-682-6017");
INSERT INTO PHONE (Contact_id, Phone_type, Area_code, Number) VALUES (702, "Cell", "628", "628-471-7410");
INSERT INTO ADDRESS (Contact_id, Address_type, Address, City, State, Zip) VALUES (702, "Work", "83998 Donald Avenue", "Addison", "Texas", "75003");
INSERT INTO DATE (Contact_id, Date_type, Date) VALUES (702, "BirthDate", "1964-12-03");
INSERT INTO CONTACT (Contact_id, Fname, Mname, Lname) VALUES (703, "Henri", "Manfred", "Tolossi");
INSERT INTO PHONE (Contact_id, Phone_type, Area_code, Number) VALUES (703, "Work", "748", "748-780-1052");
INSERT INTO PHONE (Contact_id, Phone_type, Area_code, Number) VALUES (703, "Cell", "245", "245-865-9040");
INSERT INTO ADDRESS (Contact_id, Address_type, Address, City, State, Zip) VALUES (703, "Home", "7260 Laurel Alley", "Richardson", "Texas", "75064");
INSERT INTO DATE (Contact_id, Date_type, Date) VALUES (703, "BirthDate", "1974-06-12");
INSERT INTO CONTACT (Contact_id, Fname, Mname, Lname) VALUES (704, "Kincaid", "Deedee", "Lennard");
INSERT INTO PHONE (Contact_id, Phone_type, Area_code, Number) VALUES (704, "Work", "206", "206-596-6259");
INSERT INTO PHONE (Contact_id, Phone_type, Area_code, Number) VALUES (704, "Cell", "561", "561-504-5497");
INSERT INTO ADDRESS (Contact_id, Address_type, Address, City, State, Zip) VALUES (704, "Home", "2 Eliot Way", "Addison", "Texas", "75082");
INSERT INTO DATE (Contact_id, Date_type, Date) VALUES (704, "BirthDate", "1983-09-02");
INSERT INTO CONTACT (Contact_id, Fname, Mname, Lname) VALUES (705, "Hubey", "Ted", "Frodsam");
INSERT INTO PHONE (Contact_id, Phone_type, Area_code, Number) VALUES (705, "Work", "112", "112-354-2818");
INSERT INTO PHONE (Contact_id, Phone_type, Area_code, Number) VALUES (705, "Cell", "676", "676-298-1608");
INSERT INTO ADDRESS (Contact_id, Address_type, Address, City, State, Zip) VALUES (705, "Work", "1322 Fair Oaks Park", "Allen", "Texas", "75001");
INSERT INTO DATE (Contact_id, Date_type, Date) VALUES (704, "BirthDate", "1983-09-02");
INSERT INTO CONTACT (Contact_id, Fname, Mname, Lname) VALUES (706, "Cross", "Vin", "Holah");
INSERT INTO PHONE (Contact_id, Phone_type, Area_code, Number) VALUES (706, "Work", "591", "591-884-2691");
INSERT INTO PHONE (Contact_id, Phone_type, Area_code, Number) VALUES (706, "Cell", "994", "994-903-1104");
INSERT INTO ADDRESS (Contact_id, Address_type, Address, City, State, Zip) VALUES (706, "Work", "06754 Meadow Vale Center", "Dallas", "Texas", "75001");
INSERT INTO DATE (Contact_id, Date_type, Date) VALUES (706, "BirthDate", "1984-10-22");
INSERT INTO CONTACT (Contact_id, Fname, Mname, Lname) VALUES (707, "Aubry", "Cristiano", "Coyish");
INSERT INTO PHONE (Contact_id, Phone_type, Area_code, Number) VALUES (707, "Work", "383", "383-473-7913");
INSERT INTO PHONE (Contact_id, Phone_type, Area_code, Number) VALUES (707, "Cell", "700", "700-722-7992");
INSERT INTO ADDRESS (Contact_id, Address_type, Address, City, State, Zip) VALUES (707, "Home", "17946 Union Drive", "Addison", "Texas", "75085");
INSERT INTO DATE (Contact_id, Date_type, Date) VALUES (707, "BirthDate", "1967-04-29");
INSERT INTO CONTACT (Contact_id, Fname, Mname, Lname) VALUES (708, "Derron", "Laurena", "Tinmouth");
INSERT INTO PHONE (Contact_id, Phone_type, Area_code, Number) VALUES (708, "Work", "254", "254-973-0667");
INSERT INTO PHONE (Contact_id, Phone_type, Area_code, Number) VALUES (708, "Cell", "240", "240-698-4944");
INSERT INTO ADDRESS (Contact_id, Address_type, Address, City, State, Zip) VALUES (708, "Home", "6 6th Place", "Plano", "Texas", "75040");
INSERT INTO DATE (Contact_id, Date_type, Date) VALUES (708, "BirthDate", "1996-12-06");
INSERT INTO CONTACT (Contact_id, Fname, Mname, Lname) VALUES (709, "Justus", "", "Breed");
INSERT INTO PHONE (Contact_id, Phone_type, Area_code, Number) VALUES (709, "Work", "888", "888-463-5289");
INSERT INTO PHONE (Contact_id, Phone_type, Area_code, Number) VALUES (709, "Cell", "454", "454-212-6861");
INSERT INTO ADDRESS (Contact_id, Address_type, Address, City, State, Zip) VALUES (709, "Work", "93 Moose Alley", "Richardson", "Texas", "75004");
INSERT INTO DATE (Contact_id, Date_type, Date) VALUES (708, "BirthDate", "1996-12-06");
INSERT INTO CONTACT (Contact_id, Fname, Mname, Lname) VALUES (710, "Rosamond", "Marta", "Trahar");
INSERT INTO PHONE (Contact_id, Phone_type, Area_code, Number) VALUES (710, "Work", "609", "609-798-6342");
INSERT INTO PHONE (Contact_id, Phone_type, Area_code, Number) VALUES (710, "Cell", "707", "707-822-5697");
INSERT INTO ADDRESS (Contact_id, Address_type, Address, City, State, Zip) VALUES (710, "Home", "6161 Clyde Gallagher Parkway", "Dallas", "Texas", "75034");
INSERT INTO DATE (Contact_id, Date_type, Date) VALUES (708, "BirthDate", "1996-12-06");
INSERT INTO CONTACT (Contact_id, Fname, Mname, Lname) VALUES (711, "Jens", "Rogers", "Gerbel");
INSERT INTO PHONE (Contact_id, Phone_type, Area_code, Number) VALUES (711, "Work", "508", "508-782-4142");
INSERT INTO PHONE (Contact_id, Phone_type, Area_code, Number) VALUES (711, "Cell", "560", "560-301-6536");
INSERT INTO ADDRESS (Contact_id, Address_type, Address, City, State, Zip) VALUES (711, "Home", "3 Troy Road", "Addison", "Texas", "");
INSERT INTO DATE (Contact_id, Date_type, Date) VALUES (711, "BirthDate", "1987-08-09");
INSERT INTO CONTACT (Contact_id, Fname, Mname, Lname) VALUES (712, "Ebba", "", "Boal");
INSERT INTO PHONE (Contact_id, Phone_type, Area_code, Number) VALUES (712, "Work", "889", "889-840-9544");
INSERT INTO PHONE (Contact_id, Phone_type, Area_code, Number) VALUES (712, "Cell", "278", "278-450-9238");
INSERT INTO ADDRESS (Contact_id, Address_type, Address, City, State, Zip) VALUES (712, "Home", "4169 Namekagon Park", "Plano", "Texas", "75015");
INSERT INTO DATE (Contact_id, Date_type, Date) VALUES (712, "BirthDate", "1983-12-23");
INSERT INTO CONTACT (Contact_id, Fname, Mname, Lname) VALUES (713, "Marcelo", "", "Fearn");
INSERT INTO PHONE (Contact_id, Phone_type, Area_code, Number) VALUES (713, "Work", "364", "364-340-3725");
INSERT INTO PHONE (Contact_id, Phone_type, Area_code, Number) VALUES (713, "Cell", "426", "426-933-5180");
INSERT INTO ADDRESS (Contact_id, Address_type, Address, City, State, Zip) VALUES (712, "Home", "4169 Namekagon Park", "Plano", "Texas", "75015");
INSERT INTO DATE (Contact_id, Date_type, Date) VALUES (713, "BirthDate", "1983-04-05");
INSERT INTO CONTACT (Contact_id, Fname, Mname, Lname) VALUES (714, "Charis", "", "Demicoli");
INSERT INTO PHONE (Contact_id, Phone_type, Area_code, Number) VALUES (713, "Work", "364", "364-340-3725");
INSERT INTO PHONE (Contact_id, Phone_type, Area_code, Number) VALUES (714, "Cell", "331", "331-672-2921");
INSERT INTO ADDRESS (Contact_id, Address_type, Address, City, State, Zip) VALUES (714, "Work", "55290 Meadow Vale Lane", "Allen", "Texas", "75002");
INSERT INTO DATE (Contact_id, Date_type, Date) VALUES (714, "BirthDate", "1967-04-16");
INSERT INTO CONTACT (Contact_id, Fname, Mname, Lname) VALUES (715, "Rosemarie", "Richardo", "Braxton");
INSERT INTO PHONE (Contact_id, Phone_type, Area_code, Number) VALUES (715, "Work", "141", "141-935-9216");
INSERT INTO PHONE (Contact_id, Phone_type, Area_code, Number) VALUES (715, "Cell", "384", "384-866-2152");
INSERT INTO ADDRESS (Contact_id, Address_type, Address, City, State, Zip) VALUES (715, "Work", "01053 Pond Terrace", "Plano", "Texas", "75007");
INSERT INTO DATE (Contact_id, Date_type, Date) VALUES (715, "BirthDate", "1966-09-23");
INSERT INTO CONTACT (Contact_id, Fname, Mname, Lname) VALUES (716, "Pru", "Gavin", "Skone");
INSERT INTO PHONE (Contact_id, Phone_type, Area_code, Number) VALUES (716, "Home", "415", "415-399-0433");
INSERT INTO PHONE (Contact_id, Phone_type, Area_code, Number) VALUES (716, "Cell", "893", "893-921-2595");
INSERT INTO ADDRESS (Contact_id, Address_type, Address, City, State, Zip) VALUES (716, "Work", "2 Meadow Vale Avenue", "Addison", "Texas", "75003");
INSERT INTO DATE (Contact_id, Date_type, Date) VALUES (716, "BirthDate", "1979-10-14");
INSERT INTO CONTACT (Contact_id, Fname, Mname, Lname) VALUES (717, "Sonnie", "Ashley", "Mountfort");
INSERT INTO PHONE (Contact_id, Phone_type, Area_code, Number) VALUES (717, "Home", "565", "565-700-1642");
INSERT INTO PHONE (Contact_id, Phone_type, Area_code, Number) VALUES (717, "Cell", "635", "635-914-0041");
INSERT INTO ADDRESS (Contact_id, Address_type, Address, City, State, Zip) VALUES (717, "Home", "13053 American Drive", "Dallas", "Texas", "75004");
INSERT INTO DATE (Contact_id, Date_type, Date) VALUES (717, "BirthDate", "1992-11-17");
INSERT INTO CONTACT (Contact_id, Fname, Mname, Lname) VALUES (718, "Sandro", "", "Hitzmann");
INSERT INTO PHONE (Contact_id, Phone_type, Area_code, Number) VALUES (718, "Work", "850", "850-445-3974");
INSERT INTO PHONE (Contact_id, Phone_type, Area_code, Number) VALUES (718, "Cell", "438", "438-600-3714");
INSERT INTO ADDRESS (Contact_id, Address_type, Address, City, State, Zip) VALUES (717, "Home", "13053 American Drive", "Dallas", "Texas", "75004");
INSERT INTO DATE (Contact_id, Date_type, Date) VALUES (717, "BirthDate", "1992-11-17");
INSERT INTO CONTACT (Contact_id, Fname, Mname, Lname) VALUES (719, "Willabella", "", "Gerrit");
INSERT INTO PHONE (Contact_id, Phone_type, Area_code, Number) VALUES (719, "Home", "359", "359-471-4507");
INSERT INTO PHONE (Contact_id, Phone_type, Area_code, Number) VALUES (719, "Cell", "383", "383-613-1514");
INSERT INTO ADDRESS (Contact_id, Address_type, Address, City, State, Zip) VALUES (717, "Home", "13053 American Drive", "Dallas", "Texas", "75004");
INSERT INTO DATE (Contact_id, Date_type, Date) VALUES (717, "BirthDate", "1992-11-17");
INSERT INTO CONTACT (Contact_id, Fname, Mname, Lname) VALUES (720, "Wilmer", "Towney", "Bellchamber");
INSERT INTO PHONE (Contact_id, Phone_type, Area_code, Number) VALUES (720, "Work", "430", "430-815-8673");
INSERT INTO PHONE (Contact_id, Phone_type, Area_code, Number) VALUES (720, "Cell", "416", "416-209-2963");
INSERT INTO ADDRESS (Contact_id, Address_type, Address, City, State, Zip) VALUES (720, "Home", "2132 Eastwood Place", "Plano", "Texas", "75076");
INSERT INTO DATE (Contact_id, Date_type, Date) VALUES (720, "BirthDate", "1986-01-04");
INSERT INTO CONTACT (Contact_id, Fname, Mname, Lname) VALUES (721, "Ezechiel", "", "MacAlpin");
INSERT INTO PHONE (Contact_id, Phone_type, Area_code, Number) VALUES (721, "Work", "264", "264-149-5605");
INSERT INTO PHONE (Contact_id, Phone_type, Area_code, Number) VALUES (720, "Cell", "416", "416-209-2963");
INSERT INTO ADDRESS (Contact_id, Address_type, Address, City, State, Zip) VALUES (721, "Home", "0758 Kings Drive", "Dallas", "Texas", "");
INSERT INTO DATE (Contact_id, Date_type, Date) VALUES (721, "BirthDate", "1977-10-18");
INSERT INTO CONTACT (Contact_id, Fname, Mname, Lname) VALUES (722, "Gael", "Sheba", "Brookfield");
INSERT INTO PHONE (Contact_id, Phone_type, Area_code, Number) VALUES (722, "Work", "792", "792-811-0958");
INSERT INTO PHONE (Contact_id, Phone_type, Area_code, Number) VALUES (722, "Cell", "654", "654-821-9595");
INSERT INTO ADDRESS (Contact_id, Address_type, Address, City, State, Zip) VALUES (722, "Home", "59 Emmet Crossing", "Plano", "Texas", "75069");
INSERT INTO DATE (Contact_id, Date_type, Date) VALUES (722, "BirthDate", "1992-04-17");
INSERT INTO CONTACT (Contact_id, Fname, Mname, Lname) VALUES (723, "Reamonn", "Penny", "Puckrin");
INSERT INTO PHONE (Contact_id, Phone_type, Area_code, Number) VALUES (723, "Home", "526", "526-739-2732");
INSERT INTO PHONE (Contact_id, Phone_type, Area_code, Number) VALUES (723, "Cell", "435", "435-665-2796");
INSERT INTO ADDRESS (Contact_id, Address_type, Address, City, State, Zip) VALUES (723, "Home", "93 Dapin Court", "Allen", "Texas", "75024");
INSERT INTO DATE (Contact_id, Date_type, Date) VALUES (723, "BirthDate", "1994-06-03");
INSERT INTO CONTACT (Contact_id, Fname, Mname, Lname) VALUES (724, "Pepi", "", "Pook");
INSERT INTO PHONE (Contact_id, Phone_type, Area_code, Number) VALUES (723, "Home", "526", "526-739-2732");
INSERT INTO PHONE (Contact_id, Phone_type, Area_code, Number) VALUES (724, "Cell", "850", "850-527-5802");
INSERT INTO ADDRESS (Contact_id, Address_type, Address, City, State, Zip) VALUES (724, "Home", "2 Dahle Hill", "Allen", "Texas", "");
INSERT INTO DATE (Contact_id, Date_type, Date) VALUES (724, "BirthDate", "1981-02-14");
INSERT INTO CONTACT (Contact_id, Fname, Mname, Lname) VALUES (725, "Holt", "", "July");
INSERT INTO PHONE (Contact_id, Phone_type, Area_code, Number) VALUES (725, "Work", "702", "702-583-6644");
INSERT INTO PHONE (Contact_id, Phone_type, Area_code, Number) VALUES (725, "Cell", "571", "571-782-3790");
INSERT INTO ADDRESS (Contact_id, Address_type, Address, City, State, Zip) VALUES (725, "Work", "8180 Brickson Park Hill", "Richardson", "Texas", "75005");
INSERT INTO DATE (Contact_id, Date_type, Date) VALUES (725, "BirthDate", "1977-12-21");
INSERT INTO CONTACT (Contact_id, Fname, Mname, Lname) VALUES (726, "Llywellyn", "", "Jakubczyk");
INSERT INTO PHONE (Contact_id, Phone_type, Area_code, Number) VALUES (726, "Work", "826", "826-706-0583");
INSERT INTO PHONE (Contact_id, Phone_type, Area_code, Number) VALUES (726, "Cell", "570", "570-123-4717");
INSERT INTO ADDRESS (Contact_id, Address_type, Address, City, State, Zip) VALUES (726, "Work", "2 Hollow Ridge Point", "Allen", "Texas", "75005");
INSERT INTO DATE (Contact_id, Date_type, Date) VALUES (726, "BirthDate", "1988-10-15");
INSERT INTO CONTACT (Contact_id, Fname, Mname, Lname) VALUES (727, "Dre", "", "Greenhill");
INSERT INTO PHONE (Contact_id, Phone_type, Area_code, Number) VALUES (727, "Home", "963", "963-468-8531");
INSERT INTO PHONE (Contact_id, Phone_type, Area_code, Number) VALUES (727, "Cell", "129", "129-995-6104");
INSERT INTO ADDRESS (Contact_id, Address_type, Address, City, State, Zip) VALUES (727, "Work", "059 Twin Pines Plaza", "Dallas", "Texas", "75007");
INSERT INTO DATE (Contact_id, Date_type, Date) VALUES (727, "BirthDate", "1968-04-12");
INSERT INTO CONTACT (Contact_id, Fname, Mname, Lname) VALUES (728, "Monica", "Jermayne", "Moulton");
INSERT INTO PHONE (Contact_id, Phone_type, Area_code, Number) VALUES (728, "Home", "362", "362-702-8075");
INSERT INTO PHONE (Contact_id, Phone_type, Area_code, Number) VALUES (728, "Cell", "163", "163-119-9054");
INSERT INTO ADDRESS (Contact_id, Address_type, Address, City, State, Zip) VALUES (728, "Work", "66535 Red Cloud Alley", "Richardson", "Texas", "75007");
INSERT INTO DATE (Contact_id, Date_type, Date) VALUES (728, "BirthDate", "1993-04-23");
INSERT INTO CONTACT (Contact_id, Fname, Mname, Lname) VALUES (729, "Fifi", "", "Priestland");
INSERT INTO PHONE (Contact_id, Phone_type, Area_code, Number) VALUES (728, "Home", "362", "362-702-8075");
INSERT INTO PHONE (Contact_id, Phone_type, Area_code, Number) VALUES (728, "Cell", "163", "163-119-9054");
INSERT INTO ADDRESS (Contact_id, Address_type, Address, City, State, Zip) VALUES (728, "Work", "66535 Red Cloud Alley", "Richardson", "Texas", "75007");
INSERT INTO DATE (Contact_id, Date_type, Date) VALUES (728, "BirthDate", "1993-04-23");
INSERT INTO CONTACT (Contact_id, Fname, Mname, Lname) VALUES (730, "Alicea", "", "Zealy");
INSERT INTO PHONE (Contact_id, Phone_type, Area_code, Number) VALUES (730, "Home", "473", "473-852-0193");
INSERT INTO PHONE (Contact_id, Phone_type, Area_code, Number) VALUES (730, "Cell", "942", "942-322-0366");
INSERT INTO ADDRESS (Contact_id, Address_type, Address, City, State, Zip) VALUES (728, "Work", "66535 Red Cloud Alley", "Richardson", "Texas", "75007");
INSERT INTO DATE (Contact_id, Date_type, Date) VALUES (730, "BirthDate", "1990-08-12");
INSERT INTO CONTACT (Contact_id, Fname, Mname, Lname) VALUES (731, "Alfi", "Othella", "Josum");
INSERT INTO PHONE (Contact_id, Phone_type, Area_code, Number) VALUES (731, "Work", "927", "927-159-9833");
INSERT INTO PHONE (Contact_id, Phone_type, Area_code, Number) VALUES (731, "Cell", "446", "446-663-3234");
INSERT INTO ADDRESS (Contact_id, Address_type, Address, City, State, Zip) VALUES (731, "Home", "24 Center Hill", "Dallas", "Texas", "75038");
INSERT INTO DATE (Contact_id, Date_type, Date) VALUES (730, "BirthDate", "1990-08-12");
INSERT INTO CONTACT (Contact_id, Fname, Mname, Lname) VALUES (732, "Nonie", "", "Dalzell");
INSERT INTO PHONE (Contact_id, Phone_type, Area_code, Number) VALUES (732, "Work", "423", "423-737-5515");
INSERT INTO PHONE (Contact_id, Phone_type, Area_code, Number) VALUES (732, "Cell", "407", "407-294-3291");
INSERT INTO ADDRESS (Contact_id, Address_type, Address, City, State, Zip) VALUES (732, "Home", "1473 Farmco Circle", "Plano", "Texas", "75050");
INSERT INTO DATE (Contact_id, Date_type, Date) VALUES (732, "BirthDate", "1970-07-27");
INSERT INTO CONTACT (Contact_id, Fname, Mname, Lname) VALUES (733, "Elvera", "Philippine", "Dimeloe");
INSERT INTO PHONE (Contact_id, Phone_type, Area_code, Number) VALUES (733, "Home", "467", "467-386-2020");
INSERT INTO PHONE (Contact_id, Phone_type, Area_code, Number) VALUES (733, "Cell", "412", "412-873-1963");
INSERT INTO ADDRESS (Contact_id, Address_type, Address, City, State, Zip) VALUES (733, "Work", "35 Stang Lane", "Richardson", "Texas", "75001");
INSERT INTO DATE (Contact_id, Date_type, Date) VALUES (733, "BirthDate", "1980-08-18");
INSERT INTO CONTACT (Contact_id, Fname, Mname, Lname) VALUES (734, "Lindon", "", "Wrangle");
INSERT INTO PHONE (Contact_id, Phone_type, Area_code, Number) VALUES (734, "Work", "698", "698-905-7989");
INSERT INTO PHONE (Contact_id, Phone_type, Area_code, Number) VALUES (734, "Cell", "198", "198-353-0171");
INSERT INTO ADDRESS (Contact_id, Address_type, Address, City, State, Zip) VALUES (734, "Work", "72441 Thierer Plaza", "Addison", "Texas", "75008");
INSERT INTO DATE (Contact_id, Date_type, Date) VALUES (734, "BirthDate", "1967-11-21");
INSERT INTO CONTACT (Contact_id, Fname, Mname, Lname) VALUES (735, "Raddie", "Kirstin", "Krugmann");
INSERT INTO PHONE (Contact_id, Phone_type, Area_code, Number) VALUES (735, "Work", "907", "907-792-5792");
INSERT INTO PHONE (Contact_id, Phone_type, Area_code, Number) VALUES (735, "Cell", "566", "566-144-1490");
INSERT INTO ADDRESS (Contact_id, Address_type, Address, City, State, Zip) VALUES (735, "Home", "990 Northview Court", "Plano", "Texas", "75057");
INSERT INTO DATE (Contact_id, Date_type, Date) VALUES (735, "BirthDate", "1994-07-30");
INSERT INTO CONTACT (Contact_id, Fname, Mname, Lname) VALUES (736, "Elwin", "Fayre", "Farr");
INSERT INTO PHONE (Contact_id, Phone_type, Area_code, Number) VALUES (736, "Work", "263", "263-517-9014");
INSERT INTO PHONE (Contact_id, Phone_type, Area_code, Number) VALUES (736, "Cell", "710", "710-227-8087");
INSERT INTO ADDRESS (Contact_id, Address_type, Address, City, State, Zip) VALUES (736, "Home", "00818 Springs Court", "Dallas", "Texas", "75032");
INSERT INTO DATE (Contact_id, Date_type, Date) VALUES (735, "BirthDate", "1994-07-30");
INSERT INTO CONTACT (Contact_id, Fname, Mname, Lname) VALUES (737, "Leonhard", "", "Sorrie");
INSERT INTO PHONE (Contact_id, Phone_type, Area_code, Number) VALUES (737, "Work", "544", "544-772-2234");
INSERT INTO PHONE (Contact_id, Phone_type, Area_code, Number) VALUES (737, "Cell", "666", "666-637-2262");
INSERT INTO ADDRESS (Contact_id, Address_type, Address, City, State, Zip) VALUES (737, "Work", "35366 Transport Terrace", "Addison", "Texas", "75001");
INSERT INTO DATE (Contact_id, Date_type, Date) VALUES (735, "BirthDate", "1994-07-30");
INSERT INTO CONTACT (Contact_id, Fname, Mname, Lname) VALUES (738, "Jacquelyn", "", "Crickmore");
INSERT INTO PHONE (Contact_id, Phone_type, Area_code, Number) VALUES (738, "Work", "982", "982-804-9481");
INSERT INTO PHONE (Contact_id, Phone_type, Area_code, Number) VALUES (738, "Cell", "677", "677-638-4228");
INSERT INTO ADDRESS (Contact_id, Address_type, Address, City, State, Zip) VALUES (738, "Work", "013 Northview Court", "Addison", "Texas", "75007");
INSERT INTO DATE (Contact_id, Date_type, Date) VALUES (735, "BirthDate", "1994-07-30");
INSERT INTO CONTACT (Contact_id, Fname, Mname, Lname) VALUES (739, "Britni", "Gwenny", "Aronov");
INSERT INTO PHONE (Contact_id, Phone_type, Area_code, Number) VALUES (739, "Home", "395", "395-756-3515");
INSERT INTO PHONE (Contact_id, Phone_type, Area_code, Number) VALUES (739, "Cell", "117", "117-747-9474");
INSERT INTO ADDRESS (Contact_id, Address_type, Address, City, State, Zip) VALUES (738, "Work", "013 Northview Court", "Addison", "Texas", "75007");
INSERT INTO DATE (Contact_id, Date_type, Date) VALUES (735, "BirthDate", "1994-07-30");
INSERT INTO CONTACT (Contact_id, Fname, Mname, Lname) VALUES (740, "Tyrone", "", "McGrouther");
INSERT INTO PHONE (Contact_id, Phone_type, Area_code, Number) VALUES (739, "Home", "395", "395-756-3515");
INSERT INTO PHONE (Contact_id, Phone_type, Area_code, Number) VALUES (740, "Cell", "657", "657-129-7689");
INSERT INTO ADDRESS (Contact_id, Address_type, Address, City, State, Zip) VALUES (740, "Home", "929 Weeping Birch Avenue", "Dallas", "Texas", "75056");
INSERT INTO DATE (Contact_id, Date_type, Date) VALUES (735, "BirthDate", "1994-07-30");
INSERT INTO CONTACT (Contact_id, Fname, Mname, Lname) VALUES (741, "Arabele", "Paxon", "Deniset");
INSERT INTO PHONE (Contact_id, Phone_type, Area_code, Number) VALUES (741, "Work", "222", "222-428-0051");
INSERT INTO PHONE (Contact_id, Phone_type, Area_code, Number) VALUES (741, "Cell", "846", "846-880-9400");
INSERT INTO ADDRESS (Contact_id, Address_type, Address, City, State, Zip) VALUES (740, "Home", "929 Weeping Birch Avenue", "Dallas", "Texas", "75056");
INSERT INTO DATE (Contact_id, Date_type, Date) VALUES (741, "BirthDate", "1979-12-15");
INSERT INTO CONTACT (Contact_id, Fname, Mname, Lname) VALUES (742, "Glenden", "Anselma", "Croisdall");
INSERT INTO PHONE (Contact_id, Phone_type, Area_code, Number) VALUES (742, "Work", "699", "699-916-9933");
INSERT INTO PHONE (Contact_id, Phone_type, Area_code, Number) VALUES (742, "Cell", "594", "594-797-7349");
INSERT INTO ADDRESS (Contact_id, Address_type, Address, City, State, Zip) VALUES (742, "Work", "1 Lillian Center", "Richardson", "Texas", "75004");
INSERT INTO DATE (Contact_id, Date_type, Date) VALUES (741, "BirthDate", "1979-12-15");
INSERT INTO CONTACT (Contact_id, Fname, Mname, Lname) VALUES (743, "Marlo", "Loy", "Tomasek");
INSERT INTO PHONE (Contact_id, Phone_type, Area_code, Number) VALUES (743, "Home", "585", "585-672-2449");
INSERT INTO PHONE (Contact_id, Phone_type, Area_code, Number) VALUES (743, "Cell", "488", "488-358-8606");
INSERT INTO ADDRESS (Contact_id, Address_type, Address, City, State, Zip) VALUES (743, "Home", "156 Maryland Court", "Dallas", "Texas", "");
INSERT INTO DATE (Contact_id, Date_type, Date) VALUES (741, "BirthDate", "1979-12-15");
INSERT INTO CONTACT (Contact_id, Fname, Mname, Lname) VALUES (744, "Millard", "Bartlett", "Muino");
INSERT INTO PHONE (Contact_id, Phone_type, Area_code, Number) VALUES (744, "Work", "827", "827-866-4417");
INSERT INTO PHONE (Contact_id, Phone_type, Area_code, Number) VALUES (744, "Cell", "893", "893-958-0205");
INSERT INTO ADDRESS (Contact_id, Address_type, Address, City, State, Zip) VALUES (744, "Work", "902 Emmet Place", "Allen", "Texas", "75008");
INSERT INTO DATE (Contact_id, Date_type, Date) VALUES (741, "BirthDate", "1979-12-15");
INSERT INTO CONTACT (Contact_id, Fname, Mname, Lname) VALUES (745, "Silvana", "", "Lumbers");
INSERT INTO PHONE (Contact_id, Phone_type, Area_code, Number) VALUES (744, "Work", "827", "827-866-4417");
INSERT INTO PHONE (Contact_id, Phone_type, Area_code, Number) VALUES (745, "Cell", "477", "477-280-6150");
INSERT INTO ADDRESS (Contact_id, Address_type, Address, City, State, Zip) VALUES (745, "Home", "4 Mallory Point", "Richardson", "Texas", "");
INSERT INTO DATE (Contact_id, Date_type, Date) VALUES (745, "BirthDate", "1996-09-23");
INSERT INTO CONTACT (Contact_id, Fname, Mname, Lname) VALUES (746, "Katti", "Phil", "Orrah");
INSERT INTO PHONE (Contact_id, Phone_type, Area_code, Number) VALUES (744, "Work", "827", "827-866-4417");
INSERT INTO PHONE (Contact_id, Phone_type, Area_code, Number) VALUES (746, "Cell", "144", "144-684-9231");
INSERT INTO ADDRESS (Contact_id, Address_type, Address, City, State, Zip) VALUES (746, "Work", "9410 Northridge Crossing", "Richardson", "Texas", "75005");
INSERT INTO DATE (Contact_id, Date_type, Date) VALUES (745, "BirthDate", "1996-09-23");
INSERT INTO CONTACT (Contact_id, Fname, Mname, Lname) VALUES (747, "Brandtr", "Jackson", "Ketchell");
INSERT INTO PHONE (Contact_id, Phone_type, Area_code, Number) VALUES (747, "Work", "994", "994-761-1526");
INSERT INTO PHONE (Contact_id, Phone_type, Area_code, Number) VALUES (747, "Cell", "155", "155-859-2860");
INSERT INTO ADDRESS (Contact_id, Address_type, Address, City, State, Zip) VALUES (747, "Work", "9130 Maple Crossing", "Allen", "Texas", "75003");
INSERT INTO DATE (Contact_id, Date_type, Date) VALUES (747, "BirthDate", "1984-06-05");
INSERT INTO CONTACT (Contact_id, Fname, Mname, Lname) VALUES (748, "Rakel", "", "Friman");
INSERT INTO PHONE (Contact_id, Phone_type, Area_code, Number) VALUES (747, "Work", "994", "994-761-1526");
INSERT INTO PHONE (Contact_id, Phone_type, Area_code, Number) VALUES (748, "Cell", "411", "411-462-2089");
INSERT INTO ADDRESS (Contact_id, Address_type, Address, City, State, Zip) VALUES (748, "Work", "2 Rusk Crossing", "Plano", "Texas", "75002");
INSERT INTO DATE (Contact_id, Date_type, Date) VALUES (747, "BirthDate", "1984-06-05");
INSERT INTO CONTACT (Contact_id, Fname, Mname, Lname) VALUES (749, "Connie", "Alard", "Quene");
INSERT INTO PHONE (Contact_id, Phone_type, Area_code, Number) VALUES (749, "Work", "212", "212-358-8470");
INSERT INTO PHONE (Contact_id, Phone_type, Area_code, Number) VALUES (749, "Cell", "367", "367-914-9091");
INSERT INTO ADDRESS (Contact_id, Address_type, Address, City, State, Zip) VALUES (749, "Work", "0 Red Cloud Drive", "Richardson", "Texas", "75006");
INSERT INTO DATE (Contact_id, Date_type, Date) VALUES (747, "BirthDate", "1984-06-05");
INSERT INTO CONTACT (Contact_id, Fname, Mname, Lname) VALUES (750, "Fanni", "", "Blancowe");
INSERT INTO PHONE (Contact_id, Phone_type, Area_code, Number) VALUES (749, "Work", "212", "212-358-8470");
INSERT INTO PHONE (Contact_id, Phone_type, Area_code, Number) VALUES (750, "Cell", "739", "739-981-9312");
INSERT INTO ADDRESS (Contact_id, Address_type, Address, City, State, Zip) VALUES (749, "Work", "0 Red Cloud Drive", "Richardson", "Texas", "75006");
INSERT INTO DATE (Contact_id, Date_type, Date) VALUES (747, "BirthDate", "1984-06-05");
INSERT INTO CONTACT (Contact_id, Fname, Mname, Lname) VALUES (751, "Roseanna", "", "Acors");
INSERT INTO PHONE (Contact_id, Phone_type, Area_code, Number) VALUES (751, "Home", "550", "550-782-4535");
INSERT INTO PHONE (Contact_id, Phone_type, Area_code, Number) VALUES (751, "Cell", "527", "527-673-8144");
INSERT INTO ADDRESS (Contact_id, Address_type, Address, City, State, Zip) VALUES (751, "Work", "81 Dunning Point", "Allen", "Texas", "75005");
INSERT INTO DATE (Contact_id, Date_type, Date) VALUES (751, "BirthDate", "1984-04-14");
INSERT INTO CONTACT (Contact_id, Fname, Mname, Lname) VALUES (752, "Merry", "Faunie", "Geillier");
INSERT INTO PHONE (Contact_id, Phone_type, Area_code, Number) VALUES (752, "Home", "113", "113-243-0751");
INSERT INTO PHONE (Contact_id, Phone_type, Area_code, Number) VALUES (752, "Cell", "871", "871-873-4280");
INSERT INTO ADDRESS (Contact_id, Address_type, Address, City, State, Zip) VALUES (752, "Work", "1 Dixon Circle", "Richardson", "Texas", "75003");
INSERT INTO DATE (Contact_id, Date_type, Date) VALUES (752, "BirthDate", "1993-01-28");
INSERT INTO CONTACT (Contact_id, Fname, Mname, Lname) VALUES (753, "Jeffie", "Melinda", "Rampton");
INSERT INTO PHONE (Contact_id, Phone_type, Area_code, Number) VALUES (753, "Home", "651", "651-398-9878");
INSERT INTO PHONE (Contact_id, Phone_type, Area_code, Number) VALUES (753, "Cell", "925", "925-942-3489");
INSERT INTO ADDRESS (Contact_id, Address_type, Address, City, State, Zip) VALUES (752, "Work", "1 Dixon Circle", "Richardson", "Texas", "75003");
INSERT INTO DATE (Contact_id, Date_type, Date) VALUES (753, "BirthDate", "1984-07-08");
INSERT INTO CONTACT (Contact_id, Fname, Mname, Lname) VALUES (754, "Angelica", "", "Tythe");
INSERT INTO PHONE (Contact_id, Phone_type, Area_code, Number) VALUES (754, "Work", "759", "759-281-5716");
INSERT INTO PHONE (Contact_id, Phone_type, Area_code, Number) VALUES (754, "Cell", "202", "202-862-7214");
INSERT INTO ADDRESS (Contact_id, Address_type, Address, City, State, Zip) VALUES (754, "Home", "6342 Eastwood Trail", "Allen", "Texas", "75008");
INSERT INTO DATE (Contact_id, Date_type, Date) VALUES (754, "BirthDate", "1975-12-28");
INSERT INTO CONTACT (Contact_id, Fname, Mname, Lname) VALUES (755, "Sherman", "", "Mundow");
INSERT INTO PHONE (Contact_id, Phone_type, Area_code, Number) VALUES (755, "Work", "406", "406-714-5478");
INSERT INTO PHONE (Contact_id, Phone_type, Area_code, Number) VALUES (755, "Cell", "790", "790-311-3319");
INSERT INTO ADDRESS (Contact_id, Address_type, Address, City, State, Zip) VALUES (755, "Work", "28986 Bunker Hill Plaza", "Allen", "Texas", "75002");
INSERT INTO DATE (Contact_id, Date_type, Date) VALUES (755, "BirthDate", "1978-02-05");
INSERT INTO CONTACT (Contact_id, Fname, Mname, Lname) VALUES (756, "Licha", "Nap", "Perutto");
INSERT INTO PHONE (Contact_id, Phone_type, Area_code, Number) VALUES (756, "Work", "492", "492-299-1126");
INSERT INTO PHONE (Contact_id, Phone_type, Area_code, Number) VALUES (756, "Cell", "164", "164-195-2433");
INSERT INTO ADDRESS (Contact_id, Address_type, Address, City, State, Zip) VALUES (755, "Work", "28986 Bunker Hill Plaza", "Allen", "Texas", "75002");
INSERT INTO DATE (Contact_id, Date_type, Date) VALUES (756, "BirthDate", "1967-12-09");
INSERT INTO CONTACT (Contact_id, Fname, Mname, Lname) VALUES (757, "Ethelyn", "", "Sundin");
INSERT INTO PHONE (Contact_id, Phone_type, Area_code, Number) VALUES (757, "Work", "846", "846-610-1635");
INSERT INTO PHONE (Contact_id, Phone_type, Area_code, Number) VALUES (757, "Cell", "715", "715-368-2670");
INSERT INTO ADDRESS (Contact_id, Address_type, Address, City, State, Zip) VALUES (757, "Home", "8332 Larry Center", "Addison", "Texas", "75005");
INSERT INTO DATE (Contact_id, Date_type, Date) VALUES (756, "BirthDate", "1967-12-09");
INSERT INTO CONTACT (Contact_id, Fname, Mname, Lname) VALUES (758, "Benita", "Nan", "Larrosa");
INSERT INTO PHONE (Contact_id, Phone_type, Area_code, Number) VALUES (758, "Home", "699", "699-592-2201");
INSERT INTO PHONE (Contact_id, Phone_type, Area_code, Number) VALUES (758, "Cell", "703", "703-430-0243");
INSERT INTO ADDRESS (Contact_id, Address_type, Address, City, State, Zip) VALUES (758, "Home", "66 Jenifer Avenue", "Addison", "Texas", "");
INSERT INTO DATE (Contact_id, Date_type, Date) VALUES (756, "BirthDate", "1967-12-09");
INSERT INTO CONTACT (Contact_id, Fname, Mname, Lname) VALUES (759, "Conn", "Vere", "Wessing");
INSERT INTO PHONE (Contact_id, Phone_type, Area_code, Number) VALUES (759, "Home", "916", "916-874-2835");
INSERT INTO PHONE (Contact_id, Phone_type, Area_code, Number) VALUES (759, "Cell", "435", "435-980-5496");
INSERT INTO ADDRESS (Contact_id, Address_type, Address, City, State, Zip) VALUES (759, "Home", "77474 Anhalt Junction", "Plano", "Texas", "75094");
INSERT INTO DATE (Contact_id, Date_type, Date) VALUES (756, "BirthDate", "1967-12-09");
INSERT INTO CONTACT (Contact_id, Fname, Mname, Lname) VALUES (760, "Lindsy", "Devonne", "Jina");
INSERT INTO PHONE (Contact_id, Phone_type, Area_code, Number) VALUES (760, "Work", "395", "395-578-2184");
INSERT INTO PHONE (Contact_id, Phone_type, Area_code, Number) VALUES (760, "Cell", "175", "175-885-5598");
INSERT INTO ADDRESS (Contact_id, Address_type, Address, City, State, Zip) VALUES (760, "Home", "23 Scott Plaza", "Addison", "Texas", "75076");
INSERT INTO DATE (Contact_id, Date_type, Date) VALUES (756, "BirthDate", "1967-12-09");
INSERT INTO CONTACT (Contact_id, Fname, Mname, Lname) VALUES (761, "Nan", "", "Lilleyman");
INSERT INTO PHONE (Contact_id, Phone_type, Area_code, Number) VALUES (761, "Work", "807", "807-169-3416");
INSERT INTO PHONE (Contact_id, Phone_type, Area_code, Number) VALUES (760, "Cell", "175", "175-885-5598");
INSERT INTO ADDRESS (Contact_id, Address_type, Address, City, State, Zip) VALUES (761, "Work", "69224 Prentice Alley", "Richardson", "Texas", "75008");
INSERT INTO DATE (Contact_id, Date_type, Date) VALUES (756, "BirthDate", "1967-12-09");
INSERT INTO CONTACT (Contact_id, Fname, Mname, Lname) VALUES (762, "Luke", "Aaron", "Ronaghan");
INSERT INTO PHONE (Contact_id, Phone_type, Area_code, Number) VALUES (762, "Work", "251", "251-877-3283");
INSERT INTO PHONE (Contact_id, Phone_type, Area_code, Number) VALUES (762, "Cell", "245", "245-280-5114");
INSERT INTO ADDRESS (Contact_id, Address_type, Address, City, State, Zip) VALUES (762, "Home", "581 2nd Avenue", "Allen", "Texas", "75029");
INSERT INTO DATE (Contact_id, Date_type, Date) VALUES (756, "BirthDate", "1967-12-09");
INSERT INTO CONTACT (Contact_id, Fname, Mname, Lname) VALUES (763, "Wandie", "", "Haresnape");
INSERT INTO PHONE (Contact_id, Phone_type, Area_code, Number) VALUES (762, "Work", "251", "251-877-3283");
INSERT INTO PHONE (Contact_id, Phone_type, Area_code, Number) VALUES (763, "Cell", "193", "193-469-6202");
INSERT INTO ADDRESS (Contact_id, Address_type, Address, City, State, Zip) VALUES (763, "Work", "93 Division Circle", "Richardson", "Texas", "75005");
INSERT INTO DATE (Contact_id, Date_type, Date) VALUES (763, "BirthDate", "1978-11-04");
INSERT INTO CONTACT (Contact_id, Fname, Mname, Lname) VALUES (764, "Windham", "Kendal", "Heersema");
INSERT INTO PHONE (Contact_id, Phone_type, Area_code, Number) VALUES (762, "Work", "251", "251-877-3283");
INSERT INTO PHONE (Contact_id, Phone_type, Area_code, Number) VALUES (764, "Cell", "354", "354-528-6045");
INSERT INTO ADDRESS (Contact_id, Address_type, Address, City, State, Zip) VALUES (763, "Work", "93 Division Circle", "Richardson", "Texas", "75005");
INSERT INTO DATE (Contact_id, Date_type, Date) VALUES (763, "BirthDate", "1978-11-04");
INSERT INTO CONTACT (Contact_id, Fname, Mname, Lname) VALUES (765, "Nananne", "", "Osman");
INSERT INTO PHONE (Contact_id, Phone_type, Area_code, Number) VALUES (765, "Home", "131", "131-239-6896");
INSERT INTO PHONE (Contact_id, Phone_type, Area_code, Number) VALUES (765, "Cell", "984", "984-498-4524");
INSERT INTO ADDRESS (Contact_id, Address_type, Address, City, State, Zip) VALUES (765, "Home", "905 Muir Circle", "Richardson", "Texas", "75062");
INSERT INTO DATE (Contact_id, Date_type, Date) VALUES (763, "BirthDate", "1978-11-04");
INSERT INTO CONTACT (Contact_id, Fname, Mname, Lname) VALUES (766, "Annalise", "Edeline", "Ianiello");
INSERT INTO PHONE (Contact_id, Phone_type, Area_code, Number) VALUES (766, "Work", "687", "687-121-2366");
INSERT INTO PHONE (Contact_id, Phone_type, Area_code, Number) VALUES (766, "Cell", "179", "179-878-9463");
INSERT INTO ADDRESS (Contact_id, Address_type, Address, City, State, Zip) VALUES (765, "Home", "905 Muir Circle", "Richardson", "Texas", "75062");
INSERT INTO DATE (Contact_id, Date_type, Date) VALUES (766, "BirthDate", "1994-11-21");
INSERT INTO CONTACT (Contact_id, Fname, Mname, Lname) VALUES (767, "Ajay", "Sherill", "Hughes");
INSERT INTO PHONE (Contact_id, Phone_type, Area_code, Number) VALUES (767, "Work", "789", "789-800-0107");
INSERT INTO PHONE (Contact_id, Phone_type, Area_code, Number) VALUES (767, "Cell", "515", "515-908-3850");
INSERT INTO ADDRESS (Contact_id, Address_type, Address, City, State, Zip) VALUES (767, "Work", "379 Eliot Junction", "Addison", "Texas", "75008");
INSERT INTO DATE (Contact_id, Date_type, Date) VALUES (766, "BirthDate", "1994-11-21");
INSERT INTO CONTACT (Contact_id, Fname, Mname, Lname) VALUES (768, "Benedicto", "", "Shinton");
INSERT INTO PHONE (Contact_id, Phone_type, Area_code, Number) VALUES (767, "Work", "789", "789-800-0107");
INSERT INTO PHONE (Contact_id, Phone_type, Area_code, Number) VALUES (768, "Cell", "226", "226-829-9439");
INSERT INTO ADDRESS (Contact_id, Address_type, Address, City, State, Zip) VALUES (768, "Home", "9022 Shopko Lane", "Richardson", "Texas", "");
INSERT INTO DATE (Contact_id, Date_type, Date) VALUES (766, "BirthDate", "1994-11-21");
INSERT INTO CONTACT (Contact_id, Fname, Mname, Lname) VALUES (769, "Hadria", "", "Bullas");
INSERT INTO PHONE (Contact_id, Phone_type, Area_code, Number) VALUES (769, "Work", "409", "409-916-7452");
INSERT INTO PHONE (Contact_id, Phone_type, Area_code, Number) VALUES (769, "Cell", "582", "582-188-7155");
INSERT INTO ADDRESS (Contact_id, Address_type, Address, City, State, Zip) VALUES (769, "Work", "69 Clove Drive", "Addison", "Texas", "75005");
INSERT INTO DATE (Contact_id, Date_type, Date) VALUES (766, "BirthDate", "1994-11-21");
INSERT INTO CONTACT (Contact_id, Fname, Mname, Lname) VALUES (770, "Lian", "Junie", "Boog");
INSERT INTO PHONE (Contact_id, Phone_type, Area_code, Number) VALUES (770, "Work", "354", "354-737-3709");
INSERT INTO PHONE (Contact_id, Phone_type, Area_code, Number) VALUES (770, "Cell", "354", "354-502-9009");
INSERT INTO ADDRESS (Contact_id, Address_type, Address, City, State, Zip) VALUES (770, "Home", "96058 Lakewood Place", "Allen", "Texas", "75028");
INSERT INTO DATE (Contact_id, Date_type, Date) VALUES (770, "BirthDate", "1993-08-13");
INSERT INTO CONTACT (Contact_id, Fname, Mname, Lname) VALUES (771, "Jerrilee", "", "Daburn");
INSERT INTO PHONE (Contact_id, Phone_type, Area_code, Number) VALUES (771, "Work", "714", "714-577-1869");
INSERT INTO PHONE (Contact_id, Phone_type, Area_code, Number) VALUES (771, "Cell", "232", "232-954-2721");
INSERT INTO ADDRESS (Contact_id, Address_type, Address, City, State, Zip) VALUES (771, "Work", "096 Claremont Circle", "Dallas", "Texas", "75005");
INSERT INTO DATE (Contact_id, Date_type, Date) VALUES (771, "BirthDate", "1979-08-07");
INSERT INTO CONTACT (Contact_id, Fname, Mname, Lname) VALUES (772, "Terrijo", "Lucas", "Nyssens");
INSERT INTO PHONE (Contact_id, Phone_type, Area_code, Number) VALUES (771, "Work", "714", "714-577-1869");
INSERT INTO PHONE (Contact_id, Phone_type, Area_code, Number) VALUES (772, "Cell", "475", "475-759-8362");
INSERT INTO ADDRESS (Contact_id, Address_type, Address, City, State, Zip) VALUES (772, "Work", "93380 Northfield Hill", "Addison", "Texas", "75001");
INSERT INTO DATE (Contact_id, Date_type, Date) VALUES (772, "BirthDate", "1992-04-10");
INSERT INTO CONTACT (Contact_id, Fname, Mname, Lname) VALUES (773, "Katy", "", "Artiss");
INSERT INTO PHONE (Contact_id, Phone_type, Area_code, Number) VALUES (773, "Work", "540", "540-412-6074");
INSERT INTO PHONE (Contact_id, Phone_type, Area_code, Number) VALUES (773, "Cell", "495", "495-717-8160");
INSERT INTO ADDRESS (Contact_id, Address_type, Address, City, State, Zip) VALUES (773, "Work", "06050 Sunbrook Park", "Plano", "Texas", "75001");
INSERT INTO DATE (Contact_id, Date_type, Date) VALUES (773, "BirthDate", "1986-07-14");
INSERT INTO CONTACT (Contact_id, Fname, Mname, Lname) VALUES (774, "Sabina", "", "Western");
INSERT INTO PHONE (Contact_id, Phone_type, Area_code, Number) VALUES (774, "Work", "262", "262-977-6146");
INSERT INTO PHONE (Contact_id, Phone_type, Area_code, Number) VALUES (774, "Cell", "236", "236-882-1672");
INSERT INTO ADDRESS (Contact_id, Address_type, Address, City, State, Zip) VALUES (774, "Work", "8 Nova Circle", "Dallas", "Texas", "75001");
INSERT INTO DATE (Contact_id, Date_type, Date) VALUES (774, "BirthDate", "1981-12-28");
INSERT INTO CONTACT (Contact_id, Fname, Mname, Lname) VALUES (775, "Harman", "Courtenay", "Bartalin");
INSERT INTO PHONE (Contact_id, Phone_type, Area_code, Number) VALUES (775, "Work", "421", "421-886-8330");
INSERT INTO PHONE (Contact_id, Phone_type, Area_code, Number) VALUES (775, "Cell", "675", "675-770-6272");
INSERT INTO ADDRESS (Contact_id, Address_type, Address, City, State, Zip) VALUES (775, "Work", "35503 Melvin Parkway", "Dallas", "Texas", "75003");
INSERT INTO DATE (Contact_id, Date_type, Date) VALUES (775, "BirthDate", "1987-01-11");
INSERT INTO CONTACT (Contact_id, Fname, Mname, Lname) VALUES (776, "Willem", "", "Ivanichev");
INSERT INTO PHONE (Contact_id, Phone_type, Area_code, Number) VALUES (776, "Work", "463", "463-169-1702");
INSERT INTO PHONE (Contact_id, Phone_type, Area_code, Number) VALUES (776, "Cell", "677", "677-287-5171");
INSERT INTO ADDRESS (Contact_id, Address_type, Address, City, State, Zip) VALUES (776, "Work", "19 Heffernan Terrace", "Dallas", "Texas", "75004");
INSERT INTO DATE (Contact_id, Date_type, Date) VALUES (775, "BirthDate", "1987-01-11");
INSERT INTO CONTACT (Contact_id, Fname, Mname, Lname) VALUES (777, "Gwenette", "Chadd", "Mathou");
INSERT INTO PHONE (Contact_id, Phone_type, Area_code, Number) VALUES (776, "Work", "463", "463-169-1702");
INSERT INTO PHONE (Contact_id, Phone_type, Area_code, Number) VALUES (777, "Cell", "658", "658-234-4773");
INSERT INTO ADDRESS (Contact_id, Address_type, Address, City, State, Zip) VALUES (776, "Work", "19 Heffernan Terrace", "Dallas", "Texas", "75004");
INSERT INTO DATE (Contact_id, Date_type, Date) VALUES (775, "BirthDate", "1987-01-11");
INSERT INTO CONTACT (Contact_id, Fname, Mname, Lname) VALUES (778, "Blair", "Ky", "Condell");
INSERT INTO PHONE (Contact_id, Phone_type, Area_code, Number) VALUES (778, "Work", "783", "783-899-8456");
INSERT INTO PHONE (Contact_id, Phone_type, Area_code, Number) VALUES (778, "Cell", "771", "771-868-0578");
INSERT INTO ADDRESS (Contact_id, Address_type, Address, City, State, Zip) VALUES (778, "Work", "6157 Ramsey Alley", "Plano", "Texas", "75008");
INSERT INTO DATE (Contact_id, Date_type, Date) VALUES (778, "BirthDate", "1986-01-07");
INSERT INTO CONTACT (Contact_id, Fname, Mname, Lname) VALUES (779, "Pauly", "Tresa", "Sabbatier");
INSERT INTO PHONE (Contact_id, Phone_type, Area_code, Number) VALUES (779, "Work", "523", "523-274-3133");
INSERT INTO PHONE (Contact_id, Phone_type, Area_code, Number) VALUES (779, "Cell", "958", "958-420-4603");
INSERT INTO ADDRESS (Contact_id, Address_type, Address, City, State, Zip) VALUES (778, "Work", "6157 Ramsey Alley", "Plano", "Texas", "75008");
INSERT INTO DATE (Contact_id, Date_type, Date) VALUES (779, "BirthDate", "1990-04-08");
INSERT INTO CONTACT (Contact_id, Fname, Mname, Lname) VALUES (780, "Cale", "", "Bleasdale");
INSERT INTO PHONE (Contact_id, Phone_type, Area_code, Number) VALUES (780, "Work", "572", "572-665-0771");
INSERT INTO PHONE (Contact_id, Phone_type, Area_code, Number) VALUES (779, "Cell", "958", "958-420-4603");
INSERT INTO ADDRESS (Contact_id, Address_type, Address, City, State, Zip) VALUES (780, "Work", "489 Heath Street", "Allen", "Texas", "75002");
INSERT INTO DATE (Contact_id, Date_type, Date) VALUES (779, "BirthDate", "1990-04-08");
INSERT INTO CONTACT (Contact_id, Fname, Mname, Lname) VALUES (781, "Artemas", "", "Dugald");
INSERT INTO PHONE (Contact_id, Phone_type, Area_code, Number) VALUES (781, "Work", "365", "365-888-2710");
INSERT INTO PHONE (Contact_id, Phone_type, Area_code, Number) VALUES (781, "Cell", "736", "736-364-7316");
INSERT INTO ADDRESS (Contact_id, Address_type, Address, City, State, Zip) VALUES (781, "Home", "42352 Fuller Way", "Plano", "Texas", "");
INSERT INTO DATE (Contact_id, Date_type, Date) VALUES (781, "BirthDate", "1995-01-15");
INSERT INTO CONTACT (Contact_id, Fname, Mname, Lname) VALUES (782, "Doy", "Consalve", "Gonnelly");
INSERT INTO PHONE (Contact_id, Phone_type, Area_code, Number) VALUES (782, "Home", "818", "818-918-9740");
INSERT INTO PHONE (Contact_id, Phone_type, Area_code, Number) VALUES (782, "Cell", "273", "273-211-9574");
INSERT INTO ADDRESS (Contact_id, Address_type, Address, City, State, Zip) VALUES (782, "Work", "5 Eastlawn Terrace", "Richardson", "Texas", "75006");
INSERT INTO DATE (Contact_id, Date_type, Date) VALUES (781, "BirthDate", "1995-01-15");
INSERT INTO CONTACT (Contact_id, Fname, Mname, Lname) VALUES (783, "Chevy", "Dorelia", "Swadling");
INSERT INTO PHONE (Contact_id, Phone_type, Area_code, Number) VALUES (783, "Work", "818", "818-557-1124");
INSERT INTO PHONE (Contact_id, Phone_type, Area_code, Number) VALUES (783, "Cell", "158", "158-452-0388");
INSERT INTO ADDRESS (Contact_id, Address_type, Address, City, State, Zip) VALUES (783, "Work", "939 Ohio Terrace", "Allen", "Texas", "75009");
INSERT INTO DATE (Contact_id, Date_type, Date) VALUES (783, "BirthDate", "1991-11-10");
INSERT INTO CONTACT (Contact_id, Fname, Mname, Lname) VALUES (784, "Lanie", "", "Starton");
INSERT INTO PHONE (Contact_id, Phone_type, Area_code, Number) VALUES (784, "Home", "446", "446-158-9664");
INSERT INTO PHONE (Contact_id, Phone_type, Area_code, Number) VALUES (784, "Cell", "647", "647-133-1410");
INSERT INTO ADDRESS (Contact_id, Address_type, Address, City, State, Zip) VALUES (783, "Work", "939 Ohio Terrace", "Allen", "Texas", "75009");
INSERT INTO DATE (Contact_id, Date_type, Date) VALUES (784, "BirthDate", "1980-01-19");
INSERT INTO CONTACT (Contact_id, Fname, Mname, Lname) VALUES (785, "Adelice", "Gilda", "Hadaway");
INSERT INTO PHONE (Contact_id, Phone_type, Area_code, Number) VALUES (785, "Home", "665", "665-826-5055");
INSERT INTO PHONE (Contact_id, Phone_type, Area_code, Number) VALUES (785, "Cell", "612", "612-975-2427");
INSERT INTO ADDRESS (Contact_id, Address_type, Address, City, State, Zip) VALUES (785, "Work", "0031 Briar Crest Alley", "Plano", "Texas", "75006");
INSERT INTO DATE (Contact_id, Date_type, Date) VALUES (785, "BirthDate", "1986-07-25");
INSERT INTO CONTACT (Contact_id, Fname, Mname, Lname) VALUES (786, "Hillie", "", "Chantrell");
INSERT INTO PHONE (Contact_id, Phone_type, Area_code, Number) VALUES (785, "Home", "665", "665-826-5055");
INSERT INTO PHONE (Contact_id, Phone_type, Area_code, Number) VALUES (786, "Cell", "764", "764-413-6459");
INSERT INTO ADDRESS (Contact_id, Address_type, Address, City, State, Zip) VALUES (786, "Work", "6117 Jenna Place", "Allen", "Texas", "75007");
INSERT INTO DATE (Contact_id, Date_type, Date) VALUES (785, "BirthDate", "1986-07-25");
INSERT INTO CONTACT (Contact_id, Fname, Mname, Lname) VALUES (787, "Matti", "Winne", "Fuster");
INSERT INTO PHONE (Contact_id, Phone_type, Area_code, Number) VALUES (787, "Work", "665", "665-560-9478");
INSERT INTO PHONE (Contact_id, Phone_type, Area_code, Number) VALUES (787, "Cell", "269", "269-173-4766");
INSERT INTO ADDRESS (Contact_id, Address_type, Address, City, State, Zip) VALUES (787, "Home", "3088 Troy Trail", "Richardson", "Texas", "75074");
INSERT INTO DATE (Contact_id, Date_type, Date) VALUES (787, "BirthDate", "1982-11-13");
INSERT INTO CONTACT (Contact_id, Fname, Mname, Lname) VALUES (788, "Bria", "Babs", "Caseley");
INSERT INTO PHONE (Contact_id, Phone_type, Area_code, Number) VALUES (788, "Work", "369", "369-555-8732");
INSERT INTO PHONE (Contact_id, Phone_type, Area_code, Number) VALUES (788, "Cell", "939", "939-231-3713");
INSERT INTO ADDRESS (Contact_id, Address_type, Address, City, State, Zip) VALUES (788, "Work", "3434 Reindahl Road", "Addison", "Texas", "75004");
INSERT INTO DATE (Contact_id, Date_type, Date) VALUES (788, "BirthDate", "1970-06-24");
INSERT INTO CONTACT (Contact_id, Fname, Mname, Lname) VALUES (789, "Emelyne", "Beulah", "Richmond");
INSERT INTO PHONE (Contact_id, Phone_type, Area_code, Number) VALUES (789, "Home", "611", "611-949-7678");
INSERT INTO PHONE (Contact_id, Phone_type, Area_code, Number) VALUES (789, "Cell", "577", "577-976-2774");
INSERT INTO ADDRESS (Contact_id, Address_type, Address, City, State, Zip) VALUES (789, "Home", "72330 Emmet Circle", "Plano", "Texas", "75093");
INSERT INTO DATE (Contact_id, Date_type, Date) VALUES (788, "BirthDate", "1970-06-24");
INSERT INTO CONTACT (Contact_id, Fname, Mname, Lname) VALUES (790, "Clem", "Lotty", "Hawkswood");
INSERT INTO PHONE (Contact_id, Phone_type, Area_code, Number) VALUES (790, "Work", "102", "102-140-8293");
INSERT INTO PHONE (Contact_id, Phone_type, Area_code, Number) VALUES (790, "Cell", "584", "584-724-4248");
INSERT INTO ADDRESS (Contact_id, Address_type, Address, City, State, Zip) VALUES (790, "Work", "4 Service Park", "Plano", "Texas", "75002");
INSERT INTO DATE (Contact_id, Date_type, Date) VALUES (790, "BirthDate", "1978-01-08");
INSERT INTO CONTACT (Contact_id, Fname, Mname, Lname) VALUES (791, "Ernestine", "Padget", "Bannon");
INSERT INTO PHONE (Contact_id, Phone_type, Area_code, Number) VALUES (791, "Work", "828", "828-857-5737");
INSERT INTO PHONE (Contact_id, Phone_type, Area_code, Number) VALUES (791, "Cell", "553", "553-604-9124");
INSERT INTO ADDRESS (Contact_id, Address_type, Address, City, State, Zip) VALUES (791, "Work", "8 Carberry Road", "Plano", "Texas", "75007");
INSERT INTO DATE (Contact_id, Date_type, Date) VALUES (791, "BirthDate", "1973-12-24");
INSERT INTO CONTACT (Contact_id, Fname, Mname, Lname) VALUES (792, "Abram", "", "Gunton");
INSERT INTO PHONE (Contact_id, Phone_type, Area_code, Number) VALUES (792, "Work", "630", "630-816-6545");
INSERT INTO PHONE (Contact_id, Phone_type, Area_code, Number) VALUES (792, "Cell", "718", "718-132-7090");
INSERT INTO ADDRESS (Contact_id, Address_type, Address, City, State, Zip) VALUES (792, "Home", "07 Rockefeller Hill", "Allen", "Texas", "75044");
INSERT INTO DATE (Contact_id, Date_type, Date) VALUES (791, "BirthDate", "1973-12-24");
INSERT INTO CONTACT (Contact_id, Fname, Mname, Lname) VALUES (793, "Kerstin", "", "Dumbleton");
INSERT INTO PHONE (Contact_id, Phone_type, Area_code, Number) VALUES (793, "Work", "216", "216-602-0444");
INSERT INTO PHONE (Contact_id, Phone_type, Area_code, Number) VALUES (793, "Cell", "124", "124-216-7599");
INSERT INTO ADDRESS (Contact_id, Address_type, Address, City, State, Zip) VALUES (793, "Work", "56 Evergreen Circle", "Richardson", "Texas", "75002");
INSERT INTO DATE (Contact_id, Date_type, Date) VALUES (793, "BirthDate", "1971-07-06");
INSERT INTO CONTACT (Contact_id, Fname, Mname, Lname) VALUES (794, "Keenan", "Bridgette", "Fawdry");
INSERT INTO PHONE (Contact_id, Phone_type, Area_code, Number) VALUES (794, "Work", "284", "284-300-9216");
INSERT INTO PHONE (Contact_id, Phone_type, Area_code, Number) VALUES (794, "Cell", "323", "323-360-8000");
INSERT INTO ADDRESS (Contact_id, Address_type, Address, City, State, Zip) VALUES (794, "Work", "8 Alpine Lane", "Dallas", "Texas", "75004");
INSERT INTO DATE (Contact_id, Date_type, Date) VALUES (793, "BirthDate", "1971-07-06");
INSERT INTO CONTACT (Contact_id, Fname, Mname, Lname) VALUES (795, "Ashien", "", "McGuff");
INSERT INTO PHONE (Contact_id, Phone_type, Area_code, Number) VALUES (795, "Work", "990", "990-486-3670");
INSERT INTO PHONE (Contact_id, Phone_type, Area_code, Number) VALUES (795, "Cell", "205", "205-769-5463");
INSERT INTO ADDRESS (Contact_id, Address_type, Address, City, State, Zip) VALUES (795, "Work", "1783 Glendale Alley", "Dallas", "Texas", "75003");
INSERT INTO DATE (Contact_id, Date_type, Date) VALUES (795, "BirthDate", "1989-12-11");
INSERT INTO CONTACT (Contact_id, Fname, Mname, Lname) VALUES (796, "Stinky", "Cayla", "Cownden");
INSERT INTO PHONE (Contact_id, Phone_type, Area_code, Number) VALUES (795, "Work", "990", "990-486-3670");
INSERT INTO PHONE (Contact_id, Phone_type, Area_code, Number) VALUES (796, "Cell", "581", "581-392-0541");
INSERT INTO ADDRESS (Contact_id, Address_type, Address, City, State, Zip) VALUES (796, "Work", "96 Calypso Lane", "Dallas", "Texas", "75001");
INSERT INTO DATE (Contact_id, Date_type, Date) VALUES (796, "BirthDate", "1992-01-23");
INSERT INTO CONTACT (Contact_id, Fname, Mname, Lname) VALUES (797, "Deanna", "Salomi", "Rzehor");
INSERT INTO PHONE (Contact_id, Phone_type, Area_code, Number) VALUES (795, "Work", "990", "990-486-3670");
INSERT INTO PHONE (Contact_id, Phone_type, Area_code, Number) VALUES (797, "Cell", "424", "424-455-7802");
INSERT INTO ADDRESS (Contact_id, Address_type, Address, City, State, Zip) VALUES (797, "Home", "6 Tomscot Point", "Addison", "Texas", "");
INSERT INTO DATE (Contact_id, Date_type, Date) VALUES (797, "BirthDate", "1992-03-20");
INSERT INTO CONTACT (Contact_id, Fname, Mname, Lname) VALUES (798, "Dani", "", "Tomson");
INSERT INTO PHONE (Contact_id, Phone_type, Area_code, Number) VALUES (795, "Work", "990", "990-486-3670");
INSERT INTO PHONE (Contact_id, Phone_type, Area_code, Number) VALUES (798, "Cell", "679", "679-119-6948");
INSERT INTO ADDRESS (Contact_id, Address_type, Address, City, State, Zip) VALUES (798, "Work", "9925 Algoma Pass", "Allen", "Texas", "75006");
INSERT INTO DATE (Contact_id, Date_type, Date) VALUES (797, "BirthDate", "1992-03-20");
INSERT INTO CONTACT (Contact_id, Fname, Mname, Lname) VALUES (799, "Jaquelin", "", "Feeney");
INSERT INTO PHONE (Contact_id, Phone_type, Area_code, Number) VALUES (799, "Work", "188", "188-429-2865");
INSERT INTO PHONE (Contact_id, Phone_type, Area_code, Number) VALUES (799, "Cell", "765", "765-800-5698");
INSERT INTO ADDRESS (Contact_id, Address_type, Address, City, State, Zip) VALUES (799, "Home", "75023 Carioca Drive", "Plano", "Texas", "75013");
INSERT INTO DATE (Contact_id, Date_type, Date) VALUES (799, "BirthDate", "1970-08-15");
INSERT INTO CONTACT (Contact_id, Fname, Mname, Lname) VALUES (800, "Gavrielle", "", "Simoneau");
INSERT INTO PHONE (Contact_id, Phone_type, Area_code, Number) VALUES (800, "Work", "464", "464-341-2474");
INSERT INTO PHONE (Contact_id, Phone_type, Area_code, Number) VALUES (800, "Cell", "463", "463-902-4296");
INSERT INTO ADDRESS (Contact_id, Address_type, Address, City, State, Zip) VALUES (800, "Work", "83 Prairieview Circle", "Allen", "Texas", "75002");
INSERT INTO DATE (Contact_id, Date_type, Date) VALUES (800, "BirthDate", "1975-07-12");
INSERT INTO CONTACT (Contact_id, Fname, Mname, Lname) VALUES (801, "Bendix", "", "Davidesco");
INSERT INTO PHONE (Contact_id, Phone_type, Area_code, Number) VALUES (800, "Work", "464", "464-341-2474");
INSERT INTO PHONE (Contact_id, Phone_type, Area_code, Number) VALUES (801, "Cell", "152", "152-159-2780");
INSERT INTO ADDRESS (Contact_id, Address_type, Address, City, State, Zip) VALUES (801, "Work", "4 Springs Avenue", "Dallas", "Texas", "75009");
INSERT INTO DATE (Contact_id, Date_type, Date) VALUES (800, "BirthDate", "1975-07-12");
INSERT INTO CONTACT (Contact_id, Fname, Mname, Lname) VALUES (802, "Ravid", "", "Meah");
INSERT INTO PHONE (Contact_id, Phone_type, Area_code, Number) VALUES (802, "Home", "337", "337-743-5462");
INSERT INTO PHONE (Contact_id, Phone_type, Area_code, Number) VALUES (802, "Cell", "900", "900-564-1292");
INSERT INTO ADDRESS (Contact_id, Address_type, Address, City, State, Zip) VALUES (802, "Home", "3649 Judy Pass", "Dallas", "Texas", "");
INSERT INTO DATE (Contact_id, Date_type, Date) VALUES (800, "BirthDate", "1975-07-12");
INSERT INTO CONTACT (Contact_id, Fname, Mname, Lname) VALUES (803, "Queenie", "", "Guiso");
INSERT INTO PHONE (Contact_id, Phone_type, Area_code, Number) VALUES (803, "Work", "652", "652-464-7873");
INSERT INTO PHONE (Contact_id, Phone_type, Area_code, Number) VALUES (803, "Cell", "367", "367-493-3539");
INSERT INTO ADDRESS (Contact_id, Address_type, Address, City, State, Zip) VALUES (803, "Work", "7323 Monica Circle", "Richardson", "Texas", "75003");
INSERT INTO DATE (Contact_id, Date_type, Date) VALUES (803, "BirthDate", "1993-12-23");
INSERT INTO CONTACT (Contact_id, Fname, Mname, Lname) VALUES (804, "Yasmeen", "Mayer", "Miskelly");
INSERT INTO PHONE (Contact_id, Phone_type, Area_code, Number) VALUES (803, "Work", "652", "652-464-7873");
INSERT INTO PHONE (Contact_id, Phone_type, Area_code, Number) VALUES (804, "Cell", "714", "714-232-1586");
INSERT INTO ADDRESS (Contact_id, Address_type, Address, City, State, Zip) VALUES (804, "Work", "21529 Everett Court", "Addison", "Texas", "75005");
INSERT INTO DATE (Contact_id, Date_type, Date) VALUES (804, "BirthDate", "1968-03-18");
INSERT INTO CONTACT (Contact_id, Fname, Mname, Lname) VALUES (805, "Hyacinthia", "", "Baillie");
INSERT INTO PHONE (Contact_id, Phone_type, Area_code, Number) VALUES (805, "Work", "740", "740-581-8838");
INSERT INTO PHONE (Contact_id, Phone_type, Area_code, Number) VALUES (805, "Cell", "426", "426-330-7105");
INSERT INTO ADDRESS (Contact_id, Address_type, Address, City, State, Zip) VALUES (805, "Home", "23 Waxwing Center", "Dallas", "Texas", "");
INSERT INTO DATE (Contact_id, Date_type, Date) VALUES (804, "BirthDate", "1968-03-18");
INSERT INTO CONTACT (Contact_id, Fname, Mname, Lname) VALUES (806, "Darnall", "Riva", "Benko");
INSERT INTO PHONE (Contact_id, Phone_type, Area_code, Number) VALUES (806, "Work", "820", "820-202-1804");
INSERT INTO PHONE (Contact_id, Phone_type, Area_code, Number) VALUES (806, "Cell", "540", "540-200-3639");
INSERT INTO ADDRESS (Contact_id, Address_type, Address, City, State, Zip) VALUES (806, "Home", "1476 Ramsey Street", "Richardson", "Texas", "75046");
INSERT INTO DATE (Contact_id, Date_type, Date) VALUES (806, "BirthDate", "1970-02-21");
INSERT INTO CONTACT (Contact_id, Fname, Mname, Lname) VALUES (807, "Catlin", "Ruperta", "Seear");
INSERT INTO PHONE (Contact_id, Phone_type, Area_code, Number) VALUES (807, "Work", "100", "100-661-1518");
INSERT INTO PHONE (Contact_id, Phone_type, Area_code, Number) VALUES (806, "Cell", "540", "540-200-3639");
INSERT INTO ADDRESS (Contact_id, Address_type, Address, City, State, Zip) VALUES (807, "Work", "1525 Duke Avenue", "Richardson", "Texas", "75002");
INSERT INTO DATE (Contact_id, Date_type, Date) VALUES (806, "BirthDate", "1970-02-21");
INSERT INTO CONTACT (Contact_id, Fname, Mname, Lname) VALUES (808, "Boyce", "Alverta", "Booy");
INSERT INTO PHONE (Contact_id, Phone_type, Area_code, Number) VALUES (808, "Work", "890", "890-116-9319");
INSERT INTO PHONE (Contact_id, Phone_type, Area_code, Number) VALUES (808, "Cell", "247", "247-864-8753");
INSERT INTO ADDRESS (Contact_id, Address_type, Address, City, State, Zip) VALUES (808, "Work", "4 Golden Leaf Park", "Dallas", "Texas", "75002");
INSERT INTO DATE (Contact_id, Date_type, Date) VALUES (806, "BirthDate", "1970-02-21");
INSERT INTO CONTACT (Contact_id, Fname, Mname, Lname) VALUES (809, "Dreddy", "Derron", "Langstaff");
INSERT INTO PHONE (Contact_id, Phone_type, Area_code, Number) VALUES (809, "Home", "616", "616-874-6016");
INSERT INTO PHONE (Contact_id, Phone_type, Area_code, Number) VALUES (809, "Cell", "737", "737-232-4132");
INSERT INTO ADDRESS (Contact_id, Address_type, Address, City, State, Zip) VALUES (809, "Work", "060 Express Center", "Allen", "Texas", "75008");
INSERT INTO DATE (Contact_id, Date_type, Date) VALUES (806, "BirthDate", "1970-02-21");
INSERT INTO CONTACT (Contact_id, Fname, Mname, Lname) VALUES (810, "Morgana", "Roanna", "Sharpley");
INSERT INTO PHONE (Contact_id, Phone_type, Area_code, Number) VALUES (810, "Home", "274", "274-991-0736");
INSERT INTO PHONE (Contact_id, Phone_type, Area_code, Number) VALUES (810, "Cell", "776", "776-832-5177");
INSERT INTO ADDRESS (Contact_id, Address_type, Address, City, State, Zip) VALUES (810, "Home", "335 Forest Drive", "Allen", "Texas", "75009");
INSERT INTO DATE (Contact_id, Date_type, Date) VALUES (810, "BirthDate", "1977-02-09");
INSERT INTO CONTACT (Contact_id, Fname, Mname, Lname) VALUES (811, "Gwendolen", "", "Durston");
INSERT INTO PHONE (Contact_id, Phone_type, Area_code, Number) VALUES (811, "Work", "969", "969-823-1176");
INSERT INTO PHONE (Contact_id, Phone_type, Area_code, Number) VALUES (811, "Cell", "182", "182-733-9114");
INSERT INTO ADDRESS (Contact_id, Address_type, Address, City, State, Zip) VALUES (811, "Home", "24942 Talisman Pass", "Allen", "Texas", "75032");
INSERT INTO DATE (Contact_id, Date_type, Date) VALUES (811, "BirthDate", "1973-08-28");
INSERT INTO CONTACT (Contact_id, Fname, Mname, Lname) VALUES (812, "Maris", "", "Garside");
INSERT INTO PHONE (Contact_id, Phone_type, Area_code, Number) VALUES (812, "Work", "846", "846-361-8738");
INSERT INTO PHONE (Contact_id, Phone_type, Area_code, Number) VALUES (812, "Cell", "431", "431-449-3115");
INSERT INTO ADDRESS (Contact_id, Address_type, Address, City, State, Zip) VALUES (812, "Work", "118 Magdeline Drive", "Richardson", "Texas", "75007");
INSERT INTO DATE (Contact_id, Date_type, Date) VALUES (812, "BirthDate", "1969-04-25");
INSERT INTO CONTACT (Contact_id, Fname, Mname, Lname) VALUES (813, "Nita", "", "Phelipeau");
INSERT INTO PHONE (Contact_id, Phone_type, Area_code, Number) VALUES (813, "Work", "470", "470-577-6907");
INSERT INTO PHONE (Contact_id, Phone_type, Area_code, Number) VALUES (813, "Cell", "944", "944-558-2647");
INSERT INTO ADDRESS (Contact_id, Address_type, Address, City, State, Zip) VALUES (813, "Home", "26 Roxbury Terrace", "Dallas", "Texas", "75011");
INSERT INTO DATE (Contact_id, Date_type, Date) VALUES (813, "BirthDate", "1980-03-30");
INSERT INTO CONTACT (Contact_id, Fname, Mname, Lname) VALUES (814, "Banky", "Pauli", "de Marco");
INSERT INTO PHONE (Contact_id, Phone_type, Area_code, Number) VALUES (814, "Work", "335", "335-655-4840");
INSERT INTO PHONE (Contact_id, Phone_type, Area_code, Number) VALUES (814, "Cell", "722", "722-606-1802");
INSERT INTO ADDRESS (Contact_id, Address_type, Address, City, State, Zip) VALUES (814, "Work", "02 Sunnyside Junction", "Richardson", "Texas", "75005");
INSERT INTO DATE (Contact_id, Date_type, Date) VALUES (813, "BirthDate", "1980-03-30");
INSERT INTO CONTACT (Contact_id, Fname, Mname, Lname) VALUES (815, "Nannette", "Teresita", "Howchin");
INSERT INTO PHONE (Contact_id, Phone_type, Area_code, Number) VALUES (815, "Work", "191", "191-290-6834");
INSERT INTO PHONE (Contact_id, Phone_type, Area_code, Number) VALUES (815, "Cell", "283", "283-889-0953");
INSERT INTO ADDRESS (Contact_id, Address_type, Address, City, State, Zip) VALUES (815, "Work", "798 Pond Point", "Addison", "Texas", "75007");
INSERT INTO DATE (Contact_id, Date_type, Date) VALUES (813, "BirthDate", "1980-03-30");
INSERT INTO CONTACT (Contact_id, Fname, Mname, Lname) VALUES (816, "Paulette", "", "Humbles");
INSERT INTO PHONE (Contact_id, Phone_type, Area_code, Number) VALUES (816, "Work", "955", "955-687-6674");
INSERT INTO PHONE (Contact_id, Phone_type, Area_code, Number) VALUES (816, "Cell", "622", "622-752-0843");
INSERT INTO ADDRESS (Contact_id, Address_type, Address, City, State, Zip) VALUES (816, "Home", "592 Park Meadow Center", "Addison", "Texas", "75060");
INSERT INTO DATE (Contact_id, Date_type, Date) VALUES (816, "BirthDate", "1971-09-23");
INSERT INTO CONTACT (Contact_id, Fname, Mname, Lname) VALUES (817, "Nicholas", "Olivia", "Dunphie");
INSERT INTO PHONE (Contact_id, Phone_type, Area_code, Number) VALUES (817, "Work", "863", "863-719-8150");
INSERT INTO PHONE (Contact_id, Phone_type, Area_code, Number) VALUES (817, "Cell", "845", "845-171-0555");
INSERT INTO ADDRESS (Contact_id, Address_type, Address, City, State, Zip) VALUES (817, "Home", "15752 Lillian Pass", "Plano", "Texas", "75034");
INSERT INTO DATE (Contact_id, Date_type, Date) VALUES (817, "BirthDate", "1971-11-25");
INSERT INTO CONTACT (Contact_id, Fname, Mname, Lname) VALUES (818, "Ozzy", "Whitney", "Fearenside");
INSERT INTO PHONE (Contact_id, Phone_type, Area_code, Number) VALUES (818, "Home", "467", "467-709-3343");
INSERT INTO PHONE (Contact_id, Phone_type, Area_code, Number) VALUES (818, "Cell", "879", "879-419-6928");
INSERT INTO ADDRESS (Contact_id, Address_type, Address, City, State, Zip) VALUES (818, "Home", "1159 Harbort Center", "Plano", "Texas", "75007");
INSERT INTO DATE (Contact_id, Date_type, Date) VALUES (817, "BirthDate", "1971-11-25");
INSERT INTO CONTACT (Contact_id, Fname, Mname, Lname) VALUES (819, "Delinda", "", "Bagge");
INSERT INTO PHONE (Contact_id, Phone_type, Area_code, Number) VALUES (819, "Work", "379", "379-625-9619");
INSERT INTO PHONE (Contact_id, Phone_type, Area_code, Number) VALUES (819, "Cell", "294", "294-257-3187");
INSERT INTO ADDRESS (Contact_id, Address_type, Address, City, State, Zip) VALUES (819, "Home", "14510 Northfield Street", "Dallas", "Texas", "75023");
INSERT INTO DATE (Contact_id, Date_type, Date) VALUES (817, "BirthDate", "1971-11-25");
INSERT INTO CONTACT (Contact_id, Fname, Mname, Lname) VALUES (820, "Adolphus", "", "Hynes");
INSERT INTO PHONE (Contact_id, Phone_type, Area_code, Number) VALUES (820, "Work", "509", "509-451-7131");
INSERT INTO PHONE (Contact_id, Phone_type, Area_code, Number) VALUES (820, "Cell", "850", "850-113-0655");
INSERT INTO ADDRESS (Contact_id, Address_type, Address, City, State, Zip) VALUES (820, "Work", "2584 Milwaukee Center", "Dallas", "Texas", "75004");
INSERT INTO DATE (Contact_id, Date_type, Date) VALUES (820, "BirthDate", "1986-04-10");
INSERT INTO CONTACT (Contact_id, Fname, Mname, Lname) VALUES (821, "Katharina", "Wilhelmina", "Bryant");
INSERT INTO PHONE (Contact_id, Phone_type, Area_code, Number) VALUES (821, "Work", "184", "184-262-2570");
INSERT INTO PHONE (Contact_id, Phone_type, Area_code, Number) VALUES (821, "Cell", "444", "444-854-0708");
INSERT INTO ADDRESS (Contact_id, Address_type, Address, City, State, Zip) VALUES (821, "Home", "5 Dorton Crossing", "Dallas", "Texas", "75050");
INSERT INTO DATE (Contact_id, Date_type, Date) VALUES (821, "BirthDate", "1991-09-09");
INSERT INTO CONTACT (Contact_id, Fname, Mname, Lname) VALUES (822, "Whitney", "Ber", "Wasielewicz");
INSERT INTO PHONE (Contact_id, Phone_type, Area_code, Number) VALUES (822, "Work", "637", "637-487-7892");
INSERT INTO PHONE (Contact_id, Phone_type, Area_code, Number) VALUES (822, "Cell", "590", "590-444-7984");
INSERT INTO ADDRESS (Contact_id, Address_type, Address, City, State, Zip) VALUES (822, "Home", "2114 Ramsey Lane", "Dallas", "Texas", "75014");
INSERT INTO DATE (Contact_id, Date_type, Date) VALUES (821, "BirthDate", "1991-09-09");
INSERT INTO CONTACT (Contact_id, Fname, Mname, Lname) VALUES (823, "Tamma", "Yale", "Dupoy");
INSERT INTO PHONE (Contact_id, Phone_type, Area_code, Number) VALUES (823, "Work", "519", "519-765-8448");
INSERT INTO PHONE (Contact_id, Phone_type, Area_code, Number) VALUES (823, "Cell", "407", "407-262-6721");
INSERT INTO ADDRESS (Contact_id, Address_type, Address, City, State, Zip) VALUES (823, "Work", "639 Talisman Road", "Addison", "Texas", "75002");
INSERT INTO DATE (Contact_id, Date_type, Date) VALUES (821, "BirthDate", "1991-09-09");
INSERT INTO CONTACT (Contact_id, Fname, Mname, Lname) VALUES (824, "Bevan", "Ryon", "Drance");
INSERT INTO PHONE (Contact_id, Phone_type, Area_code, Number) VALUES (824, "Work", "895", "895-892-3925");
INSERT INTO PHONE (Contact_id, Phone_type, Area_code, Number) VALUES (824, "Cell", "834", "834-537-0203");
INSERT INTO ADDRESS (Contact_id, Address_type, Address, City, State, Zip) VALUES (824, "Work", "84 7th Crossing", "Addison", "Texas", "75008");
INSERT INTO DATE (Contact_id, Date_type, Date) VALUES (824, "BirthDate", "1996-10-19");
INSERT INTO CONTACT (Contact_id, Fname, Mname, Lname) VALUES (825, "Tad", "", "Meijer");
INSERT INTO PHONE (Contact_id, Phone_type, Area_code, Number) VALUES (825, "Home", "953", "953-890-4936");
INSERT INTO PHONE (Contact_id, Phone_type, Area_code, Number) VALUES (825, "Cell", "258", "258-890-1612");
INSERT INTO ADDRESS (Contact_id, Address_type, Address, City, State, Zip) VALUES (825, "Home", "9412 Kennedy Plaza", "Richardson", "Texas", "75050");
INSERT INTO DATE (Contact_id, Date_type, Date) VALUES (824, "BirthDate", "1996-10-19");
INSERT INTO CONTACT (Contact_id, Fname, Mname, Lname) VALUES (826, "Levey", "", "Kenwell");
INSERT INTO PHONE (Contact_id, Phone_type, Area_code, Number) VALUES (825, "Home", "953", "953-890-4936");
INSERT INTO PHONE (Contact_id, Phone_type, Area_code, Number) VALUES (826, "Cell", "636", "636-442-5293");
INSERT INTO ADDRESS (Contact_id, Address_type, Address, City, State, Zip) VALUES (826, "Home", "8 Monica Park", "Richardson", "Texas", "75075");
INSERT INTO DATE (Contact_id, Date_type, Date) VALUES (826, "BirthDate", "1977-02-13");
INSERT INTO CONTACT (Contact_id, Fname, Mname, Lname) VALUES (827, "Yorgo", "", "Moorfield");
INSERT INTO PHONE (Contact_id, Phone_type, Area_code, Number) VALUES (827, "Work", "924", "924-787-8391");
INSERT INTO PHONE (Contact_id, Phone_type, Area_code, Number) VALUES (827, "Cell", "343", "343-451-6744");
INSERT INTO ADDRESS (Contact_id, Address_type, Address, City, State, Zip) VALUES (827, "Work", "2521 Petterle Junction", "Richardson", "Texas", "75009");
INSERT INTO DATE (Contact_id, Date_type, Date) VALUES (827, "BirthDate", "1986-03-22");
INSERT INTO CONTACT (Contact_id, Fname, Mname, Lname) VALUES (828, "Perceval", "", "Gawn");
INSERT INTO PHONE (Contact_id, Phone_type, Area_code, Number) VALUES (827, "Work", "924", "924-787-8391");
INSERT INTO PHONE (Contact_id, Phone_type, Area_code, Number) VALUES (828, "Cell", "771", "771-969-9250");
INSERT INTO ADDRESS (Contact_id, Address_type, Address, City, State, Zip) VALUES (828, "Work", "615 Lunder Hill", "Richardson", "Texas", "75001");
INSERT INTO DATE (Contact_id, Date_type, Date) VALUES (828, "BirthDate", "1987-05-14");
INSERT INTO CONTACT (Contact_id, Fname, Mname, Lname) VALUES (829, "Coop", "Rafael", "Simenet");
INSERT INTO PHONE (Contact_id, Phone_type, Area_code, Number) VALUES (829, "Home", "454", "454-608-7736");
INSERT INTO PHONE (Contact_id, Phone_type, Area_code, Number) VALUES (829, "Cell", "174", "174-294-1074");
INSERT INTO ADDRESS (Contact_id, Address_type, Address, City, State, Zip) VALUES (828, "Work", "615 Lunder Hill", "Richardson", "Texas", "75001");
INSERT INTO DATE (Contact_id, Date_type, Date) VALUES (828, "BirthDate", "1987-05-14");
INSERT INTO CONTACT (Contact_id, Fname, Mname, Lname) VALUES (830, "Kristin", "Barrie", "Wooder");
INSERT INTO PHONE (Contact_id, Phone_type, Area_code, Number) VALUES (830, "Home", "617", "617-789-0523");
INSERT INTO PHONE (Contact_id, Phone_type, Area_code, Number) VALUES (830, "Cell", "270", "270-380-7807");
INSERT INTO ADDRESS (Contact_id, Address_type, Address, City, State, Zip) VALUES (830, "Work", "24624 Dovetail Crossing", "Addison", "Texas", "75007");
INSERT INTO DATE (Contact_id, Date_type, Date) VALUES (830, "BirthDate", "1978-04-10");
INSERT INTO CONTACT (Contact_id, Fname, Mname, Lname) VALUES (831, "Samara", "Beniamino", "Schoenrock");
INSERT INTO PHONE (Contact_id, Phone_type, Area_code, Number) VALUES (831, "Work", "302", "302-786-4295");
INSERT INTO PHONE (Contact_id, Phone_type, Area_code, Number) VALUES (830, "Cell", "270", "270-380-7807");
INSERT INTO ADDRESS (Contact_id, Address_type, Address, City, State, Zip) VALUES (831, "Work", "8 Nevada Point", "Dallas", "Texas", "75003");
INSERT INTO DATE (Contact_id, Date_type, Date) VALUES (830, "BirthDate", "1978-04-10");
INSERT INTO CONTACT (Contact_id, Fname, Mname, Lname) VALUES (832, "Hart", "Harli", "Santorini");
INSERT INTO PHONE (Contact_id, Phone_type, Area_code, Number) VALUES (831, "Work", "302", "302-786-4295");
INSERT INTO PHONE (Contact_id, Phone_type, Area_code, Number) VALUES (832, "Cell", "406", "406-805-5023");
INSERT INTO ADDRESS (Contact_id, Address_type, Address, City, State, Zip) VALUES (832, "Home", "97 Holmberg Place", "Addison", "Texas", "");
INSERT INTO DATE (Contact_id, Date_type, Date) VALUES (832, "BirthDate", "1984-04-01");
INSERT INTO CONTACT (Contact_id, Fname, Mname, Lname) VALUES (833, "Cherilyn", "Jerrilyn", "Americi");
INSERT INTO PHONE (Contact_id, Phone_type, Area_code, Number) VALUES (831, "Work", "302", "302-786-4295");
INSERT INTO PHONE (Contact_id, Phone_type, Area_code, Number) VALUES (833, "Cell", "269", "269-427-3689");
INSERT INTO ADDRESS (Contact_id, Address_type, Address, City, State, Zip) VALUES (833, "Home", "27 Vahlen Street", "Allen", "Texas", "75040");
INSERT INTO DATE (Contact_id, Date_type, Date) VALUES (833, "BirthDate", "1972-03-17");
INSERT INTO CONTACT (Contact_id, Fname, Mname, Lname) VALUES (834, "Tallou", "Patrica", "Elsegood");
INSERT INTO PHONE (Contact_id, Phone_type, Area_code, Number) VALUES (831, "Work", "302", "302-786-4295");
INSERT INTO PHONE (Contact_id, Phone_type, Area_code, Number) VALUES (834, "Cell", "633", "633-496-2564");
INSERT INTO ADDRESS (Contact_id, Address_type, Address, City, State, Zip) VALUES (834, "Work", "2769 Ramsey Junction", "Allen", "Texas", "75002");
INSERT INTO DATE (Contact_id, Date_type, Date) VALUES (834, "BirthDate", "1969-09-07");
INSERT INTO CONTACT (Contact_id, Fname, Mname, Lname) VALUES (835, "Kort", "", "Eames");
INSERT INTO PHONE (Contact_id, Phone_type, Area_code, Number) VALUES (835, "Home", "264", "264-862-5184");
INSERT INTO PHONE (Contact_id, Phone_type, Area_code, Number) VALUES (835, "Cell", "343", "343-943-3323");
INSERT INTO ADDRESS (Contact_id, Address_type, Address, City, State, Zip) VALUES (835, "Work", "945 Hagan Terrace", "Allen", "Texas", "75008");
INSERT INTO DATE (Contact_id, Date_type, Date) VALUES (835, "BirthDate", "1965-09-03");
INSERT INTO CONTACT (Contact_id, Fname, Mname, Lname) VALUES (836, "Rebecka", "Kylie", "Besson");
INSERT INTO PHONE (Contact_id, Phone_type, Area_code, Number) VALUES (836, "Home", "512", "512-144-3570");
INSERT INTO PHONE (Contact_id, Phone_type, Area_code, Number) VALUES (836, "Cell", "201", "201-541-9001");
INSERT INTO ADDRESS (Contact_id, Address_type, Address, City, State, Zip) VALUES (836, "Work", "974 Green Center", "Richardson", "Texas", "75007");
INSERT INTO DATE (Contact_id, Date_type, Date) VALUES (835, "BirthDate", "1965-09-03");
INSERT INTO CONTACT (Contact_id, Fname, Mname, Lname) VALUES (837, "Sheree", "Charleen", "Gallety");
INSERT INTO PHONE (Contact_id, Phone_type, Area_code, Number) VALUES (837, "Work", "883", "883-823-1560");
INSERT INTO PHONE (Contact_id, Phone_type, Area_code, Number) VALUES (837, "Cell", "962", "962-703-9002");
INSERT INTO ADDRESS (Contact_id, Address_type, Address, City, State, Zip) VALUES (837, "Work", "10 Harbort Plaza", "Allen", "Texas", "75003");
INSERT INTO DATE (Contact_id, Date_type, Date) VALUES (835, "BirthDate", "1965-09-03");
INSERT INTO CONTACT (Contact_id, Fname, Mname, Lname) VALUES (838, "Arlana", "Josey", "Garrow");
INSERT INTO PHONE (Contact_id, Phone_type, Area_code, Number) VALUES (837, "Work", "883", "883-823-1560");
INSERT INTO PHONE (Contact_id, Phone_type, Area_code, Number) VALUES (838, "Cell", "215", "215-180-4077");
INSERT INTO ADDRESS (Contact_id, Address_type, Address, City, State, Zip) VALUES (838, "Work", "417 Sachs Point", "Dallas", "Texas", "75004");
INSERT INTO DATE (Contact_id, Date_type, Date) VALUES (835, "BirthDate", "1965-09-03");
INSERT INTO CONTACT (Contact_id, Fname, Mname, Lname) VALUES (839, "Laurella", "", "Stuther");
INSERT INTO PHONE (Contact_id, Phone_type, Area_code, Number) VALUES (837, "Work", "883", "883-823-1560");
INSERT INTO PHONE (Contact_id, Phone_type, Area_code, Number) VALUES (839, "Cell", "900", "900-162-0415");
INSERT INTO ADDRESS (Contact_id, Address_type, Address, City, State, Zip) VALUES (839, "Work", "8875 Porter Drive", "Dallas", "Texas", "75001");
INSERT INTO DATE (Contact_id, Date_type, Date) VALUES (835, "BirthDate", "1965-09-03");
INSERT INTO CONTACT (Contact_id, Fname, Mname, Lname) VALUES (840, "Ilario", "Edy", "Pimblotte");
INSERT INTO PHONE (Contact_id, Phone_type, Area_code, Number) VALUES (840, "Work", "480", "480-530-4680");
INSERT INTO PHONE (Contact_id, Phone_type, Area_code, Number) VALUES (840, "Cell", "233", "233-835-0822");
INSERT INTO ADDRESS (Contact_id, Address_type, Address, City, State, Zip) VALUES (839, "Work", "8875 Porter Drive", "Dallas", "Texas", "75001");
INSERT INTO DATE (Contact_id, Date_type, Date) VALUES (835, "BirthDate", "1965-09-03");
INSERT INTO CONTACT (Contact_id, Fname, Mname, Lname) VALUES (841, "Evangeline", "Leonid", "Anderson");
INSERT INTO PHONE (Contact_id, Phone_type, Area_code, Number) VALUES (841, "Work", "859", "859-693-9970");
INSERT INTO PHONE (Contact_id, Phone_type, Area_code, Number) VALUES (841, "Cell", "959", "959-996-4686");
INSERT INTO ADDRESS (Contact_id, Address_type, Address, City, State, Zip) VALUES (841, "Work", "6880 Havey Park", "Plano", "Texas", "75001");
INSERT INTO DATE (Contact_id, Date_type, Date) VALUES (841, "BirthDate", "1992-02-05");
INSERT INTO CONTACT (Contact_id, Fname, Mname, Lname) VALUES (842, "Madge", "", "Glassford");
INSERT INTO PHONE (Contact_id, Phone_type, Area_code, Number) VALUES (842, "Home", "283", "283-318-2108");
INSERT INTO PHONE (Contact_id, Phone_type, Area_code, Number) VALUES (842, "Cell", "717", "717-877-3925");
INSERT INTO ADDRESS (Contact_id, Address_type, Address, City, State, Zip) VALUES (842, "Work", "9797 Summit Terrace", "Plano", "Texas", "75002");
INSERT INTO DATE (Contact_id, Date_type, Date) VALUES (841, "BirthDate", "1992-02-05");
INSERT INTO CONTACT (Contact_id, Fname, Mname, Lname) VALUES (843, "Lian", "Rudd", "Gisbourn");
INSERT INTO PHONE (Contact_id, Phone_type, Area_code, Number) VALUES (843, "Work", "951", "951-558-0099");
INSERT INTO PHONE (Contact_id, Phone_type, Area_code, Number) VALUES (843, "Cell", "617", "617-186-5787");
INSERT INTO ADDRESS (Contact_id, Address_type, Address, City, State, Zip) VALUES (843, "Home", "31006 Londonderry Pass", "Allen", "Texas", "75065");
INSERT INTO DATE (Contact_id, Date_type, Date) VALUES (843, "BirthDate", "1971-03-17");
INSERT INTO CONTACT (Contact_id, Fname, Mname, Lname) VALUES (844, "Dyna", "", "Hadfield");
INSERT INTO PHONE (Contact_id, Phone_type, Area_code, Number) VALUES (843, "Work", "951", "951-558-0099");
INSERT INTO PHONE (Contact_id, Phone_type, Area_code, Number) VALUES (844, "Cell", "283", "283-755-7709");
INSERT INTO ADDRESS (Contact_id, Address_type, Address, City, State, Zip) VALUES (844, "Work", "82863 Superior Circle", "Dallas", "Texas", "75001");
INSERT INTO DATE (Contact_id, Date_type, Date) VALUES (843, "BirthDate", "1971-03-17");
INSERT INTO CONTACT (Contact_id, Fname, Mname, Lname) VALUES (845, "Donal", "", "Leaburn");
INSERT INTO PHONE (Contact_id, Phone_type, Area_code, Number) VALUES (845, "Work", "287", "287-784-2258");
INSERT INTO PHONE (Contact_id, Phone_type, Area_code, Number) VALUES (845, "Cell", "414", "414-111-9268");
INSERT INTO ADDRESS (Contact_id, Address_type, Address, City, State, Zip) VALUES (845, "Home", "13 Park Meadow Way", "Allen", "Texas", "75065");
INSERT INTO DATE (Contact_id, Date_type, Date) VALUES (843, "BirthDate", "1971-03-17");
INSERT INTO CONTACT (Contact_id, Fname, Mname, Lname) VALUES (846, "Randall", "", "Lickorish");
INSERT INTO PHONE (Contact_id, Phone_type, Area_code, Number) VALUES (846, "Home", "986", "986-267-9674");
INSERT INTO PHONE (Contact_id, Phone_type, Area_code, Number) VALUES (846, "Cell", "127", "127-211-9811");
INSERT INTO ADDRESS (Contact_id, Address_type, Address, City, State, Zip) VALUES (846, "Work", "1595 Moland Center", "Addison", "Texas", "75002");
INSERT INTO DATE (Contact_id, Date_type, Date) VALUES (843, "BirthDate", "1971-03-17");
INSERT INTO CONTACT (Contact_id, Fname, Mname, Lname) VALUES (847, "Ambur", "Gwenni", "Ilyuchyov");
INSERT INTO PHONE (Contact_id, Phone_type, Area_code, Number) VALUES (847, "Work", "897", "897-289-5995");
INSERT INTO PHONE (Contact_id, Phone_type, Area_code, Number) VALUES (847, "Cell", "836", "836-212-6365");
INSERT INTO ADDRESS (Contact_id, Address_type, Address, City, State, Zip) VALUES (847, "Work", "7558 Pawling Way", "Allen", "Texas", "75001");
INSERT INTO DATE (Contact_id, Date_type, Date) VALUES (847, "BirthDate", "1975-03-02");
INSERT INTO CONTACT (Contact_id, Fname, Mname, Lname) VALUES (848, "Bren", "", "MacGorley");
INSERT INTO PHONE (Contact_id, Phone_type, Area_code, Number) VALUES (848, "Work", "762", "762-226-6419");
INSERT INTO PHONE (Contact_id, Phone_type, Area_code, Number) VALUES (848, "Cell", "831", "831-799-3385");
INSERT INTO ADDRESS (Contact_id, Address_type, Address, City, State, Zip) VALUES (848, "Work", "06 Vera Street", "Allen", "Texas", "75003");
INSERT INTO DATE (Contact_id, Date_type, Date) VALUES (847, "BirthDate", "1975-03-02");
INSERT INTO CONTACT (Contact_id, Fname, Mname, Lname) VALUES (849, "Rodie", "", "Fentem");
INSERT INTO PHONE (Contact_id, Phone_type, Area_code, Number) VALUES (849, "Home", "443", "443-123-5572");
INSERT INTO PHONE (Contact_id, Phone_type, Area_code, Number) VALUES (849, "Cell", "592", "592-373-9842");
INSERT INTO ADDRESS (Contact_id, Address_type, Address, City, State, Zip) VALUES (849, "Work", "0 Sachtjen Lane", "Allen", "Texas", "75009");
INSERT INTO DATE (Contact_id, Date_type, Date) VALUES (847, "BirthDate", "1975-03-02");
INSERT INTO CONTACT (Contact_id, Fname, Mname, Lname) VALUES (850, "Stearn", "", "Aspden");
INSERT INTO PHONE (Contact_id, Phone_type, Area_code, Number) VALUES (850, "Work", "684", "684-855-3678");
INSERT INTO PHONE (Contact_id, Phone_type, Area_code, Number) VALUES (850, "Cell", "371", "371-699-7087");
INSERT INTO ADDRESS (Contact_id, Address_type, Address, City, State, Zip) VALUES (850, "Home", "2791 Susan Circle", "Richardson", "Texas", "75093");
INSERT INTO DATE (Contact_id, Date_type, Date) VALUES (850, "BirthDate", "1982-06-01");
INSERT INTO CONTACT (Contact_id, Fname, Mname, Lname) VALUES (851, "Stuart", "", "Locker");
INSERT INTO PHONE (Contact_id, Phone_type, Area_code, Number) VALUES (851, "Work", "850", "850-336-0262");
INSERT INTO PHONE (Contact_id, Phone_type, Area_code, Number) VALUES (851, "Cell", "712", "712-748-3983");
INSERT INTO ADDRESS (Contact_id, Address_type, Address, City, State, Zip) VALUES (850, "Home", "2791 Susan Circle", "Richardson", "Texas", "75093");
INSERT INTO DATE (Contact_id, Date_type, Date) VALUES (851, "BirthDate", "1994-06-10");
INSERT INTO CONTACT (Contact_id, Fname, Mname, Lname) VALUES (852, "Conway", "Isabelita", "Laskey");
INSERT INTO PHONE (Contact_id, Phone_type, Area_code, Number) VALUES (852, "Work", "922", "922-598-2752");
INSERT INTO PHONE (Contact_id, Phone_type, Area_code, Number) VALUES (852, "Cell", "253", "253-819-0347");
INSERT INTO ADDRESS (Contact_id, Address_type, Address, City, State, Zip) VALUES (852, "Work", "46 Tony Terrace", "Allen", "Texas", "75003");
INSERT INTO DATE (Contact_id, Date_type, Date) VALUES (852, "BirthDate", "1976-04-08");
INSERT INTO CONTACT (Contact_id, Fname, Mname, Lname) VALUES (853, "Ellswerth", "Nahum", "Leisk");
INSERT INTO PHONE (Contact_id, Phone_type, Area_code, Number) VALUES (853, "Home", "126", "126-341-6977");
INSERT INTO PHONE (Contact_id, Phone_type, Area_code, Number) VALUES (853, "Cell", "893", "893-991-4691");
INSERT INTO ADDRESS (Contact_id, Address_type, Address, City, State, Zip) VALUES (853, "Work", "6 Dottie Crossing", "Plano", "Texas", "75001");
INSERT INTO DATE (Contact_id, Date_type, Date) VALUES (852, "BirthDate", "1976-04-08");
INSERT INTO CONTACT (Contact_id, Fname, Mname, Lname) VALUES (854, "Grete", "", "Dener");
INSERT INTO PHONE (Contact_id, Phone_type, Area_code, Number) VALUES (854, "Work", "619", "619-377-1740");
INSERT INTO PHONE (Contact_id, Phone_type, Area_code, Number) VALUES (854, "Cell", "592", "592-773-8920");
INSERT INTO ADDRESS (Contact_id, Address_type, Address, City, State, Zip) VALUES (854, "Home", "8314 Dennis Junction", "Plano", "Texas", "75001");
INSERT INTO DATE (Contact_id, Date_type, Date) VALUES (854, "BirthDate", "1996-03-26");
INSERT INTO CONTACT (Contact_id, Fname, Mname, Lname) VALUES (855, "Stanislaus", "Lowell", "McCullock");
INSERT INTO PHONE (Contact_id, Phone_type, Area_code, Number) VALUES (855, "Home", "582", "582-315-1074");
INSERT INTO PHONE (Contact_id, Phone_type, Area_code, Number) VALUES (855, "Cell", "773", "773-970-7769");
INSERT INTO ADDRESS (Contact_id, Address_type, Address, City, State, Zip) VALUES (855, "Work", "5146 Grayhawk Junction", "Allen", "Texas", "75006");
INSERT INTO DATE (Contact_id, Date_type, Date) VALUES (855, "BirthDate", "1967-01-11");
INSERT INTO CONTACT (Contact_id, Fname, Mname, Lname) VALUES (856, "Allene", "Abeu", "Pingstone");
INSERT INTO PHONE (Contact_id, Phone_type, Area_code, Number) VALUES (856, "Work", "418", "418-682-1742");
INSERT INTO PHONE (Contact_id, Phone_type, Area_code, Number) VALUES (856, "Cell", "562", "562-151-7702");
INSERT INTO ADDRESS (Contact_id, Address_type, Address, City, State, Zip) VALUES (856, "Home", "9 Ohio Street", "Plano", "Texas", "");
INSERT INTO DATE (Contact_id, Date_type, Date) VALUES (855, "BirthDate", "1967-01-11");
INSERT INTO CONTACT (Contact_id, Fname, Mname, Lname) VALUES (857, "Brigitte", "Fax", "Dibb");
INSERT INTO PHONE (Contact_id, Phone_type, Area_code, Number) VALUES (857, "Home", "235", "235-103-6400");
INSERT INTO PHONE (Contact_id, Phone_type, Area_code, Number) VALUES (857, "Cell", "475", "475-516-0015");
INSERT INTO ADDRESS (Contact_id, Address_type, Address, City, State, Zip) VALUES (857, "Work", "4 Mccormick Court", "Addison", "Texas", "75005");
INSERT INTO DATE (Contact_id, Date_type, Date) VALUES (857, "BirthDate", "1979-09-05");
INSERT INTO CONTACT (Contact_id, Fname, Mname, Lname) VALUES (858, "Meyer", "", "Antoniou");
INSERT INTO PHONE (Contact_id, Phone_type, Area_code, Number) VALUES (858, "Work", "487", "487-475-9225");
INSERT INTO PHONE (Contact_id, Phone_type, Area_code, Number) VALUES (858, "Cell", "732", "732-607-9193");
INSERT INTO ADDRESS (Contact_id, Address_type, Address, City, State, Zip) VALUES (858, "Home", "16 Maryland Center", "Richardson", "Texas", "");
INSERT INTO DATE (Contact_id, Date_type, Date) VALUES (858, "BirthDate", "1995-11-05");
INSERT INTO CONTACT (Contact_id, Fname, Mname, Lname) VALUES (859, "Bryn", "Issiah", "Rycraft");
INSERT INTO PHONE (Contact_id, Phone_type, Area_code, Number) VALUES (858, "Work", "487", "487-475-9225");
INSERT INTO PHONE (Contact_id, Phone_type, Area_code, Number) VALUES (859, "Cell", "908", "908-946-5348");
INSERT INTO ADDRESS (Contact_id, Address_type, Address, City, State, Zip) VALUES (859, "Work", "9520 Schiller Trail", "Dallas", "Texas", "75006");
INSERT INTO DATE (Contact_id, Date_type, Date) VALUES (859, "BirthDate", "1976-11-12");
INSERT INTO CONTACT (Contact_id, Fname, Mname, Lname) VALUES (860, "Monique", "", "Ruskin");
INSERT INTO PHONE (Contact_id, Phone_type, Area_code, Number) VALUES (858, "Work", "487", "487-475-9225");
INSERT INTO PHONE (Contact_id, Phone_type, Area_code, Number) VALUES (859, "Cell", "908", "908-946-5348");
INSERT INTO ADDRESS (Contact_id, Address_type, Address, City, State, Zip) VALUES (860, "Home", "7 Fairfield Drive", "Plano", "Texas", "75066");
INSERT INTO DATE (Contact_id, Date_type, Date) VALUES (860, "BirthDate", "1987-04-10");
INSERT INTO CONTACT (Contact_id, Fname, Mname, Lname) VALUES (861, "Kelci", "", "Davioud");
INSERT INTO PHONE (Contact_id, Phone_type, Area_code, Number) VALUES (861, "Work", "773", "773-695-1138");
INSERT INTO PHONE (Contact_id, Phone_type, Area_code, Number) VALUES (861, "Cell", "869", "869-605-8648");
INSERT INTO ADDRESS (Contact_id, Address_type, Address, City, State, Zip) VALUES (860, "Home", "7 Fairfield Drive", "Plano", "Texas", "75066");
INSERT INTO DATE (Contact_id, Date_type, Date) VALUES (861, "BirthDate", "1978-09-17");
INSERT INTO CONTACT (Contact_id, Fname, Mname, Lname) VALUES (862, "Farr", "Alison", "Igoe");
INSERT INTO PHONE (Contact_id, Phone_type, Area_code, Number) VALUES (861, "Work", "773", "773-695-1138");
INSERT INTO PHONE (Contact_id, Phone_type, Area_code, Number) VALUES (862, "Cell", "566", "566-451-9884");
INSERT INTO ADDRESS (Contact_id, Address_type, Address, City, State, Zip) VALUES (862, "Work", "157 Drewry Circle", "Richardson", "Texas", "75008");
INSERT INTO DATE (Contact_id, Date_type, Date) VALUES (861, "BirthDate", "1978-09-17");
INSERT INTO CONTACT (Contact_id, Fname, Mname, Lname) VALUES (863, "Lesley", "Filia", "Palfreeman");
INSERT INTO PHONE (Contact_id, Phone_type, Area_code, Number) VALUES (863, "Work", "100", "100-551-9931");
INSERT INTO PHONE (Contact_id, Phone_type, Area_code, Number) VALUES (863, "Cell", "562", "562-697-0174");
INSERT INTO ADDRESS (Contact_id, Address_type, Address, City, State, Zip) VALUES (863, "Home", "93552 Muir Plaza", "Dallas", "Texas", "75059");
INSERT INTO DATE (Contact_id, Date_type, Date) VALUES (861, "BirthDate", "1978-09-17");
INSERT INTO CONTACT (Contact_id, Fname, Mname, Lname) VALUES (864, "Alley", "", "Stoeck");
INSERT INTO PHONE (Contact_id, Phone_type, Area_code, Number) VALUES (864, "Work", "263", "263-674-7139");
INSERT INTO PHONE (Contact_id, Phone_type, Area_code, Number) VALUES (863, "Cell", "562", "562-697-0174");
INSERT INTO ADDRESS (Contact_id, Address_type, Address, City, State, Zip) VALUES (864, "Home", "8 Stoughton Terrace", "Addison", "Texas", "75096");
INSERT INTO DATE (Contact_id, Date_type, Date) VALUES (864, "BirthDate", "1967-03-16");
INSERT INTO CONTACT (Contact_id, Fname, Mname, Lname) VALUES (865, "Austina", "", "Sherebrooke");
INSERT INTO PHONE (Contact_id, Phone_type, Area_code, Number) VALUES (865, "Home", "493", "493-614-2925");
INSERT INTO PHONE (Contact_id, Phone_type, Area_code, Number) VALUES (865, "Cell", "611", "611-207-0976");
INSERT INTO ADDRESS (Contact_id, Address_type, Address, City, State, Zip) VALUES (865, "Home", "2 Rutledge Lane", "Allen", "Texas", "75019");
INSERT INTO DATE (Contact_id, Date_type, Date) VALUES (865, "BirthDate", "1986-01-05");
INSERT INTO CONTACT (Contact_id, Fname, Mname, Lname) VALUES (866, "Rozanna", "Damiano", "Haggeth");
INSERT INTO PHONE (Contact_id, Phone_type, Area_code, Number) VALUES (866, "Work", "599", "599-262-3891");
INSERT INTO PHONE (Contact_id, Phone_type, Area_code, Number) VALUES (866, "Cell", "753", "753-922-1251");
INSERT INTO ADDRESS (Contact_id, Address_type, Address, City, State, Zip) VALUES (866, "Home", "57250 Butternut Alley", "Dallas", "Texas", "75065");
INSERT INTO DATE (Contact_id, Date_type, Date) VALUES (865, "BirthDate", "1986-01-05");
INSERT INTO CONTACT (Contact_id, Fname, Mname, Lname) VALUES (867, "Hakeem", "", "Puttrell");
INSERT INTO PHONE (Contact_id, Phone_type, Area_code, Number) VALUES (867, "Home", "480", "480-399-2911");
INSERT INTO PHONE (Contact_id, Phone_type, Area_code, Number) VALUES (867, "Cell", "156", "156-990-4734");
INSERT INTO ADDRESS (Contact_id, Address_type, Address, City, State, Zip) VALUES (867, "Work", "41 Marquette Pass", "Richardson", "Texas", "75005");
INSERT INTO DATE (Contact_id, Date_type, Date) VALUES (867, "BirthDate", "1978-03-06");
INSERT INTO CONTACT (Contact_id, Fname, Mname, Lname) VALUES (868, "Jackie", "", "Astridge");
INSERT INTO PHONE (Contact_id, Phone_type, Area_code, Number) VALUES (868, "Work", "932", "932-257-8479");
INSERT INTO PHONE (Contact_id, Phone_type, Area_code, Number) VALUES (868, "Cell", "572", "572-872-6675");
INSERT INTO ADDRESS (Contact_id, Address_type, Address, City, State, Zip) VALUES (868, "Work", "35864 Village Green Crossing", "Richardson", "Texas", "75001");
INSERT INTO DATE (Contact_id, Date_type, Date) VALUES (868, "BirthDate", "1978-02-22");
INSERT INTO CONTACT (Contact_id, Fname, Mname, Lname) VALUES (869, "Derrek", "Annis", "Baylay");
INSERT INTO PHONE (Contact_id, Phone_type, Area_code, Number) VALUES (869, "Home", "547", "547-446-2676");
INSERT INTO PHONE (Contact_id, Phone_type, Area_code, Number) VALUES (869, "Cell", "785", "785-171-6879");
INSERT INTO ADDRESS (Contact_id, Address_type, Address, City, State, Zip) VALUES (869, "Work", "5458 Starling Avenue", "Dallas", "Texas", "75004");
INSERT INTO DATE (Contact_id, Date_type, Date) VALUES (869, "BirthDate", "1979-11-05");
INSERT INTO CONTACT (Contact_id, Fname, Mname, Lname) VALUES (870, "Skipton", "", "Axelbey");
INSERT INTO PHONE (Contact_id, Phone_type, Area_code, Number) VALUES (870, "Work", "198", "198-627-3502");
INSERT INTO PHONE (Contact_id, Phone_type, Area_code, Number) VALUES (870, "Cell", "131", "131-317-1518");
INSERT INTO ADDRESS (Contact_id, Address_type, Address, City, State, Zip) VALUES (870, "Work", "18664 Ridgeway Court", "Addison", "Texas", "75003");
INSERT INTO DATE (Contact_id, Date_type, Date) VALUES (870, "BirthDate", "1986-12-28");
INSERT INTO CONTACT (Contact_id, Fname, Mname, Lname) VALUES (871, "Patric", "Mendel", "Verty");
INSERT INTO PHONE (Contact_id, Phone_type, Area_code, Number) VALUES (871, "Home", "145", "145-506-0145");
INSERT INTO PHONE (Contact_id, Phone_type, Area_code, Number) VALUES (871, "Cell", "485", "485-304-0029");
INSERT INTO ADDRESS (Contact_id, Address_type, Address, City, State, Zip) VALUES (871, "Home", "9 John Wall Terrace", "Allen", "Texas", "75024");
INSERT INTO DATE (Contact_id, Date_type, Date) VALUES (871, "BirthDate", "1964-06-05");
INSERT INTO CONTACT (Contact_id, Fname, Mname, Lname) VALUES (872, "Kitty", "Gray", "Broadley");
INSERT INTO PHONE (Contact_id, Phone_type, Area_code, Number) VALUES (872, "Work", "436", "436-482-2868");
INSERT INTO PHONE (Contact_id, Phone_type, Area_code, Number) VALUES (872, "Cell", "200", "200-526-2666");
INSERT INTO ADDRESS (Contact_id, Address_type, Address, City, State, Zip) VALUES (872, "Home", "93 Butterfield Center", "Allen", "Texas", "75084");
INSERT INTO DATE (Contact_id, Date_type, Date) VALUES (871, "BirthDate", "1964-06-05");
INSERT INTO CONTACT (Contact_id, Fname, Mname, Lname) VALUES (873, "Camella", "Karel", "Starford");
INSERT INTO PHONE (Contact_id, Phone_type, Area_code, Number) VALUES (873, "Work", "877", "877-819-5507");
INSERT INTO PHONE (Contact_id, Phone_type, Area_code, Number) VALUES (873, "Cell", "799", "799-585-8288");
INSERT INTO ADDRESS (Contact_id, Address_type, Address, City, State, Zip) VALUES (873, "Home", "65458 Glacier Hill Plaza", "Dallas", "Texas", "75064");
INSERT INTO DATE (Contact_id, Date_type, Date) VALUES (873, "BirthDate", "1983-11-29");
INSERT INTO CONTACT (Contact_id, Fname, Mname, Lname) VALUES (874, "Creight", "", "Normanvell");
INSERT INTO PHONE (Contact_id, Phone_type, Area_code, Number) VALUES (874, "Work", "492", "492-191-9580");
INSERT INTO PHONE (Contact_id, Phone_type, Area_code, Number) VALUES (874, "Cell", "446", "446-417-1884");
INSERT INTO ADDRESS (Contact_id, Address_type, Address, City, State, Zip) VALUES (874, "Work", "410 Maple Street", "Richardson", "Texas", "75007");
INSERT INTO DATE (Contact_id, Date_type, Date) VALUES (874, "BirthDate", "1992-12-29");
INSERT INTO CONTACT (Contact_id, Fname, Mname, Lname) VALUES (875, "Basilius", "", "Latan");
INSERT INTO PHONE (Contact_id, Phone_type, Area_code, Number) VALUES (875, "Work", "768", "768-153-5458");
INSERT INTO PHONE (Contact_id, Phone_type, Area_code, Number) VALUES (875, "Cell", "318", "318-407-3334");
INSERT INTO ADDRESS (Contact_id, Address_type, Address, City, State, Zip) VALUES (875, "Home", "959 Hallows Plaza", "Dallas", "Texas", "75061");
INSERT INTO DATE (Contact_id, Date_type, Date) VALUES (875, "BirthDate", "1967-05-17");
INSERT INTO CONTACT (Contact_id, Fname, Mname, Lname) VALUES (876, "Alonso", "Dedra", "Flaunier");
INSERT INTO PHONE (Contact_id, Phone_type, Area_code, Number) VALUES (876, "Work", "402", "402-651-6655");
INSERT INTO PHONE (Contact_id, Phone_type, Area_code, Number) VALUES (876, "Cell", "964", "964-726-2215");
INSERT INTO ADDRESS (Contact_id, Address_type, Address, City, State, Zip) VALUES (876, "Work", "67232 Brickson Park Street", "Richardson", "Texas", "75002");
INSERT INTO DATE (Contact_id, Date_type, Date) VALUES (875, "BirthDate", "1967-05-17");
INSERT INTO CONTACT (Contact_id, Fname, Mname, Lname) VALUES (877, "Winslow", "Nana", "Aiskovitch");
INSERT INTO PHONE (Contact_id, Phone_type, Area_code, Number) VALUES (877, "Work", "975", "975-151-3750");
INSERT INTO PHONE (Contact_id, Phone_type, Area_code, Number) VALUES (877, "Cell", "972", "972-937-5922");
INSERT INTO ADDRESS (Contact_id, Address_type, Address, City, State, Zip) VALUES (877, "Home", "7272 Hayes Point", "Allen", "Texas", "75008");
INSERT INTO DATE (Contact_id, Date_type, Date) VALUES (875, "BirthDate", "1967-05-17");
INSERT INTO CONTACT (Contact_id, Fname, Mname, Lname) VALUES (878, "Merrill", "Dorine", "Heavy");
INSERT INTO PHONE (Contact_id, Phone_type, Area_code, Number) VALUES (878, "Work", "636", "636-938-4380");
INSERT INTO PHONE (Contact_id, Phone_type, Area_code, Number) VALUES (878, "Cell", "699", "699-896-4652");
INSERT INTO ADDRESS (Contact_id, Address_type, Address, City, State, Zip) VALUES (878, "Home", "6 Golf Parkway", "Richardson", "Texas", "75003");
INSERT INTO DATE (Contact_id, Date_type, Date) VALUES (878, "BirthDate", "1982-11-27");
INSERT INTO CONTACT (Contact_id, Fname, Mname, Lname) VALUES (879, "Vina", "", "Bisco");
INSERT INTO PHONE (Contact_id, Phone_type, Area_code, Number) VALUES (879, "Home", "408", "408-789-0878");
INSERT INTO PHONE (Contact_id, Phone_type, Area_code, Number) VALUES (879, "Cell", "774", "774-736-3169");
INSERT INTO ADDRESS (Contact_id, Address_type, Address, City, State, Zip) VALUES (879, "Home", "2 Grover Plaza", "Richardson", "Texas", "75038");
INSERT INTO DATE (Contact_id, Date_type, Date) VALUES (879, "BirthDate", "1982-06-09");
INSERT INTO CONTACT (Contact_id, Fname, Mname, Lname) VALUES (880, "Olivero", "Cynthie", "Strute");
INSERT INTO PHONE (Contact_id, Phone_type, Area_code, Number) VALUES (880, "Home", "959", "959-851-9998");
INSERT INTO PHONE (Contact_id, Phone_type, Area_code, Number) VALUES (880, "Cell", "626", "626-288-0290");
INSERT INTO ADDRESS (Contact_id, Address_type, Address, City, State, Zip) VALUES (880, "Work", "8 Duke Crossing", "Richardson", "Texas", "75007");
INSERT INTO DATE (Contact_id, Date_type, Date) VALUES (880, "BirthDate", "1990-12-30");
INSERT INTO CONTACT (Contact_id, Fname, Mname, Lname) VALUES (881, "Yvon", "Viole", "Giddons");
INSERT INTO PHONE (Contact_id, Phone_type, Area_code, Number) VALUES (880, "Home", "959", "959-851-9998");
INSERT INTO PHONE (Contact_id, Phone_type, Area_code, Number) VALUES (881, "Cell", "471", "471-399-3025");
INSERT INTO ADDRESS (Contact_id, Address_type, Address, City, State, Zip) VALUES (881, "Work", "7534 Ludington Hill", "Allen", "Texas", "75007");
INSERT INTO DATE (Contact_id, Date_type, Date) VALUES (881, "BirthDate", "1978-01-02");
INSERT INTO CONTACT (Contact_id, Fname, Mname, Lname) VALUES (882, "Delmer", "Leland", "Pingston");
INSERT INTO PHONE (Contact_id, Phone_type, Area_code, Number) VALUES (882, "Home", "541", "541-668-3252");
INSERT INTO PHONE (Contact_id, Phone_type, Area_code, Number) VALUES (882, "Cell", "968", "968-208-2262");
INSERT INTO ADDRESS (Contact_id, Address_type, Address, City, State, Zip) VALUES (882, "Work", "302 East Center", "Dallas", "Texas", "75008");
INSERT INTO DATE (Contact_id, Date_type, Date) VALUES (882, "BirthDate", "1986-11-20");
INSERT INTO CONTACT (Contact_id, Fname, Mname, Lname) VALUES (883, "Maje", "Caryl", "McFadin");
INSERT INTO PHONE (Contact_id, Phone_type, Area_code, Number) VALUES (883, "Work", "828", "828-479-2638");
INSERT INTO PHONE (Contact_id, Phone_type, Area_code, Number) VALUES (883, "Cell", "146", "146-826-1049");
INSERT INTO ADDRESS (Contact_id, Address_type, Address, City, State, Zip) VALUES (883, "Work", "18730 Calypso Place", "Dallas", "Texas", "75004");
INSERT INTO DATE (Contact_id, Date_type, Date) VALUES (882, "BirthDate", "1986-11-20");
INSERT INTO CONTACT (Contact_id, Fname, Mname, Lname) VALUES (884, "Mayer", "", "Willox");
INSERT INTO PHONE (Contact_id, Phone_type, Area_code, Number) VALUES (884, "Work", "302", "302-310-8598");
INSERT INTO PHONE (Contact_id, Phone_type, Area_code, Number) VALUES (884, "Cell", "360", "360-954-0551");
INSERT INTO ADDRESS (Contact_id, Address_type, Address, City, State, Zip) VALUES (884, "Work", "10 Delladonna Junction", "Plano", "Texas", "75004");
INSERT INTO DATE (Contact_id, Date_type, Date) VALUES (884, "BirthDate", "1981-11-22");
INSERT INTO CONTACT (Contact_id, Fname, Mname, Lname) VALUES (885, "Klara", "", "Loynes");
INSERT INTO PHONE (Contact_id, Phone_type, Area_code, Number) VALUES (885, "Work", "729", "729-642-5024");
INSERT INTO PHONE (Contact_id, Phone_type, Area_code, Number) VALUES (885, "Cell", "139", "139-777-1175");
INSERT INTO ADDRESS (Contact_id, Address_type, Address, City, State, Zip) VALUES (885, "Home", "849 1st Circle", "Plano", "Texas", "");
INSERT INTO DATE (Contact_id, Date_type, Date) VALUES (884, "BirthDate", "1981-11-22");
INSERT INTO CONTACT (Contact_id, Fname, Mname, Lname) VALUES (886, "Carline", "Windy", "Lees");
INSERT INTO PHONE (Contact_id, Phone_type, Area_code, Number) VALUES (886, "Work", "822", "822-426-0682");
INSERT INTO PHONE (Contact_id, Phone_type, Area_code, Number) VALUES (886, "Cell", "740", "740-650-7982");
INSERT INTO ADDRESS (Contact_id, Address_type, Address, City, State, Zip) VALUES (886, "Work", "5208 Tennyson Alley", "Richardson", "Texas", "75004");
INSERT INTO DATE (Contact_id, Date_type, Date) VALUES (884, "BirthDate", "1981-11-22");
INSERT INTO CONTACT (Contact_id, Fname, Mname, Lname) VALUES (887, "Tedie", "Sebastiano", "Koubek");
INSERT INTO PHONE (Contact_id, Phone_type, Area_code, Number) VALUES (887, "Work", "151", "151-802-2646");
INSERT INTO PHONE (Contact_id, Phone_type, Area_code, Number) VALUES (887, "Cell", "762", "762-365-7049");
INSERT INTO ADDRESS (Contact_id, Address_type, Address, City, State, Zip) VALUES (887, "Work", "9 Kensington Circle", "Addison", "Texas", "75006");
INSERT INTO DATE (Contact_id, Date_type, Date) VALUES (884, "BirthDate", "1981-11-22");
INSERT INTO CONTACT (Contact_id, Fname, Mname, Lname) VALUES (888, "Chris", "", "Foston");
INSERT INTO PHONE (Contact_id, Phone_type, Area_code, Number) VALUES (888, "Work", "517", "517-142-9744");
INSERT INTO PHONE (Contact_id, Phone_type, Area_code, Number) VALUES (888, "Cell", "521", "521-860-4447");
INSERT INTO ADDRESS (Contact_id, Address_type, Address, City, State, Zip) VALUES (887, "Work", "9 Kensington Circle", "Addison", "Texas", "75006");
INSERT INTO DATE (Contact_id, Date_type, Date) VALUES (888, "BirthDate", "1978-04-07");
INSERT INTO CONTACT (Contact_id, Fname, Mname, Lname) VALUES (889, "Maddie", "Gustave", "Hould");
INSERT INTO PHONE (Contact_id, Phone_type, Area_code, Number) VALUES (889, "Home", "694", "694-542-6583");
INSERT INTO PHONE (Contact_id, Phone_type, Area_code, Number) VALUES (889, "Cell", "336", "336-449-9484");
INSERT INTO ADDRESS (Contact_id, Address_type, Address, City, State, Zip) VALUES (889, "Home", "84 Schmedeman Lane", "Richardson", "Texas", "75022");
INSERT INTO DATE (Contact_id, Date_type, Date) VALUES (888, "BirthDate", "1978-04-07");
INSERT INTO CONTACT (Contact_id, Fname, Mname, Lname) VALUES (890, "Michaelina", "Mellisent", "Pilmore");
INSERT INTO PHONE (Contact_id, Phone_type, Area_code, Number) VALUES (890, "Work", "115", "115-182-5549");
INSERT INTO PHONE (Contact_id, Phone_type, Area_code, Number) VALUES (890, "Cell", "267", "267-928-7637");
INSERT INTO ADDRESS (Contact_id, Address_type, Address, City, State, Zip) VALUES (890, "Home", "9 Montana Plaza", "Dallas", "Texas", "75061");
INSERT INTO DATE (Contact_id, Date_type, Date) VALUES (890, "BirthDate", "1969-09-05");
INSERT INTO CONTACT (Contact_id, Fname, Mname, Lname) VALUES (891, "Ashley", "Cyndi", "Casillis");
INSERT INTO PHONE (Contact_id, Phone_type, Area_code, Number) VALUES (891, "Work", "645", "645-457-8243");
INSERT INTO PHONE (Contact_id, Phone_type, Area_code, Number) VALUES (891, "Cell", "704", "704-448-5776");
INSERT INTO ADDRESS (Contact_id, Address_type, Address, City, State, Zip) VALUES (891, "Work", "036 Welch Pass", "Plano", "Texas", "75003");
INSERT INTO DATE (Contact_id, Date_type, Date) VALUES (891, "BirthDate", "1965-05-26");
INSERT INTO CONTACT (Contact_id, Fname, Mname, Lname) VALUES (892, "Stavros", "Trace", "Lindemann");
INSERT INTO PHONE (Contact_id, Phone_type, Area_code, Number) VALUES (892, "Work", "131", "131-163-9605");
INSERT INTO PHONE (Contact_id, Phone_type, Area_code, Number) VALUES (892, "Cell", "108", "108-422-0748");
INSERT INTO ADDRESS (Contact_id, Address_type, Address, City, State, Zip) VALUES (892, "Home", "25181 La Follette Place", "Dallas", "Texas", "75056");
INSERT INTO DATE (Contact_id, Date_type, Date) VALUES (891, "BirthDate", "1965-05-26");
INSERT INTO CONTACT (Contact_id, Fname, Mname, Lname) VALUES (893, "Anjanette", "", "Hasely");
INSERT INTO PHONE (Contact_id, Phone_type, Area_code, Number) VALUES (893, "Work", "173", "173-585-0760");
INSERT INTO PHONE (Contact_id, Phone_type, Area_code, Number) VALUES (893, "Cell", "304", "304-621-4618");
INSERT INTO ADDRESS (Contact_id, Address_type, Address, City, State, Zip) VALUES (893, "Work", "8401 Vidon Center", "Richardson", "Texas", "75008");
INSERT INTO DATE (Contact_id, Date_type, Date) VALUES (891, "BirthDate", "1965-05-26");
INSERT INTO CONTACT (Contact_id, Fname, Mname, Lname) VALUES (894, "Tracie", "Bride", "Ummfrey");
INSERT INTO PHONE (Contact_id, Phone_type, Area_code, Number) VALUES (894, "Work", "513", "513-968-5046");
INSERT INTO PHONE (Contact_id, Phone_type, Area_code, Number) VALUES (894, "Cell", "465", "465-885-9521");
INSERT INTO ADDRESS (Contact_id, Address_type, Address, City, State, Zip) VALUES (894, "Work", "2076 Vernon Junction", "Plano", "Texas", "75004");
INSERT INTO DATE (Contact_id, Date_type, Date) VALUES (894, "BirthDate", "1982-06-11");
INSERT INTO CONTACT (Contact_id, Fname, Mname, Lname) VALUES (895, "Denise", "Reilly", "Noni");
INSERT INTO PHONE (Contact_id, Phone_type, Area_code, Number) VALUES (895, "Work", "504", "504-487-7687");
INSERT INTO PHONE (Contact_id, Phone_type, Area_code, Number) VALUES (895, "Cell", "586", "586-522-6792");
INSERT INTO ADDRESS (Contact_id, Address_type, Address, City, State, Zip) VALUES (895, "Home", "951 Forest Run Plaza", "Richardson", "Texas", "75064");
INSERT INTO DATE (Contact_id, Date_type, Date) VALUES (894, "BirthDate", "1982-06-11");
INSERT INTO CONTACT (Contact_id, Fname, Mname, Lname) VALUES (896, "Garek", "", "Chiese");
INSERT INTO PHONE (Contact_id, Phone_type, Area_code, Number) VALUES (896, "Home", "908", "908-891-9403");
INSERT INTO PHONE (Contact_id, Phone_type, Area_code, Number) VALUES (896, "Cell", "695", "695-464-1164");
INSERT INTO ADDRESS (Contact_id, Address_type, Address, City, State, Zip) VALUES (896, "Work", "933 Lakewood Terrace", "Addison", "Texas", "75006");
INSERT INTO DATE (Contact_id, Date_type, Date) VALUES (896, "BirthDate", "1996-10-20");
INSERT INTO CONTACT (Contact_id, Fname, Mname, Lname) VALUES (897, "Jany", "Brade", "Cordelle");
INSERT INTO PHONE (Contact_id, Phone_type, Area_code, Number) VALUES (897, "Work", "331", "331-105-2795");
INSERT INTO PHONE (Contact_id, Phone_type, Area_code, Number) VALUES (897, "Cell", "705", "705-151-4680");
INSERT INTO ADDRESS (Contact_id, Address_type, Address, City, State, Zip) VALUES (897, "Home", "5013 Ilene Hill", "Dallas", "Texas", "");
INSERT INTO DATE (Contact_id, Date_type, Date) VALUES (896, "BirthDate", "1996-10-20");
INSERT INTO CONTACT (Contact_id, Fname, Mname, Lname) VALUES (898, "Von", "Lyssa", "Weaving");
INSERT INTO PHONE (Contact_id, Phone_type, Area_code, Number) VALUES (898, "Work", "674", "674-375-2354");
INSERT INTO PHONE (Contact_id, Phone_type, Area_code, Number) VALUES (898, "Cell", "786", "786-663-1035");
INSERT INTO ADDRESS (Contact_id, Address_type, Address, City, State, Zip) VALUES (898, "Home", "8 Blaine Pass", "Addison", "Texas", "");
INSERT INTO DATE (Contact_id, Date_type, Date) VALUES (898, "BirthDate", "1996-07-23");
INSERT INTO CONTACT (Contact_id, Fname, Mname, Lname) VALUES (899, "Maurizia", "Thibaud", "Hannen");
INSERT INTO PHONE (Contact_id, Phone_type, Area_code, Number) VALUES (898, "Work", "674", "674-375-2354");
INSERT INTO PHONE (Contact_id, Phone_type, Area_code, Number) VALUES (899, "Cell", "925", "925-150-5049");
INSERT INTO ADDRESS (Contact_id, Address_type, Address, City, State, Zip) VALUES (899, "Work", "5154 Crowley Drive", "Richardson", "Texas", "75001");
INSERT INTO DATE (Contact_id, Date_type, Date) VALUES (898, "BirthDate", "1996-07-23");
INSERT INTO CONTACT (Contact_id, Fname, Mname, Lname) VALUES (900, "Ilyssa", "Umberto", "Ferrulli");
INSERT INTO PHONE (Contact_id, Phone_type, Area_code, Number) VALUES (900, "Work", "492", "492-203-2282");
INSERT INTO PHONE (Contact_id, Phone_type, Area_code, Number) VALUES (900, "Cell", "336", "336-531-2531");
INSERT INTO ADDRESS (Contact_id, Address_type, Address, City, State, Zip) VALUES (900, "Work", "719 Onsgard Court", "Allen", "Texas", "75003");
INSERT INTO DATE (Contact_id, Date_type, Date) VALUES (900, "BirthDate", "1996-03-12");
INSERT INTO CONTACT (Contact_id, Fname, Mname, Lname) VALUES (901, "Jerry", "", "Davidovic");
INSERT INTO PHONE (Contact_id, Phone_type, Area_code, Number) VALUES (901, "Work", "396", "396-866-1865");
INSERT INTO PHONE (Contact_id, Phone_type, Area_code, Number) VALUES (901, "Cell", "433", "433-829-3574");
INSERT INTO ADDRESS (Contact_id, Address_type, Address, City, State, Zip) VALUES (901, "Home", "9 Moulton Avenue", "Richardson", "Texas", "75052");
INSERT INTO DATE (Contact_id, Date_type, Date) VALUES (901, "BirthDate", "1991-04-29");
INSERT INTO CONTACT (Contact_id, Fname, Mname, Lname) VALUES (902, "Chic", "", "Monketon");
INSERT INTO PHONE (Contact_id, Phone_type, Area_code, Number) VALUES (901, "Work", "396", "396-866-1865");
INSERT INTO PHONE (Contact_id, Phone_type, Area_code, Number) VALUES (902, "Cell", "135", "135-569-2811");
INSERT INTO ADDRESS (Contact_id, Address_type, Address, City, State, Zip) VALUES (902, "Home", "0695 Dakota Terrace", "Addison", "Texas", "75069");
INSERT INTO DATE (Contact_id, Date_type, Date) VALUES (902, "BirthDate", "1971-10-16");
INSERT INTO CONTACT (Contact_id, Fname, Mname, Lname) VALUES (903, "Junina", "Calvin", "Billingsley");
INSERT INTO PHONE (Contact_id, Phone_type, Area_code, Number) VALUES (903, "Work", "543", "543-781-5916");
INSERT INTO PHONE (Contact_id, Phone_type, Area_code, Number) VALUES (903, "Cell", "590", "590-725-6958");
INSERT INTO ADDRESS (Contact_id, Address_type, Address, City, State, Zip) VALUES (903, "Work", "09 Dexter Center", "Addison", "Texas", "75002");
INSERT INTO DATE (Contact_id, Date_type, Date) VALUES (903, "BirthDate", "1990-05-31");
INSERT INTO CONTACT (Contact_id, Fname, Mname, Lname) VALUES (904, "Frank", "", "Spratt");
INSERT INTO PHONE (Contact_id, Phone_type, Area_code, Number) VALUES (904, "Work", "809", "809-903-7313");
INSERT INTO PHONE (Contact_id, Phone_type, Area_code, Number) VALUES (904, "Cell", "856", "856-398-0578");
INSERT INTO ADDRESS (Contact_id, Address_type, Address, City, State, Zip) VALUES (904, "Home", "9772 Eastwood Circle", "Richardson", "Texas", "75080");
INSERT INTO DATE (Contact_id, Date_type, Date) VALUES (903, "BirthDate", "1990-05-31");
INSERT INTO CONTACT (Contact_id, Fname, Mname, Lname) VALUES (905, "Kirk", "Irwin", "Tremmel");
INSERT INTO PHONE (Contact_id, Phone_type, Area_code, Number) VALUES (905, "Work", "569", "569-408-9837");
INSERT INTO PHONE (Contact_id, Phone_type, Area_code, Number) VALUES (905, "Cell", "405", "405-294-0354");
INSERT INTO ADDRESS (Contact_id, Address_type, Address, City, State, Zip) VALUES (905, "Work", "72162 Pond Park", "Addison", "Texas", "75008");
INSERT INTO DATE (Contact_id, Date_type, Date) VALUES (903, "BirthDate", "1990-05-31");
INSERT INTO CONTACT (Contact_id, Fname, Mname, Lname) VALUES (906, "Paulie", "", "Wragg");
INSERT INTO PHONE (Contact_id, Phone_type, Area_code, Number) VALUES (906, "Home", "314", "314-674-6210");
INSERT INTO PHONE (Contact_id, Phone_type, Area_code, Number) VALUES (906, "Cell", "365", "365-921-2424");
INSERT INTO ADDRESS (Contact_id, Address_type, Address, City, State, Zip) VALUES (906, "Work", "11901 Mitchell Crossing", "Dallas", "Texas", "75006");
INSERT INTO DATE (Contact_id, Date_type, Date) VALUES (906, "BirthDate", "1975-04-17");
INSERT INTO CONTACT (Contact_id, Fname, Mname, Lname) VALUES (907, "Wit", "Gael", "Maskell");
INSERT INTO PHONE (Contact_id, Phone_type, Area_code, Number) VALUES (907, "Work", "715", "715-490-8705");
INSERT INTO PHONE (Contact_id, Phone_type, Area_code, Number) VALUES (907, "Cell", "704", "704-701-5716");
INSERT INTO ADDRESS (Contact_id, Address_type, Address, City, State, Zip) VALUES (907, "Home", "904 Fremont Way", "Allen", "Texas", "75090");
INSERT INTO DATE (Contact_id, Date_type, Date) VALUES (907, "BirthDate", "1989-06-05");
INSERT INTO CONTACT (Contact_id, Fname, Mname, Lname) VALUES (908, "Arlan", "", "Christie");
INSERT INTO PHONE (Contact_id, Phone_type, Area_code, Number) VALUES (908, "Work", "172", "172-459-3393");
INSERT INTO PHONE (Contact_id, Phone_type, Area_code, Number) VALUES (908, "Cell", "903", "903-538-4006");
INSERT INTO ADDRESS (Contact_id, Address_type, Address, City, State, Zip) VALUES (908, "Work", "320 Rutledge Trail", "Addison", "Texas", "75005");
INSERT INTO DATE (Contact_id, Date_type, Date) VALUES (907, "BirthDate", "1989-06-05");
INSERT INTO CONTACT (Contact_id, Fname, Mname, Lname) VALUES (909, "Maiga", "Nikkie", "Skingley");
INSERT INTO PHONE (Contact_id, Phone_type, Area_code, Number) VALUES (909, "Work", "356", "356-598-5553");
INSERT INTO PHONE (Contact_id, Phone_type, Area_code, Number) VALUES (909, "Cell", "193", "193-769-0070");
INSERT INTO ADDRESS (Contact_id, Address_type, Address, City, State, Zip) VALUES (909, "Work", "7539 Meadow Valley Junction", "Dallas", "Texas", "75002");
INSERT INTO DATE (Contact_id, Date_type, Date) VALUES (909, "BirthDate", "1996-08-10");
INSERT INTO CONTACT (Contact_id, Fname, Mname, Lname) VALUES (910, "Estele", "", "Hyndson");
INSERT INTO PHONE (Contact_id, Phone_type, Area_code, Number) VALUES (910, "Home", "974", "974-937-3200");
INSERT INTO PHONE (Contact_id, Phone_type, Area_code, Number) VALUES (910, "Cell", "447", "447-261-2908");
INSERT INTO ADDRESS (Contact_id, Address_type, Address, City, State, Zip) VALUES (910, "Work", "37 Sloan Plaza", "Richardson", "Texas", "75004");
INSERT INTO DATE (Contact_id, Date_type, Date) VALUES (910, "BirthDate", "1968-10-22");
INSERT INTO CONTACT (Contact_id, Fname, Mname, Lname) VALUES (911, "Sheffy", "", "Manklow");
INSERT INTO PHONE (Contact_id, Phone_type, Area_code, Number) VALUES (911, "Work", "764", "764-862-4579");
INSERT INTO PHONE (Contact_id, Phone_type, Area_code, Number) VALUES (911, "Cell", "532", "532-690-2012");
INSERT INTO ADDRESS (Contact_id, Address_type, Address, City, State, Zip) VALUES (911, "Home", "3 Walton Point", "Plano", "Texas", "75064");
INSERT INTO DATE (Contact_id, Date_type, Date) VALUES (910, "BirthDate", "1968-10-22");
INSERT INTO CONTACT (Contact_id, Fname, Mname, Lname) VALUES (912, "Cassandry", "Edita", "Sweeten");
INSERT INTO PHONE (Contact_id, Phone_type, Area_code, Number) VALUES (912, "Work", "535", "535-514-5330");
INSERT INTO PHONE (Contact_id, Phone_type, Area_code, Number) VALUES (912, "Cell", "662", "662-288-1945");
INSERT INTO ADDRESS (Contact_id, Address_type, Address, City, State, Zip) VALUES (912, "Work", "78762 Oak Valley Terrace", "Richardson", "Texas", "75002");
INSERT INTO DATE (Contact_id, Date_type, Date) VALUES (912, "BirthDate", "1988-07-10");
INSERT INTO CONTACT (Contact_id, Fname, Mname, Lname) VALUES (913, "Chilton", "", "Aldren");
INSERT INTO PHONE (Contact_id, Phone_type, Area_code, Number) VALUES (913, "Work", "873", "873-232-3815");
INSERT INTO PHONE (Contact_id, Phone_type, Area_code, Number) VALUES (913, "Cell", "519", "519-805-8817");
INSERT INTO ADDRESS (Contact_id, Address_type, Address, City, State, Zip) VALUES (912, "Work", "78762 Oak Valley Terrace", "Richardson", "Texas", "75002");
INSERT INTO DATE (Contact_id, Date_type, Date) VALUES (913, "BirthDate", "1974-02-21");
INSERT INTO CONTACT (Contact_id, Fname, Mname, Lname) VALUES (914, "Ettie", "", "Jarville");
INSERT INTO PHONE (Contact_id, Phone_type, Area_code, Number) VALUES (914, "Work", "272", "272-341-0221");
INSERT INTO PHONE (Contact_id, Phone_type, Area_code, Number) VALUES (914, "Cell", "278", "278-628-1248");
INSERT INTO ADDRESS (Contact_id, Address_type, Address, City, State, Zip) VALUES (912, "Work", "78762 Oak Valley Terrace", "Richardson", "Texas", "75002");
INSERT INTO DATE (Contact_id, Date_type, Date) VALUES (914, "BirthDate", "1991-09-28");
INSERT INTO CONTACT (Contact_id, Fname, Mname, Lname) VALUES (915, "Fiorenze", "", "Kanwell");
INSERT INTO PHONE (Contact_id, Phone_type, Area_code, Number) VALUES (914, "Work", "272", "272-341-0221");
INSERT INTO PHONE (Contact_id, Phone_type, Area_code, Number) VALUES (915, "Cell", "963", "963-964-6693");
INSERT INTO ADDRESS (Contact_id, Address_type, Address, City, State, Zip) VALUES (915, "Work", "866 Heffernan Point", "Addison", "Texas", "75005");
INSERT INTO DATE (Contact_id, Date_type, Date) VALUES (915, "BirthDate", "1986-06-09");
INSERT INTO CONTACT (Contact_id, Fname, Mname, Lname) VALUES (916, "Dino", "Kaine", "Chastanet");
INSERT INTO PHONE (Contact_id, Phone_type, Area_code, Number) VALUES (916, "Work", "618", "618-961-1432");
INSERT INTO PHONE (Contact_id, Phone_type, Area_code, Number) VALUES (916, "Cell", "548", "548-444-1321");
INSERT INTO ADDRESS (Contact_id, Address_type, Address, City, State, Zip) VALUES (916, "Work", "49032 7th Drive", "Dallas", "Texas", "75004");
INSERT INTO DATE (Contact_id, Date_type, Date) VALUES (915, "BirthDate", "1986-06-09");
INSERT INTO CONTACT (Contact_id, Fname, Mname, Lname) VALUES (917, "Norrie", "Anastassia", "Waterson");
INSERT INTO PHONE (Contact_id, Phone_type, Area_code, Number) VALUES (917, "Work", "549", "549-614-2514");
INSERT INTO PHONE (Contact_id, Phone_type, Area_code, Number) VALUES (917, "Cell", "927", "927-420-0428");
INSERT INTO ADDRESS (Contact_id, Address_type, Address, City, State, Zip) VALUES (917, "Work", "4 4th Circle", "Addison", "Texas", "75002");
INSERT INTO DATE (Contact_id, Date_type, Date) VALUES (915, "BirthDate", "1986-06-09");
INSERT INTO CONTACT (Contact_id, Fname, Mname, Lname) VALUES (918, "Friedrich", "Karlis", "Bantick");
INSERT INTO PHONE (Contact_id, Phone_type, Area_code, Number) VALUES (918, "Work", "408", "408-209-2742");
INSERT INTO PHONE (Contact_id, Phone_type, Area_code, Number) VALUES (918, "Cell", "610", "610-298-9312");
INSERT INTO ADDRESS (Contact_id, Address_type, Address, City, State, Zip) VALUES (918, "Work", "9 Loftsgordon Drive", "Richardson", "Texas", "75001");
INSERT INTO DATE (Contact_id, Date_type, Date) VALUES (918, "BirthDate", "1974-05-04");
INSERT INTO CONTACT (Contact_id, Fname, Mname, Lname) VALUES (919, "Sybille", "", "Brame");
INSERT INTO PHONE (Contact_id, Phone_type, Area_code, Number) VALUES (919, "Work", "698", "698-611-1794");
INSERT INTO PHONE (Contact_id, Phone_type, Area_code, Number) VALUES (919, "Cell", "177", "177-625-0466");
INSERT INTO ADDRESS (Contact_id, Address_type, Address, City, State, Zip) VALUES (919, "Work", "26242 Upham Circle", "Plano", "Texas", "75006");
INSERT INTO DATE (Contact_id, Date_type, Date) VALUES (919, "BirthDate", "1982-03-31");
INSERT INTO CONTACT (Contact_id, Fname, Mname, Lname) VALUES (920, "Arielle", "", "Coysh");
INSERT INTO PHONE (Contact_id, Phone_type, Area_code, Number) VALUES (920, "Work", "925", "925-543-3212");
INSERT INTO PHONE (Contact_id, Phone_type, Area_code, Number) VALUES (920, "Cell", "381", "381-838-3680");
INSERT INTO ADDRESS (Contact_id, Address_type, Address, City, State, Zip) VALUES (920, "Work", "66919 Cody Trail", "Dallas", "Texas", "75007");
INSERT INTO DATE (Contact_id, Date_type, Date) VALUES (920, "BirthDate", "1989-01-25");
INSERT INTO CONTACT (Contact_id, Fname, Mname, Lname) VALUES (921, "Lyndsey", "", "Edelmann");
INSERT INTO PHONE (Contact_id, Phone_type, Area_code, Number) VALUES (921, "Work", "861", "861-212-2774");
INSERT INTO PHONE (Contact_id, Phone_type, Area_code, Number) VALUES (921, "Cell", "306", "306-302-4597");
INSERT INTO ADDRESS (Contact_id, Address_type, Address, City, State, Zip) VALUES (920, "Work", "66919 Cody Trail", "Dallas", "Texas", "75007");
INSERT INTO DATE (Contact_id, Date_type, Date) VALUES (921, "BirthDate", "1982-09-13");
INSERT INTO CONTACT (Contact_id, Fname, Mname, Lname) VALUES (922, "Jerrilyn", "", "Pibworth");
INSERT INTO PHONE (Contact_id, Phone_type, Area_code, Number) VALUES (922, "Work", "153", "153-217-3714");
INSERT INTO PHONE (Contact_id, Phone_type, Area_code, Number) VALUES (922, "Cell", "583", "583-175-7708");
INSERT INTO ADDRESS (Contact_id, Address_type, Address, City, State, Zip) VALUES (922, "Work", "2817 Lukken Pass", "Dallas", "Texas", "75007");
INSERT INTO DATE (Contact_id, Date_type, Date) VALUES (922, "BirthDate", "1973-03-15");
INSERT INTO CONTACT (Contact_id, Fname, Mname, Lname) VALUES (923, "Antony", "Melinda", "Noon");
INSERT INTO PHONE (Contact_id, Phone_type, Area_code, Number) VALUES (922, "Work", "153", "153-217-3714");
INSERT INTO PHONE (Contact_id, Phone_type, Area_code, Number) VALUES (923, "Cell", "388", "388-596-7894");
INSERT INTO ADDRESS (Contact_id, Address_type, Address, City, State, Zip) VALUES (923, "Home", "11950 Meadow Ridge Street", "Addison", "Texas", "75086");
INSERT INTO DATE (Contact_id, Date_type, Date) VALUES (923, "BirthDate", "1966-05-16");
INSERT INTO CONTACT (Contact_id, Fname, Mname, Lname) VALUES (924, "Dorette", "Elane", "Crasford");
INSERT INTO PHONE (Contact_id, Phone_type, Area_code, Number) VALUES (924, "Work", "938", "938-274-1169");
INSERT INTO PHONE (Contact_id, Phone_type, Area_code, Number) VALUES (924, "Cell", "832", "832-816-9702");
INSERT INTO ADDRESS (Contact_id, Address_type, Address, City, State, Zip) VALUES (924, "Work", "6 Esch Place", "Allen", "Texas", "75007");
INSERT INTO DATE (Contact_id, Date_type, Date) VALUES (923, "BirthDate", "1966-05-16");
INSERT INTO CONTACT (Contact_id, Fname, Mname, Lname) VALUES (925, "Bird", "Justen", "Entwistle");
INSERT INTO PHONE (Contact_id, Phone_type, Area_code, Number) VALUES (924, "Work", "938", "938-274-1169");
INSERT INTO PHONE (Contact_id, Phone_type, Area_code, Number) VALUES (925, "Cell", "476", "476-548-1102");
INSERT INTO ADDRESS (Contact_id, Address_type, Address, City, State, Zip) VALUES (925, "Work", "350 Crowley Lane", "Allen", "Texas", "75001");
INSERT INTO DATE (Contact_id, Date_type, Date) VALUES (925, "BirthDate", "1968-12-06");
INSERT INTO CONTACT (Contact_id, Fname, Mname, Lname) VALUES (926, "Fianna", "Levon", "Tomasino");
INSERT INTO PHONE (Contact_id, Phone_type, Area_code, Number) VALUES (926, "Work", "649", "649-293-4621");
INSERT INTO PHONE (Contact_id, Phone_type, Area_code, Number) VALUES (926, "Cell", "425", "425-610-4193");
INSERT INTO ADDRESS (Contact_id, Address_type, Address, City, State, Zip) VALUES (926, "Home", "0 Haas Alley", "Plano", "Texas", "");
INSERT INTO DATE (Contact_id, Date_type, Date) VALUES (926, "BirthDate", "1974-01-10");
INSERT INTO CONTACT (Contact_id, Fname, Mname, Lname) VALUES (927, "Louella", "", "Blaisdale");
INSERT INTO PHONE (Contact_id, Phone_type, Area_code, Number) VALUES (927, "Work", "434", "434-734-1027");
INSERT INTO PHONE (Contact_id, Phone_type, Area_code, Number) VALUES (927, "Cell", "968", "968-538-6158");
INSERT INTO ADDRESS (Contact_id, Address_type, Address, City, State, Zip) VALUES (927, "Work", "09 Myrtle Street", "Addison", "Texas", "75003");
INSERT INTO DATE (Contact_id, Date_type, Date) VALUES (927, "BirthDate", "1970-08-05");
INSERT INTO CONTACT (Contact_id, Fname, Mname, Lname) VALUES (928, "Giralda", "Cyrus", "McKevin");
INSERT INTO PHONE (Contact_id, Phone_type, Area_code, Number) VALUES (928, "Work", "880", "880-638-9246");
INSERT INTO PHONE (Contact_id, Phone_type, Area_code, Number) VALUES (928, "Cell", "962", "962-673-5830");
INSERT INTO ADDRESS (Contact_id, Address_type, Address, City, State, Zip) VALUES (927, "Work", "09 Myrtle Street", "Addison", "Texas", "75003");
INSERT INTO DATE (Contact_id, Date_type, Date) VALUES (927, "BirthDate", "1970-08-05");
INSERT INTO CONTACT (Contact_id, Fname, Mname, Lname) VALUES (929, "Kele", "Crin", "Wieprecht");
INSERT INTO PHONE (Contact_id, Phone_type, Area_code, Number) VALUES (929, "Work", "909", "909-974-2259");
INSERT INTO PHONE (Contact_id, Phone_type, Area_code, Number) VALUES (929, "Cell", "950", "950-929-7243");
INSERT INTO ADDRESS (Contact_id, Address_type, Address, City, State, Zip) VALUES (929, "Work", "4 Ruskin Alley", "Addison", "Texas", "75001");
INSERT INTO DATE (Contact_id, Date_type, Date) VALUES (927, "BirthDate", "1970-08-05");
INSERT INTO CONTACT (Contact_id, Fname, Mname, Lname) VALUES (930, "Dyanna", "", "Vane");
INSERT INTO PHONE (Contact_id, Phone_type, Area_code, Number) VALUES (930, "Work", "154", "154-610-1051");
INSERT INTO PHONE (Contact_id, Phone_type, Area_code, Number) VALUES (930, "Cell", "362", "362-811-5120");
INSERT INTO ADDRESS (Contact_id, Address_type, Address, City, State, Zip) VALUES (930, "Work", "33594 Debs Road", "Dallas", "Texas", "75004");
INSERT INTO DATE (Contact_id, Date_type, Date) VALUES (930, "BirthDate", "1982-11-24");
INSERT INTO CONTACT (Contact_id, Fname, Mname, Lname) VALUES (931, "Joel", "", "Piller");
INSERT INTO PHONE (Contact_id, Phone_type, Area_code, Number) VALUES (931, "Work", "920", "920-430-8576");
INSERT INTO PHONE (Contact_id, Phone_type, Area_code, Number) VALUES (931, "Cell", "683", "683-843-9184");
INSERT INTO ADDRESS (Contact_id, Address_type, Address, City, State, Zip) VALUES (931, "Work", "8467 Dottie Place", "Dallas", "Texas", "75009");
INSERT INTO DATE (Contact_id, Date_type, Date) VALUES (931, "BirthDate", "1987-04-13");
INSERT INTO CONTACT (Contact_id, Fname, Mname, Lname) VALUES (932, "Lock", "", "Castelletto");
INSERT INTO PHONE (Contact_id, Phone_type, Area_code, Number) VALUES (932, "Work", "793", "793-596-0425");
INSERT INTO PHONE (Contact_id, Phone_type, Area_code, Number) VALUES (932, "Cell", "369", "369-495-7039");
INSERT INTO ADDRESS (Contact_id, Address_type, Address, City, State, Zip) VALUES (932, "Home", "16872 Mosinee Place", "Addison", "Texas", "75033");
INSERT INTO DATE (Contact_id, Date_type, Date) VALUES (931, "BirthDate", "1987-04-13");
INSERT INTO CONTACT (Contact_id, Fname, Mname, Lname) VALUES (933, "Caresa", "Ives", "McGuigan");
INSERT INTO PHONE (Contact_id, Phone_type, Area_code, Number) VALUES (933, "Work", "295", "295-578-9581");
INSERT INTO PHONE (Contact_id, Phone_type, Area_code, Number) VALUES (933, "Cell", "704", "704-135-3954");
INSERT INTO ADDRESS (Contact_id, Address_type, Address, City, State, Zip) VALUES (932, "Home", "16872 Mosinee Place", "Addison", "Texas", "75033");
INSERT INTO DATE (Contact_id, Date_type, Date) VALUES (933, "BirthDate", "1985-05-14");
INSERT INTO CONTACT (Contact_id, Fname, Mname, Lname) VALUES (934, "Garrik", "Antonia", "Petracchi");
INSERT INTO PHONE (Contact_id, Phone_type, Area_code, Number) VALUES (933, "Work", "295", "295-578-9581");
INSERT INTO PHONE (Contact_id, Phone_type, Area_code, Number) VALUES (934, "Cell", "762", "762-894-9374");
INSERT INTO ADDRESS (Contact_id, Address_type, Address, City, State, Zip) VALUES (934, "Home", "5271 Drewry Circle", "Plano", "Texas", "");
INSERT INTO DATE (Contact_id, Date_type, Date) VALUES (933, "BirthDate", "1985-05-14");
INSERT INTO CONTACT (Contact_id, Fname, Mname, Lname) VALUES (935, "Worth", "Samantha", "Holmyard");
INSERT INTO PHONE (Contact_id, Phone_type, Area_code, Number) VALUES (935, "Work", "789", "789-266-0855");
INSERT INTO PHONE (Contact_id, Phone_type, Area_code, Number) VALUES (935, "Cell", "714", "714-165-8456");
INSERT INTO ADDRESS (Contact_id, Address_type, Address, City, State, Zip) VALUES (935, "Work", "98238 Sloan Lane", "Addison", "Texas", "75008");
INSERT INTO DATE (Contact_id, Date_type, Date) VALUES (935, "BirthDate", "1982-08-06");
INSERT INTO CONTACT (Contact_id, Fname, Mname, Lname) VALUES (936, "Diannne", "", "Arens");
INSERT INTO PHONE (Contact_id, Phone_type, Area_code, Number) VALUES (935, "Work", "789", "789-266-0855");
INSERT INTO PHONE (Contact_id, Phone_type, Area_code, Number) VALUES (936, "Cell", "248", "248-295-1132");
INSERT INTO ADDRESS (Contact_id, Address_type, Address, City, State, Zip) VALUES (936, "Work", "422 Bobwhite Park", "Addison", "Texas", "75009");
INSERT INTO DATE (Contact_id, Date_type, Date) VALUES (935, "BirthDate", "1982-08-06");
INSERT INTO CONTACT (Contact_id, Fname, Mname, Lname) VALUES (937, "Trace", "", "Glanz");
INSERT INTO PHONE (Contact_id, Phone_type, Area_code, Number) VALUES (937, "Home", "682", "682-231-9147");
INSERT INTO PHONE (Contact_id, Phone_type, Area_code, Number) VALUES (937, "Cell", "716", "716-968-6727");
INSERT INTO ADDRESS (Contact_id, Address_type, Address, City, State, Zip) VALUES (937, "Home", "8 Granby Junction", "Dallas", "Texas", "75093");
INSERT INTO DATE (Contact_id, Date_type, Date) VALUES (937, "BirthDate", "1980-10-31");
INSERT INTO CONTACT (Contact_id, Fname, Mname, Lname) VALUES (938, "Grantley", "Lea", "Vivash");
INSERT INTO PHONE (Contact_id, Phone_type, Area_code, Number) VALUES (938, "Work", "798", "798-658-2702");
INSERT INTO PHONE (Contact_id, Phone_type, Area_code, Number) VALUES (938, "Cell", "332", "332-909-8747");
INSERT INTO ADDRESS (Contact_id, Address_type, Address, City, State, Zip) VALUES (938, "Work", "38 Artisan Junction", "Addison", "Texas", "75008");
INSERT INTO DATE (Contact_id, Date_type, Date) VALUES (937, "BirthDate", "1980-10-31");
INSERT INTO CONTACT (Contact_id, Fname, Mname, Lname) VALUES (939, "Orelia", "", "Bellringer");
INSERT INTO PHONE (Contact_id, Phone_type, Area_code, Number) VALUES (939, "Work", "291", "291-495-6448");
INSERT INTO PHONE (Contact_id, Phone_type, Area_code, Number) VALUES (939, "Cell", "638", "638-754-6103");
INSERT INTO ADDRESS (Contact_id, Address_type, Address, City, State, Zip) VALUES (939, "Home", "306 Graceland Drive", "Addison", "Texas", "75094");
INSERT INTO DATE (Contact_id, Date_type, Date) VALUES (939, "BirthDate", "1983-04-03");
INSERT INTO CONTACT (Contact_id, Fname, Mname, Lname) VALUES (940, "Antonius", "Carmel", "Perfili");
INSERT INTO PHONE (Contact_id, Phone_type, Area_code, Number) VALUES (940, "Home", "730", "730-957-6065");
INSERT INTO PHONE (Contact_id, Phone_type, Area_code, Number) VALUES (940, "Cell", "133", "133-539-9549");
INSERT INTO ADDRESS (Contact_id, Address_type, Address, City, State, Zip) VALUES (940, "Work", "8685 Carey Crossing", "Plano", "Texas", "75008");
INSERT INTO DATE (Contact_id, Date_type, Date) VALUES (939, "BirthDate", "1983-04-03");
INSERT INTO CONTACT (Contact_id, Fname, Mname, Lname) VALUES (941, "Viki", "Patrizius", "Bartosinski");
INSERT INTO PHONE (Contact_id, Phone_type, Area_code, Number) VALUES (941, "Work", "247", "247-726-4817");
INSERT INTO PHONE (Contact_id, Phone_type, Area_code, Number) VALUES (940, "Cell", "133", "133-539-9549");
INSERT INTO ADDRESS (Contact_id, Address_type, Address, City, State, Zip) VALUES (941, "Home", "290 Londonderry Drive", "Plano", "Texas", "");
INSERT INTO DATE (Contact_id, Date_type, Date) VALUES (941, "BirthDate", "1975-05-12");
INSERT INTO CONTACT (Contact_id, Fname, Mname, Lname) VALUES (942, "Orville", "Shellie", "Calender");
INSERT INTO PHONE (Contact_id, Phone_type, Area_code, Number) VALUES (942, "Work", "725", "725-925-0587");
INSERT INTO PHONE (Contact_id, Phone_type, Area_code, Number) VALUES (942, "Cell", "316", "316-722-4796");
INSERT INTO ADDRESS (Contact_id, Address_type, Address, City, State, Zip) VALUES (942, "Home", "3 Saint Paul Pass", "Allen", "Texas", "75064");
INSERT INTO DATE (Contact_id, Date_type, Date) VALUES (942, "BirthDate", "1996-06-04");
INSERT INTO CONTACT (Contact_id, Fname, Mname, Lname) VALUES (943, "Kent", "Claudelle", "Cundey");
INSERT INTO PHONE (Contact_id, Phone_type, Area_code, Number) VALUES (943, "Work", "129", "129-248-0082");
INSERT INTO PHONE (Contact_id, Phone_type, Area_code, Number) VALUES (943, "Cell", "342", "342-499-4819");
INSERT INTO ADDRESS (Contact_id, Address_type, Address, City, State, Zip) VALUES (943, "Work", "6409 Warner Terrace", "Dallas", "Texas", "75008");
INSERT INTO DATE (Contact_id, Date_type, Date) VALUES (942, "BirthDate", "1996-06-04");
INSERT INTO CONTACT (Contact_id, Fname, Mname, Lname) VALUES (944, "Malissa", "", "Winscomb");
INSERT INTO PHONE (Contact_id, Phone_type, Area_code, Number) VALUES (943, "Work", "129", "129-248-0082");
INSERT INTO PHONE (Contact_id, Phone_type, Area_code, Number) VALUES (944, "Cell", "247", "247-852-4696");
INSERT INTO ADDRESS (Contact_id, Address_type, Address, City, State, Zip) VALUES (944, "Work", "5 Mallard Lane", "Addison", "Texas", "75004");
INSERT INTO DATE (Contact_id, Date_type, Date) VALUES (944, "BirthDate", "1982-12-17");
INSERT INTO CONTACT (Contact_id, Fname, Mname, Lname) VALUES (945, "Elyn", "Aimil", "Sirey");
INSERT INTO PHONE (Contact_id, Phone_type, Area_code, Number) VALUES (945, "Work", "726", "726-948-9688");
INSERT INTO PHONE (Contact_id, Phone_type, Area_code, Number) VALUES (945, "Cell", "158", "158-479-8009");
INSERT INTO ADDRESS (Contact_id, Address_type, Address, City, State, Zip) VALUES (945, "Home", "51 Northridge Court", "Addison", "Texas", "75010");
INSERT INTO DATE (Contact_id, Date_type, Date) VALUES (944, "BirthDate", "1982-12-17");
INSERT INTO CONTACT (Contact_id, Fname, Mname, Lname) VALUES (946, "Chanda", "", "Leftridge");
INSERT INTO PHONE (Contact_id, Phone_type, Area_code, Number) VALUES (945, "Work", "726", "726-948-9688");
INSERT INTO PHONE (Contact_id, Phone_type, Area_code, Number) VALUES (946, "Cell", "221", "221-613-6514");
INSERT INTO ADDRESS (Contact_id, Address_type, Address, City, State, Zip) VALUES (946, "Work", "0 Coolidge Street", "Allen", "Texas", "75003");
INSERT INTO DATE (Contact_id, Date_type, Date) VALUES (944, "BirthDate", "1982-12-17");
INSERT INTO CONTACT (Contact_id, Fname, Mname, Lname) VALUES (947, "Yoko", "Masha", "Pyson");
INSERT INTO PHONE (Contact_id, Phone_type, Area_code, Number) VALUES (947, "Work", "179", "179-142-8780");
INSERT INTO PHONE (Contact_id, Phone_type, Area_code, Number) VALUES (947, "Cell", "738", "738-414-8729");
INSERT INTO ADDRESS (Contact_id, Address_type, Address, City, State, Zip) VALUES (947, "Work", "21 Sutherland Road", "Dallas", "Texas", "75008");
INSERT INTO DATE (Contact_id, Date_type, Date) VALUES (947, "BirthDate", "1995-07-17");
INSERT INTO CONTACT (Contact_id, Fname, Mname, Lname) VALUES (948, "Edyth", "", "Osbiston");
INSERT INTO PHONE (Contact_id, Phone_type, Area_code, Number) VALUES (948, "Work", "521", "521-631-5872");
INSERT INTO PHONE (Contact_id, Phone_type, Area_code, Number) VALUES (948, "Cell", "501", "501-963-7323");
INSERT INTO ADDRESS (Contact_id, Address_type, Address, City, State, Zip) VALUES (948, "Work", "8615 Emmet Parkway", "Allen", "Texas", "75001");
INSERT INTO DATE (Contact_id, Date_type, Date) VALUES (948, "BirthDate", "1974-05-30");
INSERT INTO CONTACT (Contact_id, Fname, Mname, Lname) VALUES (949, "Nedi", "Selene", "Skullet");
INSERT INTO PHONE (Contact_id, Phone_type, Area_code, Number) VALUES (949, "Work", "241", "241-316-4084");
INSERT INTO PHONE (Contact_id, Phone_type, Area_code, Number) VALUES (949, "Cell", "160", "160-194-2393");
INSERT INTO ADDRESS (Contact_id, Address_type, Address, City, State, Zip) VALUES (949, "Work", "71460 Meadow Valley Point", "Plano", "Texas", "75001");
INSERT INTO DATE (Contact_id, Date_type, Date) VALUES (949, "BirthDate", "1995-07-25");
INSERT INTO CONTACT (Contact_id, Fname, Mname, Lname) VALUES (950, "Berget", "", "Handyside");
INSERT INTO PHONE (Contact_id, Phone_type, Area_code, Number) VALUES (950, "Work", "654", "654-930-0410");
INSERT INTO PHONE (Contact_id, Phone_type, Area_code, Number) VALUES (949, "Cell", "160", "160-194-2393");
INSERT INTO ADDRESS (Contact_id, Address_type, Address, City, State, Zip) VALUES (950, "Home", "06661 Westport Plaza", "Plano", "Texas", "75073");
INSERT INTO DATE (Contact_id, Date_type, Date) VALUES (950, "BirthDate", "1978-08-28");
INSERT INTO CONTACT (Contact_id, Fname, Mname, Lname) VALUES (951, "Linnea", "Gwendolyn", "Canacott");
INSERT INTO PHONE (Contact_id, Phone_type, Area_code, Number) VALUES (951, "Work", "465", "465-252-2566");
INSERT INTO PHONE (Contact_id, Phone_type, Area_code, Number) VALUES (951, "Cell", "650", "650-372-6354");
INSERT INTO ADDRESS (Contact_id, Address_type, Address, City, State, Zip) VALUES (951, "Work", "76928 Little Fleur Street", "Dallas", "Texas", "75007");
INSERT INTO DATE (Contact_id, Date_type, Date) VALUES (950, "BirthDate", "1978-08-28");
INSERT INTO CONTACT (Contact_id, Fname, Mname, Lname) VALUES (952, "Maribel", "", "Foad");
INSERT INTO PHONE (Contact_id, Phone_type, Area_code, Number) VALUES (952, "Work", "476", "476-284-6613");
INSERT INTO PHONE (Contact_id, Phone_type, Area_code, Number) VALUES (952, "Cell", "830", "830-430-3997");
INSERT INTO ADDRESS (Contact_id, Address_type, Address, City, State, Zip) VALUES (952, "Home", "5 Merry Crossing", "Richardson", "Texas", "75055");
INSERT INTO DATE (Contact_id, Date_type, Date) VALUES (950, "BirthDate", "1978-08-28");
INSERT INTO CONTACT (Contact_id, Fname, Mname, Lname) VALUES (953, "Mortimer", "Reginauld", "Perassi");
INSERT INTO PHONE (Contact_id, Phone_type, Area_code, Number) VALUES (953, "Work", "950", "950-315-9532");
INSERT INTO PHONE (Contact_id, Phone_type, Area_code, Number) VALUES (953, "Cell", "695", "695-426-5891");
INSERT INTO ADDRESS (Contact_id, Address_type, Address, City, State, Zip) VALUES (953, "Work", "6798 Gale Point", "Plano", "Texas", "75008");
INSERT INTO DATE (Contact_id, Date_type, Date) VALUES (953, "BirthDate", "1969-08-22");
INSERT INTO CONTACT (Contact_id, Fname, Mname, Lname) VALUES (954, "Betteanne", "Gabie", "Dosdell");
INSERT INTO PHONE (Contact_id, Phone_type, Area_code, Number) VALUES (954, "Work", "978", "978-140-2685");
INSERT INTO PHONE (Contact_id, Phone_type, Area_code, Number) VALUES (954, "Cell", "254", "254-431-8674");
INSERT INTO ADDRESS (Contact_id, Address_type, Address, City, State, Zip) VALUES (954, "Work", "6 Gale Lane", "Addison", "Texas", "75003");
INSERT INTO DATE (Contact_id, Date_type, Date) VALUES (954, "BirthDate", "1978-03-10");
INSERT INTO CONTACT (Contact_id, Fname, Mname, Lname) VALUES (955, "Teador", "Adela", "Enever");
INSERT INTO PHONE (Contact_id, Phone_type, Area_code, Number) VALUES (955, "Work", "232", "232-687-6979");
INSERT INTO PHONE (Contact_id, Phone_type, Area_code, Number) VALUES (955, "Cell", "449", "449-656-2670");
INSERT INTO ADDRESS (Contact_id, Address_type, Address, City, State, Zip) VALUES (955, "Home", "2167 Village Green Hill", "Dallas", "Texas", "75077");
INSERT INTO DATE (Contact_id, Date_type, Date) VALUES (955, "BirthDate", "1966-10-05");
INSERT INTO CONTACT (Contact_id, Fname, Mname, Lname) VALUES (956, "Titos", "Betsey", "Meo");
INSERT INTO PHONE (Contact_id, Phone_type, Area_code, Number) VALUES (955, "Work", "232", "232-687-6979");
INSERT INTO PHONE (Contact_id, Phone_type, Area_code, Number) VALUES (956, "Cell", "775", "775-849-0874");
INSERT INTO ADDRESS (Contact_id, Address_type, Address, City, State, Zip) VALUES (956, "Work", "5 Weeping Birch Avenue", "Dallas", "Texas", "75008");
INSERT INTO DATE (Contact_id, Date_type, Date) VALUES (955, "BirthDate", "1966-10-05");
INSERT INTO CONTACT (Contact_id, Fname, Mname, Lname) VALUES (957, "Rachele", "", "Garbett");
INSERT INTO PHONE (Contact_id, Phone_type, Area_code, Number) VALUES (957, "Home", "400", "400-904-9947");
INSERT INTO PHONE (Contact_id, Phone_type, Area_code, Number) VALUES (957, "Cell", "450", "450-490-8847");
INSERT INTO ADDRESS (Contact_id, Address_type, Address, City, State, Zip) VALUES (957, "Work", "7386 Scott Drive", "Dallas", "Texas", "75003");
INSERT INTO DATE (Contact_id, Date_type, Date) VALUES (955, "BirthDate", "1966-10-05");
INSERT INTO CONTACT (Contact_id, Fname, Mname, Lname) VALUES (958, "Emeline", "", "Bagot");
INSERT INTO PHONE (Contact_id, Phone_type, Area_code, Number) VALUES (958, "Work", "624", "624-669-3214");
INSERT INTO PHONE (Contact_id, Phone_type, Area_code, Number) VALUES (958, "Cell", "802", "802-791-8423");
INSERT INTO ADDRESS (Contact_id, Address_type, Address, City, State, Zip) VALUES (958, "Work", "5204 Messerschmidt Avenue", "Plano", "Texas", "75006");
INSERT INTO DATE (Contact_id, Date_type, Date) VALUES (958, "BirthDate", "1993-09-04");
INSERT INTO CONTACT (Contact_id, Fname, Mname, Lname) VALUES (959, "Wilek", "Eleni", "MacClancey");
INSERT INTO PHONE (Contact_id, Phone_type, Area_code, Number) VALUES (959, "Work", "122", "122-143-1477");
INSERT INTO PHONE (Contact_id, Phone_type, Area_code, Number) VALUES (959, "Cell", "634", "634-358-4269");
INSERT INTO ADDRESS (Contact_id, Address_type, Address, City, State, Zip) VALUES (959, "Work", "358 Northwestern Hill", "Plano", "Texas", "75007");
INSERT INTO DATE (Contact_id, Date_type, Date) VALUES (958, "BirthDate", "1993-09-04");
INSERT INTO CONTACT (Contact_id, Fname, Mname, Lname) VALUES (960, "Moises", "Lida", "Pomfrey");
INSERT INTO PHONE (Contact_id, Phone_type, Area_code, Number) VALUES (960, "Work", "751", "751-605-6734");
INSERT INTO PHONE (Contact_id, Phone_type, Area_code, Number) VALUES (960, "Cell", "310", "310-561-3883");
INSERT INTO ADDRESS (Contact_id, Address_type, Address, City, State, Zip) VALUES (959, "Work", "358 Northwestern Hill", "Plano", "Texas", "75007");
INSERT INTO DATE (Contact_id, Date_type, Date) VALUES (960, "BirthDate", "1972-01-29");
INSERT INTO CONTACT (Contact_id, Fname, Mname, Lname) VALUES (961, "Cathy", "", "Alelsandrovich");
INSERT INTO PHONE (Contact_id, Phone_type, Area_code, Number) VALUES (961, "Work", "254", "254-306-7137");
INSERT INTO PHONE (Contact_id, Phone_type, Area_code, Number) VALUES (961, "Cell", "188", "188-364-4360");
INSERT INTO ADDRESS (Contact_id, Address_type, Address, City, State, Zip) VALUES (961, "Home", "5 Mockingbird Point", "Allen", "Texas", "75006");
INSERT INTO DATE (Contact_id, Date_type, Date) VALUES (960, "BirthDate", "1972-01-29");
INSERT INTO CONTACT (Contact_id, Fname, Mname, Lname) VALUES (962, "Rosana", "Nonna", "Postgate");
INSERT INTO PHONE (Contact_id, Phone_type, Area_code, Number) VALUES (962, "Work", "612", "612-765-5005");
INSERT INTO PHONE (Contact_id, Phone_type, Area_code, Number) VALUES (962, "Cell", "473", "473-801-5006");
INSERT INTO ADDRESS (Contact_id, Address_type, Address, City, State, Zip) VALUES (962, "Work", "2612 Duke Avenue", "Plano", "Texas", "75004");
INSERT INTO DATE (Contact_id, Date_type, Date) VALUES (960, "BirthDate", "1972-01-29");
INSERT INTO CONTACT (Contact_id, Fname, Mname, Lname) VALUES (963, "Lorraine", "", "Culcheth");
INSERT INTO PHONE (Contact_id, Phone_type, Area_code, Number) VALUES (963, "Work", "570", "570-595-8540");
INSERT INTO PHONE (Contact_id, Phone_type, Area_code, Number) VALUES (963, "Cell", "982", "982-989-8369");
INSERT INTO ADDRESS (Contact_id, Address_type, Address, City, State, Zip) VALUES (963, "Work", "4 Westerfield Court", "Plano", "Texas", "75007");
INSERT INTO DATE (Contact_id, Date_type, Date) VALUES (960, "BirthDate", "1972-01-29");
INSERT INTO CONTACT (Contact_id, Fname, Mname, Lname) VALUES (964, "Patric", "Reina", "Petrak");
INSERT INTO PHONE (Contact_id, Phone_type, Area_code, Number) VALUES (963, "Work", "570", "570-595-8540");
INSERT INTO PHONE (Contact_id, Phone_type, Area_code, Number) VALUES (964, "Cell", "135", "135-857-3539");
INSERT INTO ADDRESS (Contact_id, Address_type, Address, City, State, Zip) VALUES (963, "Work", "4 Westerfield Court", "Plano", "Texas", "75007");
INSERT INTO DATE (Contact_id, Date_type, Date) VALUES (964, "BirthDate", "1989-05-15");
INSERT INTO CONTACT (Contact_id, Fname, Mname, Lname) VALUES (965, "Debra", "Erda", "Atcherley");
INSERT INTO PHONE (Contact_id, Phone_type, Area_code, Number) VALUES (965, "Work", "117", "117-459-2460");
INSERT INTO PHONE (Contact_id, Phone_type, Area_code, Number) VALUES (965, "Cell", "357", "357-246-4169");
INSERT INTO ADDRESS (Contact_id, Address_type, Address, City, State, Zip) VALUES (965, "Home", "768 Brentwood Crossing", "Allen", "Texas", "");
INSERT INTO DATE (Contact_id, Date_type, Date) VALUES (965, "BirthDate", "1971-04-29");
INSERT INTO CONTACT (Contact_id, Fname, Mname, Lname) VALUES (966, "Rochell", "", "Fabry");
INSERT INTO PHONE (Contact_id, Phone_type, Area_code, Number) VALUES (966, "Home", "320", "320-324-1739");
INSERT INTO PHONE (Contact_id, Phone_type, Area_code, Number) VALUES (966, "Cell", "618", "618-850-7109");
INSERT INTO ADDRESS (Contact_id, Address_type, Address, City, State, Zip) VALUES (965, "Home", "768 Brentwood Crossing", "Allen", "Texas", "");
INSERT INTO DATE (Contact_id, Date_type, Date) VALUES (965, "BirthDate", "1971-04-29");
INSERT INTO CONTACT (Contact_id, Fname, Mname, Lname) VALUES (967, "Marci", "", "Cardall");
INSERT INTO PHONE (Contact_id, Phone_type, Area_code, Number) VALUES (967, "Work", "893", "893-969-1217");
INSERT INTO PHONE (Contact_id, Phone_type, Area_code, Number) VALUES (967, "Cell", "307", "307-695-3290");
INSERT INTO ADDRESS (Contact_id, Address_type, Address, City, State, Zip) VALUES (967, "Home", "053 Dakota Avenue", "Addison", "Texas", "75073");
INSERT INTO DATE (Contact_id, Date_type, Date) VALUES (967, "BirthDate", "1972-10-28");
INSERT INTO CONTACT (Contact_id, Fname, Mname, Lname) VALUES (968, "Tani", "", "Edgcombe");
INSERT INTO PHONE (Contact_id, Phone_type, Area_code, Number) VALUES (968, "Home", "657", "657-976-1268");
INSERT INTO PHONE (Contact_id, Phone_type, Area_code, Number) VALUES (968, "Cell", "751", "751-314-1091");
INSERT INTO ADDRESS (Contact_id, Address_type, Address, City, State, Zip) VALUES (968, "Work", "48011 Karstens Circle", "Addison", "Texas", "75001");
INSERT INTO DATE (Contact_id, Date_type, Date) VALUES (967, "BirthDate", "1972-10-28");
INSERT INTO CONTACT (Contact_id, Fname, Mname, Lname) VALUES (969, "Shel", "", "Tillot");
INSERT INTO PHONE (Contact_id, Phone_type, Area_code, Number) VALUES (969, "Work", "772", "772-392-5742");
INSERT INTO PHONE (Contact_id, Phone_type, Area_code, Number) VALUES (969, "Cell", "522", "522-532-7632");
INSERT INTO ADDRESS (Contact_id, Address_type, Address, City, State, Zip) VALUES (969, "Home", "489 Quincy Hill", "Plano", "Texas", "75035");
INSERT INTO DATE (Contact_id, Date_type, Date) VALUES (969, "BirthDate", "1996-07-11");
INSERT INTO CONTACT (Contact_id, Fname, Mname, Lname) VALUES (970, "Gaynor", "", "Rucklesse");
INSERT INTO PHONE (Contact_id, Phone_type, Area_code, Number) VALUES (969, "Work", "772", "772-392-5742");
INSERT INTO PHONE (Contact_id, Phone_type, Area_code, Number) VALUES (970, "Cell", "430", "430-408-0373");
INSERT INTO ADDRESS (Contact_id, Address_type, Address, City, State, Zip) VALUES (970, "Home", "6 Rutledge Parkway", "Dallas", "Texas", "75047");
INSERT INTO DATE (Contact_id, Date_type, Date) VALUES (970, "BirthDate", "1986-12-21");
INSERT INTO CONTACT (Contact_id, Fname, Mname, Lname) VALUES (971, "Asher", "", "Wasselin");
INSERT INTO PHONE (Contact_id, Phone_type, Area_code, Number) VALUES (971, "Work", "727", "727-591-4194");
INSERT INTO PHONE (Contact_id, Phone_type, Area_code, Number) VALUES (971, "Cell", "350", "350-773-0890");
INSERT INTO ADDRESS (Contact_id, Address_type, Address, City, State, Zip) VALUES (971, "Home", "5452 Walton Junction", "Richardson", "Texas", "75074");
INSERT INTO DATE (Contact_id, Date_type, Date) VALUES (970, "BirthDate", "1986-12-21");
INSERT INTO CONTACT (Contact_id, Fname, Mname, Lname) VALUES (972, "Ninnetta", "Vitia", "Heasman");
INSERT INTO PHONE (Contact_id, Phone_type, Area_code, Number) VALUES (972, "Work", "474", "474-611-4311");
INSERT INTO PHONE (Contact_id, Phone_type, Area_code, Number) VALUES (972, "Cell", "805", "805-597-6743");
INSERT INTO ADDRESS (Contact_id, Address_type, Address, City, State, Zip) VALUES (972, "Home", "22 Dwight Center", "Addison", "Texas", "75033");
INSERT INTO DATE (Contact_id, Date_type, Date) VALUES (972, "BirthDate", "1980-12-18");
INSERT INTO CONTACT (Contact_id, Fname, Mname, Lname) VALUES (973, "Cecilius", "", "Popelay");
INSERT INTO PHONE (Contact_id, Phone_type, Area_code, Number) VALUES (973, "Work", "281", "281-163-7057");
INSERT INTO PHONE (Contact_id, Phone_type, Area_code, Number) VALUES (973, "Cell", "338", "338-961-3558");
INSERT INTO ADDRESS (Contact_id, Address_type, Address, City, State, Zip) VALUES (973, "Home", "9 Kim Alley", "Plano", "Texas", "75083");
INSERT INTO DATE (Contact_id, Date_type, Date) VALUES (972, "BirthDate", "1980-12-18");
INSERT INTO CONTACT (Contact_id, Fname, Mname, Lname) VALUES (974, "Rhetta", "Lisle", "Hall-Gough");
INSERT INTO PHONE (Contact_id, Phone_type, Area_code, Number) VALUES (974, "Work", "513", "513-590-6081");
INSERT INTO PHONE (Contact_id, Phone_type, Area_code, Number) VALUES (974, "Cell", "501", "501-940-1523");
INSERT INTO ADDRESS (Contact_id, Address_type, Address, City, State, Zip) VALUES (974, "Work", "553 Sycamore Way", "Dallas", "Texas", "75001");
INSERT INTO DATE (Contact_id, Date_type, Date) VALUES (974, "BirthDate", "1970-04-29");
INSERT INTO CONTACT (Contact_id, Fname, Mname, Lname) VALUES (975, "Elsinore", "", "Cretney");
INSERT INTO PHONE (Contact_id, Phone_type, Area_code, Number) VALUES (975, "Work", "911", "911-135-9814");
INSERT INTO PHONE (Contact_id, Phone_type, Area_code, Number) VALUES (975, "Cell", "684", "684-423-9257");
INSERT INTO ADDRESS (Contact_id, Address_type, Address, City, State, Zip) VALUES (975, "Work", "0059 Hoepker Place", "Richardson", "Texas", "75009");
INSERT INTO DATE (Contact_id, Date_type, Date) VALUES (974, "BirthDate", "1970-04-29");
INSERT INTO CONTACT (Contact_id, Fname, Mname, Lname) VALUES (976, "Annis", "Chevalier", "Zum Felde");
INSERT INTO PHONE (Contact_id, Phone_type, Area_code, Number) VALUES (976, "Work", "725", "725-849-3877");
INSERT INTO PHONE (Contact_id, Phone_type, Area_code, Number) VALUES (976, "Cell", "213", "213-779-9815");
INSERT INTO ADDRESS (Contact_id, Address_type, Address, City, State, Zip) VALUES (976, "Work", "89641 Kings Place", "Addison", "Texas", "75001");
INSERT INTO DATE (Contact_id, Date_type, Date) VALUES (974, "BirthDate", "1970-04-29");
INSERT INTO CONTACT (Contact_id, Fname, Mname, Lname) VALUES (977, "Merrel", "Roberto", "Sillwood");
INSERT INTO PHONE (Contact_id, Phone_type, Area_code, Number) VALUES (977, "Work", "916", "916-120-2308");
INSERT INTO PHONE (Contact_id, Phone_type, Area_code, Number) VALUES (977, "Cell", "814", "814-757-2525");
INSERT INTO ADDRESS (Contact_id, Address_type, Address, City, State, Zip) VALUES (977, "Work", "8 Hoepker Lane", "Plano", "Texas", "75001");
INSERT INTO DATE (Contact_id, Date_type, Date) VALUES (977, "BirthDate", "1985-01-08");
INSERT INTO CONTACT (Contact_id, Fname, Mname, Lname) VALUES (978, "Boy", "Reeva", "Elwyn");
INSERT INTO PHONE (Contact_id, Phone_type, Area_code, Number) VALUES (978, "Work", "680", "680-399-1077");
INSERT INTO PHONE (Contact_id, Phone_type, Area_code, Number) VALUES (978, "Cell", "722", "722-225-7767");
INSERT INTO ADDRESS (Contact_id, Address_type, Address, City, State, Zip) VALUES (978, "Home", "7637 Burrows Alley", "Addison", "Texas", "75085");
INSERT INTO DATE (Contact_id, Date_type, Date) VALUES (977, "BirthDate", "1985-01-08");
INSERT INTO CONTACT (Contact_id, Fname, Mname, Lname) VALUES (979, "Bryna", "", "Vaskov");
INSERT INTO PHONE (Contact_id, Phone_type, Area_code, Number) VALUES (979, "Work", "509", "509-326-1544");
INSERT INTO PHONE (Contact_id, Phone_type, Area_code, Number) VALUES (979, "Cell", "727", "727-717-8575");
INSERT INTO ADDRESS (Contact_id, Address_type, Address, City, State, Zip) VALUES (979, "Work", "36884 Milwaukee Street", "Dallas", "Texas", "75007");
INSERT INTO DATE (Contact_id, Date_type, Date) VALUES (977, "BirthDate", "1985-01-08");
INSERT INTO CONTACT (Contact_id, Fname, Mname, Lname) VALUES (980, "Brad", "Sallyann", "Clell");
INSERT INTO PHONE (Contact_id, Phone_type, Area_code, Number) VALUES (980, "Work", "885", "885-458-7049");
INSERT INTO PHONE (Contact_id, Phone_type, Area_code, Number) VALUES (980, "Cell", "603", "603-661-8661");
INSERT INTO ADDRESS (Contact_id, Address_type, Address, City, State, Zip) VALUES (980, "Home", "0 Colorado Way", "Richardson", "Texas", "");
INSERT INTO DATE (Contact_id, Date_type, Date) VALUES (980, "BirthDate", "1985-08-15");
INSERT INTO CONTACT (Contact_id, Fname, Mname, Lname) VALUES (981, "Salomi", "", "Stockin");
INSERT INTO PHONE (Contact_id, Phone_type, Area_code, Number) VALUES (981, "Work", "195", "195-829-1027");
INSERT INTO PHONE (Contact_id, Phone_type, Area_code, Number) VALUES (981, "Cell", "584", "584-623-3883");
INSERT INTO ADDRESS (Contact_id, Address_type, Address, City, State, Zip) VALUES (981, "Work", "501 Valley Edge Park", "Richardson", "Texas", "75009");
INSERT INTO DATE (Contact_id, Date_type, Date) VALUES (981, "BirthDate", "1976-03-05");
INSERT INTO CONTACT (Contact_id, Fname, Mname, Lname) VALUES (982, "Der", "", "Scarlan");
INSERT INTO PHONE (Contact_id, Phone_type, Area_code, Number) VALUES (982, "Work", "153", "153-854-4154");
INSERT INTO PHONE (Contact_id, Phone_type, Area_code, Number) VALUES (982, "Cell", "133", "133-729-1440");
INSERT INTO ADDRESS (Contact_id, Address_type, Address, City, State, Zip) VALUES (982, "Home", "0 Annamark Alley", "Allen", "Texas", "75098");
INSERT INTO DATE (Contact_id, Date_type, Date) VALUES (982, "BirthDate", "1978-03-01");
INSERT INTO CONTACT (Contact_id, Fname, Mname, Lname) VALUES (983, "Shannen", "Anna", "Purselow");
INSERT INTO PHONE (Contact_id, Phone_type, Area_code, Number) VALUES (982, "Work", "153", "153-854-4154");
INSERT INTO PHONE (Contact_id, Phone_type, Area_code, Number) VALUES (983, "Cell", "404", "404-917-0949");
INSERT INTO ADDRESS (Contact_id, Address_type, Address, City, State, Zip) VALUES (983, "Home", "5 Coleman Lane", "Dallas", "Texas", "75001");
INSERT INTO DATE (Contact_id, Date_type, Date) VALUES (983, "BirthDate", "1992-05-17");
INSERT INTO CONTACT (Contact_id, Fname, Mname, Lname) VALUES (984, "Lilith", "Alejandro", "Childerhouse");
INSERT INTO PHONE (Contact_id, Phone_type, Area_code, Number) VALUES (984, "Work", "554", "554-290-9935");
INSERT INTO PHONE (Contact_id, Phone_type, Area_code, Number) VALUES (984, "Cell", "559", "559-290-1726");
INSERT INTO ADDRESS (Contact_id, Address_type, Address, City, State, Zip) VALUES (984, "Home", "853 5th Terrace", "Richardson", "Texas", "");
INSERT INTO DATE (Contact_id, Date_type, Date) VALUES (984, "BirthDate", "1983-02-25");
INSERT INTO CONTACT (Contact_id, Fname, Mname, Lname) VALUES (985, "Karita", "Brice", "Risbridge");
INSERT INTO PHONE (Contact_id, Phone_type, Area_code, Number) VALUES (985, "Work", "935", "935-280-2452");
INSERT INTO PHONE (Contact_id, Phone_type, Area_code, Number) VALUES (985, "Cell", "882", "882-789-1124");
INSERT INTO ADDRESS (Contact_id, Address_type, Address, City, State, Zip) VALUES (985, "Work", "2 Elgar Place", "Plano", "Texas", "75006");
INSERT INTO DATE (Contact_id, Date_type, Date) VALUES (985, "BirthDate", "1972-12-10");
INSERT INTO CONTACT (Contact_id, Fname, Mname, Lname) VALUES (986, "Rosaline", "", "Bowker");
INSERT INTO PHONE (Contact_id, Phone_type, Area_code, Number) VALUES (985, "Work", "935", "935-280-2452");
INSERT INTO PHONE (Contact_id, Phone_type, Area_code, Number) VALUES (986, "Cell", "643", "643-101-9733");
INSERT INTO ADDRESS (Contact_id, Address_type, Address, City, State, Zip) VALUES (985, "Work", "2 Elgar Place", "Plano", "Texas", "75006");
INSERT INTO DATE (Contact_id, Date_type, Date) VALUES (986, "BirthDate", "1970-04-02");
INSERT INTO CONTACT (Contact_id, Fname, Mname, Lname) VALUES (987, "Joey", "", "Burt");
INSERT INTO PHONE (Contact_id, Phone_type, Area_code, Number) VALUES (987, "Work", "603", "603-266-1070");
INSERT INTO PHONE (Contact_id, Phone_type, Area_code, Number) VALUES (987, "Cell", "713", "713-594-7295");
INSERT INTO ADDRESS (Contact_id, Address_type, Address, City, State, Zip) VALUES (987, "Work", "161 Katie Drive", "Addison", "Texas", "75009");
INSERT INTO DATE (Contact_id, Date_type, Date) VALUES (987, "BirthDate", "1978-08-17");
INSERT INTO CONTACT (Contact_id, Fname, Mname, Lname) VALUES (988, "Marjory", "", "Holgan");
INSERT INTO PHONE (Contact_id, Phone_type, Area_code, Number) VALUES (988, "Work", "998", "998-707-5639");
INSERT INTO PHONE (Contact_id, Phone_type, Area_code, Number) VALUES (988, "Cell", "984", "984-335-4433");
INSERT INTO ADDRESS (Contact_id, Address_type, Address, City, State, Zip) VALUES (988, "Work", "86 Meadow Vale Park", "Plano", "Texas", "75001");
INSERT INTO DATE (Contact_id, Date_type, Date) VALUES (987, "BirthDate", "1978-08-17");
INSERT INTO CONTACT (Contact_id, Fname, Mname, Lname) VALUES (989, "Adler", "Urban", "Beake");
INSERT INTO PHONE (Contact_id, Phone_type, Area_code, Number) VALUES (988, "Work", "998", "998-707-5639");
INSERT INTO PHONE (Contact_id, Phone_type, Area_code, Number) VALUES (989, "Cell", "916", "916-995-4675");
INSERT INTO ADDRESS (Contact_id, Address_type, Address, City, State, Zip) VALUES (989, "Home", "8 Huxley Junction", "Plano", "Texas", "75029");
INSERT INTO DATE (Contact_id, Date_type, Date) VALUES (987, "BirthDate", "1978-08-17");
INSERT INTO CONTACT (Contact_id, Fname, Mname, Lname) VALUES (990, "Jon", "Danni", "Bolley");
INSERT INTO PHONE (Contact_id, Phone_type, Area_code, Number) VALUES (988, "Work", "998", "998-707-5639");
INSERT INTO PHONE (Contact_id, Phone_type, Area_code, Number) VALUES (990, "Cell", "125", "125-555-5586");
INSERT INTO ADDRESS (Contact_id, Address_type, Address, City, State, Zip) VALUES (990, "Work", "0 Lillian Alley", "Addison", "Texas", "75005");
INSERT INTO DATE (Contact_id, Date_type, Date) VALUES (987, "BirthDate", "1978-08-17");
INSERT INTO CONTACT (Contact_id, Fname, Mname, Lname) VALUES (991, "Shawn", "", "Whetland");
INSERT INTO PHONE (Contact_id, Phone_type, Area_code, Number) VALUES (991, "Work", "569", "569-411-8436");
INSERT INTO PHONE (Contact_id, Phone_type, Area_code, Number) VALUES (991, "Cell", "315", "315-727-4644");
INSERT INTO ADDRESS (Contact_id, Address_type, Address, City, State, Zip) VALUES (991, "Work", "67 Continental Hill", "Dallas", "Texas", "75008");
INSERT INTO DATE (Contact_id, Date_type, Date) VALUES (987, "BirthDate", "1978-08-17");
INSERT INTO CONTACT (Contact_id, Fname, Mname, Lname) VALUES (992, "Rhodie", "Cross", "Stovine");
INSERT INTO PHONE (Contact_id, Phone_type, Area_code, Number) VALUES (992, "Work", "914", "914-785-8696");
INSERT INTO PHONE (Contact_id, Phone_type, Area_code, Number) VALUES (992, "Cell", "630", "630-956-5252");
INSERT INTO ADDRESS (Contact_id, Address_type, Address, City, State, Zip) VALUES (992, "Work", "72701 Morningstar Way", "Dallas", "Texas", "75005");
INSERT INTO DATE (Contact_id, Date_type, Date) VALUES (987, "BirthDate", "1978-08-17");
INSERT INTO CONTACT (Contact_id, Fname, Mname, Lname) VALUES (993, "Raimondo", "", "Hubbard");
INSERT INTO PHONE (Contact_id, Phone_type, Area_code, Number) VALUES (992, "Work", "914", "914-785-8696");
INSERT INTO PHONE (Contact_id, Phone_type, Area_code, Number) VALUES (993, "Cell", "871", "871-510-0110");
INSERT INTO ADDRESS (Contact_id, Address_type, Address, City, State, Zip) VALUES (993, "Home", "51469 Becker Point", "Dallas", "Texas", "75014");
INSERT INTO DATE (Contact_id, Date_type, Date) VALUES (993, "BirthDate", "1989-05-15");
INSERT INTO CONTACT (Contact_id, Fname, Mname, Lname) VALUES (994, "Darcey", "", "Paolazzi");
INSERT INTO PHONE (Contact_id, Phone_type, Area_code, Number) VALUES (994, "Work", "644", "644-184-8850");
INSERT INTO PHONE (Contact_id, Phone_type, Area_code, Number) VALUES (994, "Cell", "281", "281-491-8104");
INSERT INTO ADDRESS (Contact_id, Address_type, Address, City, State, Zip) VALUES (994, "Work", "38 Shoshone Terrace", "Dallas", "Texas", "75006");
INSERT INTO DATE (Contact_id, Date_type, Date) VALUES (994, "BirthDate", "1996-02-05");
INSERT INTO CONTACT (Contact_id, Fname, Mname, Lname) VALUES (995, "Carlos", "Jessy", "Barsam");
INSERT INTO PHONE (Contact_id, Phone_type, Area_code, Number) VALUES (995, "Work", "929", "929-545-6545");
INSERT INTO PHONE (Contact_id, Phone_type, Area_code, Number) VALUES (995, "Cell", "499", "499-711-1417");
INSERT INTO ADDRESS (Contact_id, Address_type, Address, City, State, Zip) VALUES (995, "Home", "0648 Lakewood Street", "Plano", "Texas", "75006");
INSERT INTO DATE (Contact_id, Date_type, Date) VALUES (995, "BirthDate", "1971-07-05");
INSERT INTO CONTACT (Contact_id, Fname, Mname, Lname) VALUES (996, "Zared", "Alan", "Fontell");
INSERT INTO PHONE (Contact_id, Phone_type, Area_code, Number) VALUES (996, "Work", "878", "878-331-9664");
INSERT INTO PHONE (Contact_id, Phone_type, Area_code, Number) VALUES (996, "Cell", "511", "511-907-3315");
INSERT INTO ADDRESS (Contact_id, Address_type, Address, City, State, Zip) VALUES (996, "Work", "46412 Vahlen Park", "Addison", "Texas", "75007");
INSERT INTO DATE (Contact_id, Date_type, Date) VALUES (996, "BirthDate", "1995-12-31");
INSERT INTO CONTACT (Contact_id, Fname, Mname, Lname) VALUES (997, "Janeta", "", "Showers");
INSERT INTO PHONE (Contact_id, Phone_type, Area_code, Number) VALUES (997, "Home", "311", "311-345-4648");
INSERT INTO PHONE (Contact_id, Phone_type, Area_code, Number) VALUES (997, "Cell", "273", "273-728-1271");
INSERT INTO ADDRESS (Contact_id, Address_type, Address, City, State, Zip) VALUES (997, "Work", "3 Pennsylvania Terrace", "Addison", "Texas", "75009");
INSERT INTO DATE (Contact_id, Date_type, Date) VALUES (996, "BirthDate", "1995-12-31");
INSERT INTO CONTACT (Contact_id, Fname, Mname, Lname) VALUES (998, "Carlen", "", "Bickle");
INSERT INTO PHONE (Contact_id, Phone_type, Area_code, Number) VALUES (998, "Work", "266", "266-423-8899");
INSERT INTO PHONE (Contact_id, Phone_type, Area_code, Number) VALUES (998, "Cell", "220", "220-911-1306");
INSERT INTO ADDRESS (Contact_id, Address_type, Address, City, State, Zip) VALUES (998, "Work", "67720 Myrtle Parkway", "Dallas", "Texas", "75005");
INSERT INTO DATE (Contact_id, Date_type, Date) VALUES (998, "BirthDate", "1993-03-07");
INSERT INTO CONTACT (Contact_id, Fname, Mname, Lname) VALUES (999, "Selie", "Susana", "Dahl");
INSERT INTO PHONE (Contact_id, Phone_type, Area_code, Number) VALUES (999, "Work", "290", "290-423-8165");
INSERT INTO PHONE (Contact_id, Phone_type, Area_code, Number) VALUES (999, "Cell", "470", "470-418-2608");
INSERT INTO ADDRESS (Contact_id, Address_type, Address, City, State, Zip) VALUES (999, "Home", "5729 Farragut Plaza", "Dallas", "Texas", "75079");
INSERT INTO DATE (Contact_id, Date_type, Date) VALUES (999, "BirthDate", "1977-08-12");
INSERT INTO CONTACT (Contact_id, Fname, Mname, Lname) VALUES (1000, "Adina", "", "Demougeot");
INSERT INTO PHONE (Contact_id, Phone_type, Area_code, Number) VALUES (1000, "Home", "851", "851-955-4193");
INSERT INTO PHONE (Contact_id, Phone_type, Area_code, Number) VALUES (1000, "Cell", "952", "952-976-4138");
INSERT INTO ADDRESS (Contact_id, Address_type, Address, City, State, Zip) VALUES (1000, "Home", "18201 Novick Circle", "Richardson", "Texas", "75037");
INSERT INTO DATE (Contact_id, Date_type, Date) VALUES (999, "BirthDate", "1977-08-12");
